message,label
Quick call now.,EVENT
Client call tomorrow,EVENT
Reminder to push code.,REMINDER
Townhall next week,EVENT
Okay got it,NO_INTENT
Check the logs,TASK
prod issue call in 10 mins,EVENT
Client call tomorrow.,EVENT
Finish the feature today,TASK
Review the PR,TASK
Need a reminder for demo,REMINDER
let’s sync at 4 today.,EVENT
Okay got it.,NO_INTENT
Tech discussion at 3 PM,EVENT
merge the branch.,TASK
Planning session this evening.,EVENT
Interview moved to Monday,EVENT
Validate API responses,TASK
Remind me about PR review,REMINDER
All good from my side,NO_INTENT
Noted,NO_INTENT
Push the code to main.,TASK
Noted.,NO_INTENT
Interview moved to Monday,EVENT
Set a reminder for standup,REMINDER
Haha okay.,NO_INTENT
Run regression tests,TASK
1:1 with manager today,EVENT
We discussed this earlier,NO_INTENT
Noted,NO_INTENT
Prepare slides for demo,TASK
Please remind me before EOD.,REMINDER
Fix the prod bug.,TASK
haha okay,NO_INTENT
Meeting with QA post lunch,EVENT
Client call tomorrow,EVENT
Noted.,NO_INTENT
Close the ticket,TASK
Looks good to me.,NO_INTENT
1:1 with manager today,EVENT
Looks good to me,NO_INTENT
Meeting with QA post lunch,EVENT
Quick call now,EVENT
Done already.,NO_INTENT
Finish the feature today,TASK
tech discussion at 3 pm,EVENT
please remind me before eod,REMINDER
meeting with qa post lunch.,EVENT
Run regression tests,TASK
Close the ticket,TASK
Prepare slides for demo,TASK
Close the ticket,TASK
Meeting with QA post lunch,EVENT
we discussed this earlier,NO_INTENT
No issues so far,NO_INTENT
meeting with qa post lunch,EVENT
lol that’s funny.,NO_INTENT
Update environment configs,TASK
Sounds good,NO_INTENT
No issues so far,NO_INTENT
Review the PR.,TASK
No issues so far,NO_INTENT
Update environment configs.,TASK
Set reminder for client call.,REMINDER
Prod issue call in 10 mins,EVENT
Tech discussion at 3 PM.,EVENT
Push the code to main.,TASK
Can you remind me later,REMINDER
tech discussion at 3 pm,EVENT
Done already,NO_INTENT
Remind me to check logs.,REMINDER
client call tomorrow.,EVENT
Don’t let me forget the meeting,REMINDER
Yep,NO_INTENT
Quick call now.,EVENT
Sprint planning tomorrow,EVENT
Push the code to main,TASK
Run regression tests,TASK
noted,NO_INTENT
Need reminder for release,REMINDER
Okay got it,NO_INTENT
Don’t let me forget the meeting,REMINDER
Run regression tests,TASK
Update the doc in Confluence,TASK
Remind me to check logs,REMINDER
All good from my side,NO_INTENT
No issues so far,NO_INTENT
set a reminder for standup,REMINDER
close the ticket.,TASK
All good from my side,NO_INTENT
Set a reminder for standup,REMINDER
Deploy to staging,TASK
Set reminder for client call.,REMINDER
Sounds good,NO_INTENT
demo scheduled for friday,EVENT
Remind me to submit timesheet,REMINDER
Set a reminder for standup,REMINDER
Close the ticket.,TASK
Tech discussion at 3 PM.,EVENT
Need reminder for release,REMINDER
We discussed this earlier,NO_INTENT
Client call tomorrow,EVENT
ping me to review pr,REMINDER
Finish the feature today,TASK
Noted,NO_INTENT
Update the doc in Confluence.,TASK
Looks good to me,NO_INTENT
standup at 10am,EVENT
meeting with qa post lunch,EVENT
Don’t let me forget the meeting.,REMINDER
Ping me to review PR,REMINDER
Merge the branch,TASK
I was on leave yesterday,NO_INTENT
Tech discussion at 3 PM.,EVENT
Fix the prod bug,TASK
Demo scheduled for Friday,EVENT
Ping me to review PR,REMINDER
Update environment configs.,TASK
lol that’s funny,NO_INTENT
Review the PR,TASK
Client call tomorrow.,EVENT
planning session this evening,EVENT
okay got it.,NO_INTENT
Sprint planning tomorrow,EVENT
Update the doc in Confluence,TASK
Client call tomorrow,EVENT
Prod issue call in 10 mins.,EVENT
Tech discussion at 3 PM,EVENT
validate api responses,TASK
Yep.,NO_INTENT
Can you remind me later,REMINDER
Validate API responses,TASK
Remind me to check logs,REMINDER
Makes sense.,NO_INTENT
1:1 with manager today,EVENT
Update environment configs,TASK
Daily scrum at 11,EVENT
Update environment configs,TASK
Demo scheduled for Friday.,EVENT
Remind me to update Jira,REMINDER
Check the logs.,TASK
Close the ticket,TASK
Noted,NO_INTENT
Done already,NO_INTENT
Fix the prod bug,TASK
Client call tomorrow,EVENT
Tech discussion at 3 PM,EVENT
Please remind me before EOD,REMINDER
lol that’s funny,NO_INTENT
Demo scheduled for Friday,EVENT
check the logs,TASK
Please remind me before EOD,REMINDER
Looks good to me,NO_INTENT
Standup at 10am,EVENT
Need a reminder for demo.,REMINDER
set a reminder for standup,REMINDER
I was on leave yesterday.,NO_INTENT
Set a reminder for standup,REMINDER
All good from my side,NO_INTENT
Need a reminder for demo.,REMINDER
Fix the prod bug,TASK
Ping me to review PR.,REMINDER
Daily scrum at 11,EVENT
Looks good to me,NO_INTENT
Close the ticket,TASK
quick call now,EVENT
We discussed this earlier.,NO_INTENT
need reminder for release,REMINDER
yep,NO_INTENT
Close the ticket.,TASK
looks good to me.,NO_INTENT
No issues so far,NO_INTENT
Let’s sync at 4 today,EVENT
Done already,NO_INTENT
i was on leave yesterday,NO_INTENT
Raise a Jira ticket.,TASK
Quick call now,EVENT
Finish the feature today,TASK
Remind me to submit timesheet,REMINDER
Meeting with QA post lunch.,EVENT
Close the ticket,TASK
All good from my side,NO_INTENT
merge the branch,TASK
Remind me to submit timesheet.,REMINDER
Release call tonight.,EVENT
Cool.,NO_INTENT
Prepare slides for demo.,TASK
complete the test cases,TASK
Merge the branch.,TASK
Need a reminder for demo,REMINDER
Client call tomorrow,EVENT
Prod issue call in 10 mins,EVENT
Haha okay,NO_INTENT
deploy to staging,TASK
Makes sense.,NO_INTENT
Remind me to submit timesheet,REMINDER
1:1 with manager today.,EVENT
Quick call now.,EVENT
Don’t let me forget the meeting.,REMINDER
Update the doc in Confluence,TASK
fix the prod bug,TASK
Set a reminder for standup.,REMINDER
Run regression tests.,TASK
i was on leave yesterday,NO_INTENT
Ping me to review PR,REMINDER
reminder for sprint retro.,REMINDER
1:1 with manager today,EVENT
sprint planning tomorrow,EVENT
Ping me to review PR,REMINDER
Can you remind me later.,REMINDER
yep,NO_INTENT
planning session this evening.,EVENT
release call tonight,EVENT
Prod issue call in 10 mins.,EVENT
Remind me about PR review,REMINDER
Meeting with QA post lunch,EVENT
Merge the branch,TASK
Can you remind me later,REMINDER
Remind me to update Jira.,REMINDER
release call tonight,EVENT
client call tomorrow,EVENT
Push the code to main,TASK
Cool,NO_INTENT
Client call tomorrow,EVENT
Client call tomorrow,EVENT
remind me to check logs,REMINDER
1:1 with manager today,EVENT
Standup at 10am,EVENT
Reminder to push code,REMINDER
Release call tonight,EVENT
Client call tomorrow.,EVENT
Okay got it,NO_INTENT
Release call tonight,EVENT
Update the doc in Confluence,TASK
Daily scrum at 11,EVENT
Let’s sync at 4 today.,EVENT
Prepare slides for demo,TASK
deploy to staging,TASK
No issues so far,NO_INTENT
Finish the feature today,TASK
done already.,NO_INTENT
Client call tomorrow.,EVENT
Thanks.,NO_INTENT
Prod issue call in 10 mins.,EVENT
Looks good to me,NO_INTENT
Remind me to check logs.,REMINDER
Remind me to deploy after lunch,REMINDER
Interview moved to Monday,EVENT
No issues so far,NO_INTENT
Fix the prod bug,TASK
Yep.,NO_INTENT
Set reminder for client call,REMINDER
ping me to review pr.,REMINDER
cool,NO_INTENT
Remind me to deploy after lunch,REMINDER
quick call now,EVENT
Can you remind me later.,REMINDER
Push the code to main,TASK
Don’t let me forget the meeting.,REMINDER
Remind me about PR review,REMINDER
Done already.,NO_INTENT
Tech discussion at 3 PM.,EVENT
Interview moved to Monday,EVENT
Noted.,NO_INTENT
Run regression tests,TASK
Remind me to update Jira,REMINDER
Need a reminder for demo.,REMINDER
standup at 10am,EVENT
Review the PR.,TASK
release call tonight,EVENT
client call tomorrow,EVENT
Set reminder for client call.,REMINDER
Reminder for sprint retro,REMINDER
Yep,NO_INTENT
all good from my side,NO_INTENT
no issues so far,NO_INTENT
Review the PR,TASK
fix the prod bug,TASK
Daily scrum at 11,EVENT
Client call tomorrow,EVENT
Let’s sync at 4 today.,EVENT
Check the logs,TASK
interview moved to monday,EVENT
Let’s sync at 4 today,EVENT
Reminder for sprint retro,REMINDER
Run regression tests.,TASK
1:1 with manager today,EVENT
Makes sense,NO_INTENT
remind me to submit timesheet,REMINDER
makes sense,NO_INTENT
All good from my side.,NO_INTENT
Deploy to staging.,TASK
Remind me to check logs,REMINDER
quick call now,EVENT
Check the logs,TASK
Remind me to update Jira,REMINDER
all good from my side,NO_INTENT
Interview moved to Monday,EVENT
Remind me to update Jira,REMINDER
Fix the prod bug,TASK
Prod issue call in 10 mins,EVENT
Daily scrum at 11,EVENT
Yep,NO_INTENT
Set reminder for client call.,REMINDER
looks good to me,NO_INTENT
Reminder to push code,REMINDER
set reminder for client call,REMINDER
Makes sense.,NO_INTENT
Close the ticket,TASK
Sounds good,NO_INTENT
meeting with qa post lunch,EVENT
Thanks.,NO_INTENT
let’s sync at 4 today,EVENT
Update environment configs,TASK
Haha okay.,NO_INTENT
Run regression tests,TASK
sprint planning tomorrow,EVENT
Raise a Jira ticket,TASK
We discussed this earlier.,NO_INTENT
Don’t let me forget the meeting,REMINDER
Daily scrum at 11.,EVENT
all good from my side,NO_INTENT
Remind me to deploy after lunch,REMINDER
Quick call now.,EVENT
Remind me to update Jira.,REMINDER
Update the doc in Confluence.,TASK
Update environment configs.,TASK
lol that’s funny,NO_INTENT
Need a reminder for demo,REMINDER
Please remind me before EOD,REMINDER
sounds good,NO_INTENT
1:1 with manager today,EVENT
Townhall next week,EVENT
Can you remind me later.,REMINDER
Need a reminder for demo,REMINDER
planning session this evening,EVENT
I was on leave yesterday,NO_INTENT
Close the ticket,TASK
No issues so far,NO_INTENT
Set reminder for client call.,REMINDER
cool,NO_INTENT
Deploy to staging,TASK
Run regression tests,TASK
Validate API responses,TASK
Review the PR,TASK
Raise a Jira ticket,TASK
Can you remind me later,REMINDER
Noted,NO_INTENT
Planning session this evening.,EVENT
Interview moved to Monday,EVENT
Remind me to check logs,REMINDER
No issues so far.,NO_INTENT
Update the doc in Confluence.,TASK
set a reminder for standup,REMINDER
Raise a Jira ticket,TASK
all good from my side,NO_INTENT
Fix the prod bug.,TASK
we discussed this earlier.,NO_INTENT
Set a reminder for standup,REMINDER
Ping me to review PR,REMINDER
Planning session this evening.,EVENT
Sprint planning tomorrow,EVENT
complete the test cases.,TASK
fix the prod bug.,TASK
daily scrum at 11,EVENT
remind me to deploy after lunch.,REMINDER
Deploy to staging,TASK
Deploy to staging,TASK
Looks good to me,NO_INTENT
Makes sense.,NO_INTENT
Run regression tests,TASK
Finish the feature today,TASK
Remind me to submit timesheet,REMINDER
Prepare slides for demo,TASK
We discussed this earlier,NO_INTENT
Review the PR.,TASK
Quick call now.,EVENT
Fix the prod bug,TASK
Check the logs.,TASK
Cool,NO_INTENT
Sprint planning tomorrow.,EVENT
Close the ticket.,TASK
We discussed this earlier.,NO_INTENT
i was on leave yesterday.,NO_INTENT
done already.,NO_INTENT
Set reminder for client call,REMINDER
Standup at 10am,EVENT
Remind me to submit timesheet.,REMINDER
lol that’s funny,NO_INTENT
Sprint planning tomorrow.,EVENT
Need a reminder for demo,REMINDER
Complete the test cases.,TASK
Need a reminder for demo.,REMINDER
Cool,NO_INTENT
Quick call now,EVENT
Sprint planning tomorrow,EVENT
set reminder for client call,REMINDER
Cool,NO_INTENT
Sprint planning tomorrow.,EVENT
Client call tomorrow,EVENT
haha okay,NO_INTENT
Client call tomorrow,EVENT
Remind me to submit timesheet,REMINDER
lol that’s funny,NO_INTENT
Remind me to deploy after lunch.,REMINDER
I was on leave yesterday.,NO_INTENT
Merge the branch.,TASK
Remind me to update Jira,REMINDER
Thanks,NO_INTENT
lol that’s funny,NO_INTENT
Reminder for sprint retro.,REMINDER
lol that’s funny,NO_INTENT
Remind me to deploy after lunch,REMINDER
Remind me to submit timesheet,REMINDER
Okay got it,NO_INTENT
Set a reminder for standup,REMINDER
Reminder for sprint retro.,REMINDER
Merge the branch,TASK
Quick call now,EVENT
prod issue call in 10 mins,EVENT
Townhall next week.,EVENT
Standup at 10am,EVENT
Deploy to staging,TASK
haha okay,NO_INTENT
Client call tomorrow.,EVENT
Client call tomorrow.,EVENT
standup at 10am,EVENT
Release call tonight,EVENT
1:1 with manager today,EVENT
Sounds good,NO_INTENT
Client call tomorrow,EVENT
1:1 with manager today,EVENT
No issues so far.,NO_INTENT
Haha okay,NO_INTENT
done already,NO_INTENT
Client call tomorrow.,EVENT
1:1 with manager today.,EVENT
Deploy to staging,TASK
I was on leave yesterday,NO_INTENT
Sprint planning tomorrow.,EVENT
deploy to staging.,TASK
lol that’s funny.,NO_INTENT
Meeting with QA post lunch,EVENT
Standup at 10am,EVENT
Prod issue call in 10 mins,EVENT
Close the ticket,TASK
Daily scrum at 11.,EVENT
Remind me to check logs.,REMINDER
Please remind me before EOD,REMINDER
1:1 with manager today.,EVENT
Need reminder for release.,REMINDER
Prepare slides for demo,TASK
demo scheduled for friday.,EVENT
Planning session this evening,EVENT
Daily scrum at 11.,EVENT
need reminder for release.,REMINDER
Makes sense,NO_INTENT
Haha okay,NO_INTENT
Reminder to push code,REMINDER
Looks good to me,NO_INTENT
I was on leave yesterday,NO_INTENT
no issues so far,NO_INTENT
Looks good to me.,NO_INTENT
check the logs.,TASK
quick call now,EVENT
Yep,NO_INTENT
set a reminder for standup,REMINDER
remind me to submit timesheet.,REMINDER
Please remind me before EOD,REMINDER
All good from my side,NO_INTENT
Close the ticket,TASK
Review the PR.,TASK
Push the code to main,TASK
Check the logs,TASK
1:1 with manager today,EVENT
Noted,NO_INTENT
I was on leave yesterday.,NO_INTENT
Okay got it,NO_INTENT
Interview moved to Monday,EVENT
Set a reminder for standup,REMINDER
sounds good.,NO_INTENT
Townhall next week.,EVENT
Remind me to submit timesheet,REMINDER
Townhall next week,EVENT
Don’t let me forget the meeting,REMINDER
yep,NO_INTENT
Tech discussion at 3 PM,EVENT
Remind me to update Jira,REMINDER
sounds good,NO_INTENT
don’t let me forget the meeting,REMINDER
Push the code to main.,TASK
Quick call now,EVENT
Sprint planning tomorrow,EVENT
validate api responses.,TASK
Deploy to staging,TASK
we discussed this earlier,NO_INTENT
Update the doc in Confluence,TASK
Remind me to submit timesheet,REMINDER
Client call tomorrow,EVENT
Makes sense,NO_INTENT
update the doc in confluence.,TASK
Remind me to update Jira,REMINDER
remind me about pr review,REMINDER
Remind me to submit timesheet,REMINDER
Update the doc in Confluence,TASK
Can you remind me later,REMINDER
Standup at 10am.,EVENT
Fix the prod bug,TASK
all good from my side,NO_INTENT
Standup at 10am,EVENT
Validate API responses,TASK
daily scrum at 11.,EVENT
Client call tomorrow,EVENT
Check the logs.,TASK
Done already,NO_INTENT
Noted,NO_INTENT
Sounds good,NO_INTENT
Don’t let me forget the meeting,REMINDER
Planning session this evening,EVENT
Reminder for sprint retro,REMINDER
Remind me to submit timesheet.,REMINDER
Okay got it,NO_INTENT
Can you remind me later,REMINDER
Noted.,NO_INTENT
Client call tomorrow.,EVENT
Daily scrum at 11,EVENT
Remind me to deploy after lunch,REMINDER
Fix the prod bug,TASK
Daily scrum at 11.,EVENT
Prepare slides for demo,TASK
Sprint planning tomorrow,EVENT
We discussed this earlier.,NO_INTENT
Can you remind me later,REMINDER
Remind me to check logs,REMINDER
interview moved to monday,EVENT
Prepare slides for demo,TASK
Close the ticket.,TASK
Prod issue call in 10 mins,EVENT
Can you remind me later,REMINDER
need a reminder for demo,REMINDER
standup at 10am.,EVENT
Remind me to submit timesheet,REMINDER
Check the logs.,TASK
raise a jira ticket,TASK
All good from my side,NO_INTENT
Prod issue call in 10 mins,EVENT
update environment configs,TASK
Ping me to review PR.,REMINDER
Need reminder for release.,REMINDER
Done already.,NO_INTENT
Remind me to deploy after lunch,REMINDER
Set a reminder for standup.,REMINDER
Remind me about PR review,REMINDER
Ping me to review PR.,REMINDER
Run regression tests,TASK
Fix the prod bug.,TASK
can you remind me later,REMINDER
meeting with qa post lunch,EVENT
Update environment configs,TASK
Complete the test cases,TASK
Quick call now.,EVENT
Complete the test cases,TASK
Can you remind me later.,REMINDER
Set a reminder for standup,REMINDER
Update environment configs,TASK
Check the logs,TASK
Raise a Jira ticket,TASK
Can you remind me later.,REMINDER
finish the feature today,TASK
We discussed this earlier,NO_INTENT
Validate API responses,TASK
i was on leave yesterday,NO_INTENT
Set a reminder for standup.,REMINDER
Remind me to update Jira,REMINDER
need a reminder for demo.,REMINDER
Update environment configs,TASK
looks good to me.,NO_INTENT
Let’s sync at 4 today,EVENT
please remind me before eod,REMINDER
Okay got it,NO_INTENT
Let’s sync at 4 today.,EVENT
Let’s sync at 4 today.,EVENT
cool,NO_INTENT
No issues so far,NO_INTENT
demo scheduled for friday,EVENT
prod issue call in 10 mins,EVENT
Remind me to deploy after lunch,REMINDER
Daily scrum at 11,EVENT
Client call tomorrow,EVENT
Interview moved to Monday,EVENT
We discussed this earlier.,NO_INTENT
Update the doc in Confluence,TASK
Townhall next week.,EVENT
meeting with qa post lunch,EVENT
Check the logs,TASK
finish the feature today.,TASK
raise a jira ticket.,TASK
Demo scheduled for Friday.,EVENT
Update environment configs,TASK
Don’t let me forget the meeting,REMINDER
Reminder for sprint retro,REMINDER
can you remind me later,REMINDER
Merge the branch,TASK
Interview moved to Monday,EVENT
Sprint planning tomorrow,EVENT
Sprint planning tomorrow,EVENT
Sprint planning tomorrow.,EVENT
complete the test cases,TASK
Close the ticket,TASK
all good from my side,NO_INTENT
lol that’s funny.,NO_INTENT
Okay got it,NO_INTENT
Client call tomorrow,EVENT
townhall next week,EVENT
We discussed this earlier,NO_INTENT
1:1 with manager today,EVENT
Reminder for sprint retro.,REMINDER
Remind me about PR review,REMINDER
Quick call now,EVENT
sprint planning tomorrow.,EVENT
interview moved to monday,EVENT
Noted.,NO_INTENT
1:1 with manager today,EVENT
Okay got it,NO_INTENT
let’s sync at 4 today.,EVENT
Run regression tests,TASK
Set a reminder for standup.,REMINDER
Reminder for sprint retro,REMINDER
Let’s sync at 4 today.,EVENT
Remind me about PR review,REMINDER
Planning session this evening.,EVENT
haha okay,NO_INTENT
Townhall next week.,EVENT
All good from my side.,NO_INTENT
need reminder for release.,REMINDER
Set reminder for client call,REMINDER
Check the logs,TASK
Complete the test cases,TASK
Townhall next week.,EVENT
Check the logs,TASK
Standup at 10am.,EVENT
Townhall next week,EVENT
Daily scrum at 11,EVENT
Looks good to me.,NO_INTENT
all good from my side,NO_INTENT
Can you remind me later,REMINDER
Need reminder for release,REMINDER
Makes sense,NO_INTENT
Let’s sync at 4 today,EVENT
complete the test cases,TASK
Remind me to deploy after lunch.,REMINDER
Meeting with QA post lunch,EVENT
Demo scheduled for Friday,EVENT
Reminder to push code,REMINDER
Haha okay,NO_INTENT
Need reminder for release.,REMINDER
Cool,NO_INTENT
Need a reminder for demo,REMINDER
Demo scheduled for Friday,EVENT
set a reminder for standup.,REMINDER
cool,NO_INTENT
Release call tonight,EVENT
Planning session this evening.,EVENT
remind me to submit timesheet,REMINDER
don’t let me forget the meeting,REMINDER
No issues so far,NO_INTENT
deploy to staging,TASK
Need reminder for release,REMINDER
we discussed this earlier.,NO_INTENT
Need reminder for release.,REMINDER
Meeting with QA post lunch,EVENT
Fix the prod bug.,TASK
All good from my side.,NO_INTENT
client call tomorrow,EVENT
Remind me to submit timesheet,REMINDER
Set a reminder for standup,REMINDER
Finish the feature today,TASK
All good from my side.,NO_INTENT
Please remind me before EOD.,REMINDER
Demo scheduled for Friday,EVENT
Cool,NO_INTENT
Reminder to push code,REMINDER
Prepare slides for demo,TASK
Remind me to submit timesheet,REMINDER
Meeting with QA post lunch,EVENT
Review the PR,TASK
Remind me to check logs,REMINDER
Looks good to me,NO_INTENT
Ping me to review PR.,REMINDER
Remind me to update Jira.,REMINDER
need reminder for release.,REMINDER
Townhall next week,EVENT
Prod issue call in 10 mins,EVENT
Quick call now.,EVENT
lol that’s funny.,NO_INTENT
Fix the prod bug,TASK
Close the ticket,TASK
Cool,NO_INTENT
Need reminder for release.,REMINDER
We discussed this earlier,NO_INTENT
Quick call now.,EVENT
set a reminder for standup,REMINDER
Set reminder for client call,REMINDER
Demo scheduled for Friday,EVENT
Set reminder for client call.,REMINDER
lol that’s funny,NO_INTENT
Remind me about PR review.,REMINDER
Planning session this evening,EVENT
Prepare slides for demo,TASK
Remind me to check logs,REMINDER
No issues so far,NO_INTENT
Validate API responses,TASK
Sprint planning tomorrow,EVENT
sounds good,NO_INTENT
All good from my side,NO_INTENT
Sounds good,NO_INTENT
Complete the test cases,TASK
Complete the test cases,TASK
Daily scrum at 11,EVENT
1:1 with manager today,EVENT
Cool,NO_INTENT
Yep,NO_INTENT
thanks.,NO_INTENT
Townhall next week.,EVENT
Tech discussion at 3 PM,EVENT
Okay got it,NO_INTENT
Demo scheduled for Friday.,EVENT
Ping me to review PR,REMINDER
Can you remind me later,REMINDER
Ping me to review PR.,REMINDER
Can you remind me later.,REMINDER
Quick call now.,EVENT
Deploy to staging,TASK
Let’s sync at 4 today.,EVENT
Noted.,NO_INTENT
Remind me to update Jira,REMINDER
No issues so far,NO_INTENT
Done already,NO_INTENT
Sprint planning tomorrow,EVENT
Close the ticket,TASK
prepare slides for demo.,TASK
raise a jira ticket,TASK
Don’t let me forget the meeting,REMINDER
Meeting with QA post lunch,EVENT
don’t let me forget the meeting.,REMINDER
Fix the prod bug.,TASK
Release call tonight,EVENT
sounds good.,NO_INTENT
Prepare slides for demo,TASK
Remind me to check logs,REMINDER
Okay got it.,NO_INTENT
Set a reminder for standup,REMINDER
Makes sense,NO_INTENT
Reminder to push code,REMINDER
Push the code to main,TASK
Remind me to submit timesheet,REMINDER
Update environment configs,TASK
Thanks,NO_INTENT
Complete the test cases,TASK
We discussed this earlier.,NO_INTENT
Push the code to main.,TASK
I was on leave yesterday.,NO_INTENT
Update environment configs,TASK
Raise a Jira ticket.,TASK
Looks good to me,NO_INTENT
Demo scheduled for Friday,EVENT
Update environment configs,TASK
No issues so far,NO_INTENT
looks good to me,NO_INTENT
Need a reminder for demo,REMINDER
Okay got it.,NO_INTENT
client call tomorrow,EVENT
yep,NO_INTENT
Demo scheduled for Friday.,EVENT
Set a reminder for standup,REMINDER
Demo scheduled for Friday,EVENT
set reminder for client call,REMINDER
lol that’s funny,NO_INTENT
remind me to update jira,REMINDER
Please remind me before EOD.,REMINDER
Done already,NO_INTENT
Can you remind me later,REMINDER
Merge the branch,TASK
Okay got it.,NO_INTENT
Haha okay,NO_INTENT
Townhall next week,EVENT
Thanks,NO_INTENT
need a reminder for demo,REMINDER
Run regression tests.,TASK
Remind me to check logs,REMINDER
lol that’s funny.,NO_INTENT
I was on leave yesterday,NO_INTENT
Demo scheduled for Friday,EVENT
remind me to check logs,REMINDER
Yep,NO_INTENT
Remind me to deploy after lunch,REMINDER
Don’t let me forget the meeting,REMINDER
we discussed this earlier,NO_INTENT
lol that’s funny,NO_INTENT
Remind me to submit timesheet,REMINDER
Client call tomorrow,EVENT
Need reminder for release.,REMINDER
Quick call now,EVENT
Demo scheduled for Friday,EVENT
Complete the test cases,TASK
Close the ticket,TASK
I was on leave yesterday,NO_INTENT
Standup at 10am.,EVENT
Validate API responses,TASK
Need a reminder for demo,REMINDER
Quick call now,EVENT
Townhall next week,EVENT
Raise a Jira ticket,TASK
Reminder for sprint retro,REMINDER
Fix the prod bug,TASK
Meeting with QA post lunch,EVENT
lol that’s funny,NO_INTENT
Client call tomorrow,EVENT
Yep,NO_INTENT
prod issue call in 10 mins.,EVENT
Client call tomorrow.,EVENT
Complete the test cases,TASK
Demo scheduled for Friday.,EVENT
Can you remind me later.,REMINDER
Update environment configs,TASK
Validate API responses,TASK
Remind me to check logs,REMINDER
haha okay,NO_INTENT
Finish the feature today.,TASK
done already,NO_INTENT
Remind me to deploy after lunch,REMINDER
Release call tonight,EVENT
Ping me to review PR,REMINDER
lol that’s funny,NO_INTENT
Tech discussion at 3 PM,EVENT
remind me about pr review,REMINDER
Fix the prod bug,TASK
Looks good to me,NO_INTENT
update environment configs.,TASK
Remind me to update Jira.,REMINDER
Need reminder for release,REMINDER
Need a reminder for demo,REMINDER
Demo scheduled for Friday,EVENT
Let’s sync at 4 today,EVENT
Can you remind me later,REMINDER
We discussed this earlier,NO_INTENT
Daily scrum at 11,EVENT
Remind me to submit timesheet,REMINDER
Update environment configs,TASK
Deploy to staging.,TASK
Yep,NO_INTENT
Release call tonight,EVENT
Set a reminder for standup,REMINDER
Close the ticket,TASK
Haha okay,NO_INTENT
release call tonight,EVENT
Tech discussion at 3 PM,EVENT
Set a reminder for standup,REMINDER
Check the logs,TASK
Review the PR.,TASK
Remind me to check logs.,REMINDER
remind me to submit timesheet,REMINDER
cool.,NO_INTENT
Update the doc in Confluence,TASK
Standup at 10am.,EVENT
Prod issue call in 10 mins.,EVENT
Merge the branch.,TASK
Remind me to update Jira,REMINDER
Finish the feature today,TASK
merge the branch,TASK
Planning session this evening,EVENT
All good from my side,NO_INTENT
lol that’s funny,NO_INTENT
Tech discussion at 3 PM.,EVENT
1:1 with manager today.,EVENT
remind me about pr review,REMINDER
Set reminder for client call,REMINDER
Run regression tests,TASK
Remind me to deploy after lunch,REMINDER
Validate API responses,TASK
Quick call now,EVENT
Haha okay.,NO_INTENT
finish the feature today,TASK
sprint planning tomorrow,EVENT
client call tomorrow,EVENT
Client call tomorrow,EVENT
Need reminder for release,REMINDER
Quick call now.,EVENT
tech discussion at 3 pm,EVENT
Yep,NO_INTENT
Remind me to check logs,REMINDER
Push the code to main.,TASK
daily scrum at 11.,EVENT
Remind me to check logs.,REMINDER
I was on leave yesterday.,NO_INTENT
Thanks.,NO_INTENT
review the pr,TASK
lol that’s funny,NO_INTENT
need a reminder for demo,REMINDER
Deploy to staging,TASK
Standup at 10am,EVENT
Daily scrum at 11.,EVENT
Sounds good.,NO_INTENT
Need a reminder for demo,REMINDER
Yep,NO_INTENT
Makes sense.,NO_INTENT
Let’s sync at 4 today,EVENT
Set a reminder for standup,REMINDER
Raise a Jira ticket.,TASK
Remind me about PR review,REMINDER
Merge the branch,TASK
done already.,NO_INTENT
Set reminder for client call,REMINDER
validate api responses,TASK
Looks good to me,NO_INTENT
Interview moved to Monday,EVENT
Fix the prod bug.,TASK
Okay got it,NO_INTENT
i was on leave yesterday,NO_INTENT
reminder to push code,REMINDER
Interview moved to Monday,EVENT
Yep,NO_INTENT
Push the code to main.,TASK
Remind me to submit timesheet,REMINDER
Validate API responses,TASK
We discussed this earlier,NO_INTENT
No issues so far.,NO_INTENT
1:1 with manager today.,EVENT
Ping me to review PR,REMINDER
Looks good to me.,NO_INTENT
reminder to push code,REMINDER
Review the PR,TASK
1:1 with manager today,EVENT
Please remind me before EOD,REMINDER
Don’t let me forget the meeting,REMINDER
set a reminder for standup,REMINDER
Townhall next week,EVENT
demo scheduled for friday,EVENT
Makes sense.,NO_INTENT
Reminder for sprint retro.,REMINDER
Need reminder for release,REMINDER
Merge the branch,TASK
looks good to me,NO_INTENT
Set a reminder for standup,REMINDER
Reminder to push code.,REMINDER
Remind me to update Jira,REMINDER
close the ticket,TASK
we discussed this earlier,NO_INTENT
We discussed this earlier.,NO_INTENT
Noted,NO_INTENT
1:1 with manager today,EVENT
validate api responses.,TASK
Cool.,NO_INTENT
Merge the branch,TASK
done already.,NO_INTENT
Noted,NO_INTENT
Merge the branch,TASK
Yep.,NO_INTENT
finish the feature today,TASK
Remind me about PR review,REMINDER
quick call now,EVENT
We discussed this earlier,NO_INTENT
All good from my side,NO_INTENT
Deploy to staging,TASK
can you remind me later,REMINDER
1:1 with manager today,EVENT
Push the code to main.,TASK
Daily scrum at 11,EVENT
Finish the feature today,TASK
I was on leave yesterday,NO_INTENT
Yep,NO_INTENT
Don’t let me forget the meeting,REMINDER
quick call now,EVENT
Reminder to push code.,REMINDER
Looks good to me.,NO_INTENT
Check the logs.,TASK
Remind me to check logs,REMINDER
don’t let me forget the meeting,REMINDER
Ping me to review PR,REMINDER
All good from my side.,NO_INTENT
Tech discussion at 3 PM.,EVENT
Okay got it.,NO_INTENT
Standup at 10am,EVENT
Client call tomorrow.,EVENT
Looks good to me,NO_INTENT
Sounds good,NO_INTENT
cool,NO_INTENT
Set reminder for client call.,REMINDER
Cool,NO_INTENT
Remind me to deploy after lunch.,REMINDER
Meeting with QA post lunch,EVENT
Remind me to deploy after lunch,REMINDER
Remind me to submit timesheet.,REMINDER
Complete the test cases,TASK
Validate API responses.,TASK
lol that’s funny.,NO_INTENT
Daily scrum at 11.,EVENT
Can you remind me later,REMINDER
I was on leave yesterday,NO_INTENT
Fix the prod bug,TASK
Client call tomorrow,EVENT
Noted,NO_INTENT
Interview moved to Monday,EVENT
Prepare slides for demo.,TASK
Okay got it.,NO_INTENT
Can you remind me later,REMINDER
Merge the branch.,TASK
Remind me to update Jira.,REMINDER
Reminder to push code,REMINDER
Reminder for sprint retro,REMINDER
1:1 with manager today,EVENT
standup at 10am,EVENT
1:1 with manager today,EVENT
Sounds good,NO_INTENT
quick call now,EVENT
lol that’s funny,NO_INTENT
Done already,NO_INTENT
Planning session this evening,EVENT
Sounds good.,NO_INTENT
I was on leave yesterday,NO_INTENT
Review the PR,TASK
Raise a Jira ticket.,TASK
Ping me to review PR,REMINDER
Remind me to deploy after lunch,REMINDER
don’t let me forget the meeting.,REMINDER
Remind me to submit timesheet,REMINDER
Can you remind me later,REMINDER
meeting with qa post lunch,EVENT
Makes sense.,NO_INTENT
Review the PR,TASK
Quick call now,EVENT
set reminder for client call,REMINDER
Tech discussion at 3 PM,EVENT
Remind me to update Jira.,REMINDER
Interview moved to Monday.,EVENT
Remind me to update Jira.,REMINDER
Townhall next week,EVENT
Looks good to me,NO_INTENT
Update the doc in Confluence,TASK
1:1 with manager today.,EVENT
thanks,NO_INTENT
Update environment configs,TASK
Deploy to staging,TASK
Cool,NO_INTENT
All good from my side,NO_INTENT
Raise a Jira ticket,TASK
Update environment configs.,TASK
Reminder to push code.,REMINDER
Review the PR,TASK
i was on leave yesterday,NO_INTENT
release call tonight.,EVENT
Merge the branch,TASK
Please remind me before EOD,REMINDER
Update the doc in Confluence,TASK
Prepare slides for demo,TASK
let’s sync at 4 today.,EVENT
Please remind me before EOD,REMINDER
remind me to deploy after lunch,REMINDER
All good from my side,NO_INTENT
Review the PR.,TASK
Update environment configs,TASK
Please remind me before EOD,REMINDER
Demo scheduled for Friday,EVENT
Client call tomorrow,EVENT
Interview moved to Monday,EVENT
No issues so far,NO_INTENT
All good from my side,NO_INTENT
Okay got it.,NO_INTENT
looks good to me,NO_INTENT
Finish the feature today,TASK
Merge the branch,TASK
Can you remind me later,REMINDER
No issues so far.,NO_INTENT
Thanks.,NO_INTENT
Validate API responses,TASK
Remind me to submit timesheet,REMINDER
Finish the feature today,TASK
complete the test cases,TASK
Need reminder for release,REMINDER
Okay got it,NO_INTENT
push the code to main,TASK
Sprint planning tomorrow,EVENT
Remind me about PR review.,REMINDER
Reminder to push code.,REMINDER
Need a reminder for demo.,REMINDER
All good from my side.,NO_INTENT
Noted.,NO_INTENT
Meeting with QA post lunch,EVENT
Prepare slides for demo,TASK
Update environment configs.,TASK
Fix the prod bug,TASK
Merge the branch,TASK
run regression tests,TASK
Sprint planning tomorrow,EVENT
deploy to staging.,TASK
run regression tests,TASK
I was on leave yesterday.,NO_INTENT
I was on leave yesterday,NO_INTENT
Sprint planning tomorrow.,EVENT
Can you remind me later,REMINDER
Set reminder for client call,REMINDER
Validate API responses,TASK
Noted,NO_INTENT
check the logs.,TASK
All good from my side,NO_INTENT
Update the doc in Confluence,TASK
Release call tonight,EVENT
looks good to me,NO_INTENT
Update the doc in Confluence,TASK
Quick call now,EVENT
Need reminder for release,REMINDER
All good from my side.,NO_INTENT
Update the doc in Confluence,TASK
Makes sense,NO_INTENT
Reminder for sprint retro,REMINDER
Yep,NO_INTENT
Thanks,NO_INTENT
need reminder for release,REMINDER
no issues so far.,NO_INTENT
Remind me to update Jira,REMINDER
No issues so far,NO_INTENT
Prepare slides for demo.,TASK
validate api responses.,TASK
push the code to main.,TASK
Client call tomorrow,EVENT
Prod issue call in 10 mins,EVENT
Update environment configs,TASK
Interview moved to Monday,EVENT
Deploy to staging,TASK
Finish the feature today,TASK
Standup at 10am,EVENT
Yep,NO_INTENT
Yep,NO_INTENT
Interview moved to Monday.,EVENT
makes sense,NO_INTENT
Remind me to submit timesheet,REMINDER
Let’s sync at 4 today,EVENT
Set reminder for client call,REMINDER
meeting with qa post lunch.,EVENT
sounds good,NO_INTENT
Ping me to review PR,REMINDER
Daily scrum at 11,EVENT
Done already,NO_INTENT
Prepare slides for demo.,TASK
Merge the branch.,TASK
deploy to staging,TASK
Makes sense,NO_INTENT
Update environment configs,TASK
All good from my side,NO_INTENT
Run regression tests,TASK
Yep,NO_INTENT
Remind me about PR review.,REMINDER
Daily scrum at 11,EVENT
I was on leave yesterday.,NO_INTENT
No issues so far,NO_INTENT
Update the doc in Confluence.,TASK
all good from my side.,NO_INTENT
Done already,NO_INTENT
need reminder for release,REMINDER
Don’t let me forget the meeting,REMINDER
Merge the branch,TASK
1:1 with manager today.,EVENT
cool,NO_INTENT
Thanks,NO_INTENT
Thanks.,NO_INTENT
all good from my side.,NO_INTENT
Tech discussion at 3 PM,EVENT
ping me to review pr,REMINDER
Validate API responses,TASK
Thanks.,NO_INTENT
lol that’s funny,NO_INTENT
Reminder for sprint retro,REMINDER
Remind me to update Jira.,REMINDER
Set a reminder for standup,REMINDER
Need reminder for release,REMINDER
lol that’s funny.,NO_INTENT
Don’t let me forget the meeting.,REMINDER
I was on leave yesterday,NO_INTENT
Done already,NO_INTENT
please remind me before eod.,REMINDER
Please remind me before EOD.,REMINDER
Check the logs,TASK
Release call tonight.,EVENT
Validate API responses,TASK
Fix the prod bug,TASK
daily scrum at 11,EVENT
Okay got it,NO_INTENT
Set reminder for client call,REMINDER
client call tomorrow,EVENT
Complete the test cases,TASK
done already,NO_INTENT
check the logs,TASK
Cool.,NO_INTENT
Okay got it.,NO_INTENT
Interview moved to Monday,EVENT
Don’t let me forget the meeting,REMINDER
Sprint planning tomorrow.,EVENT
Update environment configs,TASK
Meeting with QA post lunch,EVENT
Remind me to deploy after lunch,REMINDER
looks good to me,NO_INTENT
Prepare slides for demo.,TASK
Remind me to update Jira,REMINDER
Planning session this evening,EVENT
Client call tomorrow,EVENT
Need reminder for release.,REMINDER
Remind me to submit timesheet,REMINDER
Meeting with QA post lunch,EVENT
Meeting with QA post lunch,EVENT
Noted,NO_INTENT
I was on leave yesterday.,NO_INTENT
Remind me to update Jira,REMINDER
Set a reminder for standup,REMINDER
Done already,NO_INTENT
Quick call now,EVENT
Remind me to deploy after lunch,REMINDER
Ping me to review PR.,REMINDER
I was on leave yesterday,NO_INTENT
Remind me about PR review,REMINDER
Close the ticket.,TASK
Deploy to staging.,TASK
prod issue call in 10 mins,EVENT
Haha okay,NO_INTENT
haha okay.,NO_INTENT
Makes sense,NO_INTENT
Don’t let me forget the meeting,REMINDER
Fix the prod bug.,TASK
please remind me before eod,REMINDER
Merge the branch,TASK
meeting with qa post lunch,EVENT
we discussed this earlier,NO_INTENT
Ping me to review PR,REMINDER
Demo scheduled for Friday,EVENT
Okay got it.,NO_INTENT
Tech discussion at 3 PM.,EVENT
remind me to submit timesheet,REMINDER
Reminder to push code,REMINDER
all good from my side,NO_INTENT
Noted,NO_INTENT
Reminder for sprint retro,REMINDER
townhall next week,EVENT
close the ticket.,TASK
Remind me to submit timesheet,REMINDER
Daily scrum at 11,EVENT
Noted,NO_INTENT
Remind me to submit timesheet,REMINDER
set reminder for client call,REMINDER
Validate API responses,TASK
meeting with qa post lunch,EVENT
merge the branch.,TASK
remind me to deploy after lunch.,REMINDER
Need a reminder for demo,REMINDER
Okay got it.,NO_INTENT
Interview moved to Monday,EVENT
Townhall next week.,EVENT
Remind me to submit timesheet,REMINDER
Need a reminder for demo,REMINDER
Update the doc in Confluence.,TASK
Can you remind me later,REMINDER
meeting with qa post lunch.,EVENT
Noted.,NO_INTENT
Interview moved to Monday.,EVENT
Cool,NO_INTENT
Update the doc in Confluence.,TASK
Remind me to deploy after lunch.,REMINDER
Okay got it,NO_INTENT
Close the ticket,TASK
Looks good to me,NO_INTENT
Remind me to update Jira,REMINDER
Okay got it,NO_INTENT
Complete the test cases,TASK
Sounds good,NO_INTENT
Standup at 10am.,EVENT
Townhall next week.,EVENT
Meeting with QA post lunch,EVENT
Demo scheduled for Friday,EVENT
Close the ticket,TASK
Yep,NO_INTENT
Client call tomorrow.,EVENT
We discussed this earlier.,NO_INTENT
Run regression tests,TASK
All good from my side.,NO_INTENT
Remind me to check logs,REMINDER
i was on leave yesterday,NO_INTENT
check the logs,TASK
Planning session this evening.,EVENT
Tech discussion at 3 PM.,EVENT
Raise a Jira ticket,TASK
Demo scheduled for Friday,EVENT
Meeting with QA post lunch,EVENT
Please remind me before EOD.,REMINDER
Remind me to deploy after lunch,REMINDER
Remind me to submit timesheet,REMINDER
Please remind me before EOD,REMINDER
Sprint planning tomorrow.,EVENT
All good from my side.,NO_INTENT
Run regression tests.,TASK
Validate API responses,TASK
townhall next week,EVENT
Planning session this evening.,EVENT
Planning session this evening.,EVENT
Planning session this evening.,EVENT
Please remind me before EOD.,REMINDER
Validate API responses,TASK
Need reminder for release,REMINDER
1:1 with manager today,EVENT
Complete the test cases,TASK
Client call tomorrow.,EVENT
makes sense,NO_INTENT
Demo scheduled for Friday,EVENT
Update environment configs,TASK
Let’s sync at 4 today,EVENT
We discussed this earlier,NO_INTENT
meeting with qa post lunch.,EVENT
Remind me to deploy after lunch,REMINDER
Push the code to main,TASK
Looks good to me,NO_INTENT
Makes sense,NO_INTENT
validate api responses,TASK
Townhall next week.,EVENT
close the ticket.,TASK
Yep,NO_INTENT
Remind me to check logs,REMINDER
Need a reminder for demo,REMINDER
Tech discussion at 3 PM.,EVENT
1:1 with manager today.,EVENT
Remind me about PR review,REMINDER
Set a reminder for standup,REMINDER
Set reminder for client call.,REMINDER
Makes sense,NO_INTENT
Client call tomorrow,EVENT
Prepare slides for demo.,TASK
Thanks,NO_INTENT
Noted,NO_INTENT
Ping me to review PR,REMINDER
set a reminder for standup,REMINDER
Push the code to main,TASK
No issues so far.,NO_INTENT
Release call tonight.,EVENT
don’t let me forget the meeting,REMINDER
Okay got it,NO_INTENT
Okay got it,NO_INTENT
Don’t let me forget the meeting.,REMINDER
Validate API responses.,TASK
Meeting with QA post lunch,EVENT
Reminder for sprint retro.,REMINDER
Push the code to main,TASK
cool.,NO_INTENT
All good from my side,NO_INTENT
noted,NO_INTENT
Prod issue call in 10 mins.,EVENT
Quick call now,EVENT
Finish the feature today.,TASK
Makes sense,NO_INTENT
Validate API responses,TASK
Review the PR,TASK
No issues so far,NO_INTENT
Deploy to staging,TASK
Merge the branch,TASK
Townhall next week,EVENT
lol that’s funny.,NO_INTENT
Don’t let me forget the meeting.,REMINDER
remind me to update jira.,REMINDER
Standup at 10am,EVENT
deploy to staging.,TASK
finish the feature today.,TASK
Tech discussion at 3 PM,EVENT
Remind me to check logs.,REMINDER
Interview moved to Monday.,EVENT
Push the code to main,TASK
Prepare slides for demo,TASK
i was on leave yesterday,NO_INTENT
Remind me to update Jira,REMINDER
Need reminder for release.,REMINDER
Deploy to staging,TASK
Complete the test cases.,TASK
Update environment configs,TASK
Prod issue call in 10 mins,EVENT
Cool,NO_INTENT
Remind me to deploy after lunch,REMINDER
Fix the prod bug.,TASK
1:1 with manager today,EVENT
Finish the feature today,TASK
Prod issue call in 10 mins,EVENT
daily scrum at 11,EVENT
Raise a Jira ticket,TASK
Makes sense,NO_INTENT
prepare slides for demo,TASK
Remind me about PR review.,REMINDER
release call tonight,EVENT
Push the code to main,TASK
1:1 with manager today.,EVENT
Ping me to review PR.,REMINDER
Need a reminder for demo.,REMINDER
Fix the prod bug,TASK
Reminder to push code,REMINDER
Haha okay.,NO_INTENT
haha okay,NO_INTENT
Planning session this evening.,EVENT
daily scrum at 11,EVENT
Fix the prod bug.,TASK
Update environment configs.,TASK
We discussed this earlier,NO_INTENT
Please remind me before EOD.,REMINDER
Update environment configs.,TASK
haha okay,NO_INTENT
Looks good to me,NO_INTENT
1:1 with manager today,EVENT
Interview moved to Monday,EVENT
Check the logs,TASK
meeting with qa post lunch,EVENT
Sounds good,NO_INTENT
Prod issue call in 10 mins.,EVENT
fix the prod bug,TASK
Need a reminder for demo,REMINDER
Okay got it,NO_INTENT
Remind me to submit timesheet,REMINDER
Demo scheduled for Friday.,EVENT
Remind me to deploy after lunch.,REMINDER
Push the code to main,TASK
set a reminder for standup,REMINDER
Daily scrum at 11.,EVENT
Fix the prod bug,TASK
Townhall next week,EVENT
Can you remind me later.,REMINDER
We discussed this earlier,NO_INTENT
Finish the feature today.,TASK
Haha okay.,NO_INTENT
Thanks.,NO_INTENT
Yep,NO_INTENT
Update environment configs.,TASK
Set reminder for client call,REMINDER
Prod issue call in 10 mins.,EVENT
planning session this evening,EVENT
Quick call now.,EVENT
Let’s sync at 4 today,EVENT
Check the logs.,TASK
Remind me to submit timesheet,REMINDER
Looks good to me,NO_INTENT
update the doc in confluence.,TASK
prod issue call in 10 mins,EVENT
all good from my side,NO_INTENT
Remind me about PR review.,REMINDER
Need a reminder for demo.,REMINDER
Makes sense,NO_INTENT
We discussed this earlier.,NO_INTENT
Planning session this evening,EVENT
Client call tomorrow,EVENT
Demo scheduled for Friday,EVENT
Validate API responses,TASK
looks good to me,NO_INTENT
Complete the test cases,TASK
Meeting with QA post lunch,EVENT
lol that’s funny,NO_INTENT
Townhall next week,EVENT
Complete the test cases.,TASK
cool,NO_INTENT
prod issue call in 10 mins,EVENT
Meeting with QA post lunch.,EVENT
complete the test cases,TASK
deploy to staging,TASK
lol that’s funny.,NO_INTENT
Need reminder for release,REMINDER
Cool.,NO_INTENT
1:1 with manager today,EVENT
Set reminder for client call,REMINDER
Raise a Jira ticket,TASK
Review the PR,TASK
let’s sync at 4 today,EVENT
I was on leave yesterday.,NO_INTENT
Check the logs,TASK
Push the code to main,TASK
we discussed this earlier,NO_INTENT
Let’s sync at 4 today,EVENT
Makes sense.,NO_INTENT
don’t let me forget the meeting.,REMINDER
Planning session this evening,EVENT
Noted,NO_INTENT
Update environment configs.,TASK
Push the code to main,TASK
Remind me to check logs.,REMINDER
Complete the test cases,TASK
Meeting with QA post lunch,EVENT
Complete the test cases,TASK
Set a reminder for standup,REMINDER
Looks good to me,NO_INTENT
Complete the test cases.,TASK
Prod issue call in 10 mins,EVENT
Haha okay,NO_INTENT
Sounds good,NO_INTENT
Push the code to main,TASK
Makes sense.,NO_INTENT
push the code to main,TASK
Remind me about PR review,REMINDER
Sprint planning tomorrow,EVENT
Can you remind me later.,REMINDER
Makes sense,NO_INTENT
Remind me to check logs,REMINDER
Townhall next week,EVENT
I was on leave yesterday.,NO_INTENT
Need reminder for release,REMINDER
Push the code to main,TASK
Remind me about PR review,REMINDER
push the code to main.,TASK
Tech discussion at 3 PM,EVENT
1:1 with manager today,EVENT
Standup at 10am,EVENT
Let’s sync at 4 today,EVENT
Please remind me before EOD.,REMINDER
Interview moved to Monday.,EVENT
Don’t let me forget the meeting.,REMINDER
Sprint planning tomorrow,EVENT
Prod issue call in 10 mins,EVENT
Raise a Jira ticket.,TASK
Raise a Jira ticket,TASK
Check the logs.,TASK
Daily scrum at 11,EVENT
Townhall next week.,EVENT
Release call tonight,EVENT
daily scrum at 11.,EVENT
Review the PR.,TASK
Release call tonight.,EVENT
Fix the prod bug,TASK
Don’t let me forget the meeting,REMINDER
Sounds good,NO_INTENT
Done already,NO_INTENT
Finish the feature today,TASK
Remind me to submit timesheet.,REMINDER
Prepare slides for demo,TASK
Remind me to deploy after lunch,REMINDER
Let’s sync at 4 today,EVENT
Haha okay,NO_INTENT
Close the ticket.,TASK
Can you remind me later,REMINDER
tech discussion at 3 pm,EVENT
need reminder for release.,REMINDER
Release call tonight,EVENT
Complete the test cases,TASK
review the pr,TASK
Noted,NO_INTENT
Run regression tests.,TASK
check the logs,TASK
Client call tomorrow.,EVENT
Okay got it.,NO_INTENT
lol that’s funny,NO_INTENT
Ping me to review PR,REMINDER
Prod issue call in 10 mins,EVENT
reminder to push code,REMINDER
Sprint planning tomorrow.,EVENT
Fix the prod bug,TASK
townhall next week,EVENT
update environment configs.,TASK
Meeting with QA post lunch,EVENT
Remind me to deploy after lunch,REMINDER
Client call tomorrow.,EVENT
remind me to deploy after lunch.,REMINDER
Update the doc in Confluence,TASK
Validate API responses.,TASK
Set a reminder for standup.,REMINDER
ping me to review pr.,REMINDER
lol that’s funny.,NO_INTENT
Reminder for sprint retro,REMINDER
Sprint planning tomorrow,EVENT
lol that’s funny.,NO_INTENT
Set reminder for client call,REMINDER
Run regression tests,TASK
yep.,NO_INTENT
Need reminder for release,REMINDER
All good from my side.,NO_INTENT
Finish the feature today,TASK
Need reminder for release,REMINDER
haha okay.,NO_INTENT
interview moved to monday.,EVENT
Quick call now,EVENT
don’t let me forget the meeting,REMINDER
don’t let me forget the meeting.,REMINDER
Client call tomorrow,EVENT
No issues so far,NO_INTENT
Quick call now,EVENT
finish the feature today,TASK
set a reminder for standup,REMINDER
Please remind me before EOD,REMINDER
sounds good,NO_INTENT
Let’s sync at 4 today,EVENT
Deploy to staging.,TASK
Push the code to main,TASK
Update environment configs,TASK
Push the code to main,TASK
Let’s sync at 4 today.,EVENT
1:1 with manager today,EVENT
prod issue call in 10 mins.,EVENT
Ping me to review PR,REMINDER
Let’s sync at 4 today,EVENT
Haha okay,NO_INTENT
Prod issue call in 10 mins,EVENT
noted,NO_INTENT
Thanks,NO_INTENT
Meeting with QA post lunch,EVENT
Set reminder for client call.,REMINDER
yep,NO_INTENT
Client call tomorrow,EVENT
let’s sync at 4 today,EVENT
1:1 with manager today,EVENT
Review the PR,TASK
No issues so far.,NO_INTENT
Makes sense,NO_INTENT
Remind me to deploy after lunch,REMINDER
Push the code to main,TASK
standup at 10am,EVENT
makes sense,NO_INTENT
Set reminder for client call,REMINDER
run regression tests,TASK
done already,NO_INTENT
quick call now,EVENT
Remind me to deploy after lunch.,REMINDER
1:1 with manager today,EVENT
Sounds good,NO_INTENT
Ping me to review PR.,REMINDER
Prod issue call in 10 mins.,EVENT
Close the ticket.,TASK
yep,NO_INTENT
Noted,NO_INTENT
Remind me about PR review,REMINDER
Quick call now.,EVENT
merge the branch.,TASK
Looks good to me,NO_INTENT
Quick call now,EVENT
remind me about pr review.,REMINDER
prod issue call in 10 mins.,EVENT
Review the PR.,TASK
Tech discussion at 3 PM.,EVENT
Validate API responses,TASK
Daily scrum at 11,EVENT
Thanks,NO_INTENT
Update environment configs,TASK
Interview moved to Monday.,EVENT
All good from my side,NO_INTENT
All good from my side,NO_INTENT
can you remind me later.,REMINDER
Quick call now,EVENT
set reminder for client call,REMINDER
Run regression tests,TASK
Done already,NO_INTENT
Prod issue call in 10 mins.,EVENT
Remind me to submit timesheet,REMINDER
reminder to push code,REMINDER
Prepare slides for demo.,TASK
merge the branch.,TASK
Update environment configs.,TASK
Ping me to review PR,REMINDER
Ping me to review PR,REMINDER
Remind me to check logs,REMINDER
Townhall next week,EVENT
Review the PR,TASK
Deploy to staging,TASK
Update the doc in Confluence.,TASK
check the logs.,TASK
Complete the test cases,TASK
Close the ticket,TASK
prod issue call in 10 mins.,EVENT
push the code to main,TASK
Review the PR,TASK
Run regression tests,TASK
Release call tonight.,EVENT
Check the logs,TASK
Yep,NO_INTENT
we discussed this earlier,NO_INTENT
Set a reminder for standup,REMINDER
Validate API responses,TASK
merge the branch,TASK
done already,NO_INTENT
All good from my side,NO_INTENT
Set a reminder for standup,REMINDER
Meeting with QA post lunch,EVENT
Close the ticket,TASK
Noted,NO_INTENT
Prod issue call in 10 mins,EVENT
Remind me about PR review.,REMINDER
please remind me before eod,REMINDER
Need a reminder for demo,REMINDER
remind me to deploy after lunch.,REMINDER
remind me to deploy after lunch,REMINDER
Run regression tests.,TASK
i was on leave yesterday,NO_INTENT
Let’s sync at 4 today,EVENT
Demo scheduled for Friday.,EVENT
Meeting with QA post lunch,EVENT
Complete the test cases.,TASK
Check the logs.,TASK
no issues so far,NO_INTENT
Deploy to staging,TASK
quick call now,EVENT
Remind me to update Jira,REMINDER
demo scheduled for friday.,EVENT
Check the logs,TASK
Merge the branch,TASK
noted,NO_INTENT
Demo scheduled for Friday.,EVENT
Meeting with QA post lunch.,EVENT
Set reminder for client call,REMINDER
Prod issue call in 10 mins,EVENT
remind me to submit timesheet,REMINDER
Check the logs,TASK
review the pr.,TASK
Tech discussion at 3 PM,EVENT
Thanks.,NO_INTENT
Haha okay,NO_INTENT
Set reminder for client call.,REMINDER
daily scrum at 11,EVENT
lol that’s funny,NO_INTENT
Sounds good,NO_INTENT
Standup at 10am,EVENT
Deploy to staging,TASK
Set reminder for client call,REMINDER
remind me to check logs,REMINDER
Remind me to deploy after lunch,REMINDER
Daily scrum at 11,EVENT
Meeting with QA post lunch,EVENT
meeting with qa post lunch.,EVENT
Complete the test cases,TASK
1:1 with manager today,EVENT
finish the feature today.,TASK
i was on leave yesterday,NO_INTENT
let’s sync at 4 today,EVENT
Daily scrum at 11.,EVENT
I was on leave yesterday,NO_INTENT
Okay got it,NO_INTENT
Update the doc in Confluence,TASK
Townhall next week.,EVENT
need reminder for release,REMINDER
daily scrum at 11,EVENT
demo scheduled for friday,EVENT
Looks good to me,NO_INTENT
lol that’s funny,NO_INTENT
Interview moved to Monday,EVENT
Quick call now,EVENT
Remind me to deploy after lunch,REMINDER
Need reminder for release,REMINDER
Remind me to deploy after lunch,REMINDER
Reminder to push code.,REMINDER
remind me to update jira,REMINDER
Prod issue call in 10 mins,EVENT
Townhall next week.,EVENT
Finish the feature today,TASK
Quick call now.,EVENT
Set reminder for client call,REMINDER
Set reminder for client call,REMINDER
Planning session this evening,EVENT
Deploy to staging.,TASK
Client call tomorrow.,EVENT
Close the ticket,TASK
Client call tomorrow,EVENT
Demo scheduled for Friday,EVENT
Remind me to deploy after lunch,REMINDER
Cool,NO_INTENT
Planning session this evening,EVENT
Reminder to push code,REMINDER
fix the prod bug,TASK
Remind me to update Jira,REMINDER
Push the code to main,TASK
merge the branch,TASK
Remind me to submit timesheet,REMINDER
Need reminder for release,REMINDER
No issues so far,NO_INTENT
Need reminder for release.,REMINDER
Client call tomorrow,EVENT
Remind me to update Jira,REMINDER
Set a reminder for standup,REMINDER
fix the prod bug,TASK
update the doc in confluence,TASK
Planning session this evening,EVENT
Prepare slides for demo.,TASK
Okay got it,NO_INTENT
release call tonight,EVENT
Haha okay,NO_INTENT
need reminder for release,REMINDER
Complete the test cases.,TASK
fix the prod bug,TASK
Let’s sync at 4 today,EVENT
merge the branch,TASK
Update the doc in Confluence,TASK
Yep,NO_INTENT
Check the logs,TASK
We discussed this earlier.,NO_INTENT
all good from my side,NO_INTENT
Yep,NO_INTENT
can you remind me later.,REMINDER
All good from my side,NO_INTENT
Please remind me before EOD.,REMINDER
Close the ticket,TASK
yep,NO_INTENT
Merge the branch,TASK
Finish the feature today,TASK
Client call tomorrow,EVENT
Standup at 10am,EVENT
Standup at 10am,EVENT
complete the test cases,TASK
Complete the test cases,TASK
Review the PR.,TASK
Makes sense.,NO_INTENT
Looks good to me,NO_INTENT
Remind me about PR review.,REMINDER
okay got it,NO_INTENT
Looks good to me,NO_INTENT
I was on leave yesterday,NO_INTENT
check the logs.,TASK
done already,NO_INTENT
Validate API responses,TASK
Close the ticket.,TASK
Set reminder for client call.,REMINDER
Demo scheduled for Friday.,EVENT
Set a reminder for standup,REMINDER
We discussed this earlier,NO_INTENT
Run regression tests,TASK
Raise a Jira ticket,TASK
Complete the test cases,TASK
I was on leave yesterday,NO_INTENT
No issues so far,NO_INTENT
Raise a Jira ticket,TASK
Sounds good.,NO_INTENT
Townhall next week,EVENT
Reminder for sprint retro.,REMINDER
Let’s sync at 4 today,EVENT
1:1 with manager today.,EVENT
Raise a Jira ticket.,TASK
Interview moved to Monday,EVENT
Okay got it,NO_INTENT
Prod issue call in 10 mins,EVENT
Tech discussion at 3 PM.,EVENT
Release call tonight.,EVENT
Standup at 10am,EVENT
lol that’s funny,NO_INTENT
lol that’s funny,NO_INTENT
1:1 with manager today,EVENT
Daily scrum at 11,EVENT
Interview moved to Monday,EVENT
Demo scheduled for Friday,EVENT
Client call tomorrow.,EVENT
Ping me to review PR,REMINDER
Thanks,NO_INTENT
Finish the feature today.,TASK
Set reminder for client call,REMINDER
i was on leave yesterday,NO_INTENT
Standup at 10am,EVENT
We discussed this earlier.,NO_INTENT
lol that’s funny,NO_INTENT
Makes sense,NO_INTENT
Townhall next week,EVENT
Sounds good,NO_INTENT
I was on leave yesterday,NO_INTENT
Looks good to me,NO_INTENT
Can you remind me later,REMINDER
Need reminder for release,REMINDER
Need reminder for release,REMINDER
Don’t let me forget the meeting.,REMINDER
No issues so far.,NO_INTENT
set a reminder for standup.,REMINDER
All good from my side.,NO_INTENT
Merge the branch.,TASK
Let’s sync at 4 today,EVENT
merge the branch,TASK
Remind me to check logs,REMINDER
Please remind me before EOD.,REMINDER
Cool.,NO_INTENT
Prepare slides for demo,TASK
Review the PR,TASK
Noted.,NO_INTENT
Reminder to push code.,REMINDER
Set reminder for client call,REMINDER
Prepare slides for demo.,TASK
Interview moved to Monday.,EVENT
Complete the test cases,TASK
Review the PR,TASK
Set a reminder for standup.,REMINDER
need a reminder for demo,REMINDER
Raise a Jira ticket.,TASK
Raise a Jira ticket,TASK
Reminder for sprint retro,REMINDER
Cool,NO_INTENT
Meeting with QA post lunch,EVENT
Client call tomorrow,EVENT
Remind me to update Jira,REMINDER
Thanks.,NO_INTENT
Done already,NO_INTENT
Validate API responses,TASK
Done already,NO_INTENT
Reminder to push code,REMINDER
complete the test cases,TASK
Okay got it,NO_INTENT
Don’t let me forget the meeting.,REMINDER
cool,NO_INTENT
Fix the prod bug,TASK
All good from my side.,NO_INTENT
1:1 with manager today,EVENT
No issues so far,NO_INTENT
Remind me to deploy after lunch,REMINDER
lol that’s funny.,NO_INTENT
Townhall next week,EVENT
Merge the branch,TASK
Makes sense,NO_INTENT
All good from my side.,NO_INTENT
Release call tonight,EVENT
Prepare slides for demo,TASK
Demo scheduled for Friday,EVENT
okay got it,NO_INTENT
Set a reminder for standup.,REMINDER
Don’t let me forget the meeting,REMINDER
Noted,NO_INTENT
need a reminder for demo,REMINDER
daily scrum at 11,EVENT
done already,NO_INTENT
Haha okay,NO_INTENT
Remind me to submit timesheet,REMINDER
set a reminder for standup.,REMINDER
Ping me to review PR,REMINDER
Makes sense,NO_INTENT
Looks good to me,NO_INTENT
ping me to review pr.,REMINDER
client call tomorrow.,EVENT
Okay got it.,NO_INTENT
Sprint planning tomorrow,EVENT
deploy to staging,TASK
fix the prod bug,TASK
Makes sense,NO_INTENT
Meeting with QA post lunch,EVENT
Close the ticket,TASK
Finish the feature today,TASK
Remind me to check logs,REMINDER
fix the prod bug.,TASK
1:1 with manager today.,EVENT
1:1 with manager today,EVENT
Demo scheduled for Friday,EVENT
Thanks.,NO_INTENT
remind me about pr review.,REMINDER
update environment configs,TASK
Noted,NO_INTENT
Run regression tests.,TASK
Can you remind me later,REMINDER
i was on leave yesterday.,NO_INTENT
Review the PR,TASK
Fix the prod bug,TASK
Fix the prod bug.,TASK
Update environment configs.,TASK
Fix the prod bug,TASK
Merge the branch,TASK
Remind me about PR review,REMINDER
Push the code to main,TASK
Cool,NO_INTENT
Looks good to me,NO_INTENT
1:1 with manager today,EVENT
reminder to push code,REMINDER
Finish the feature today.,TASK
Sprint planning tomorrow,EVENT
We discussed this earlier.,NO_INTENT
check the logs.,TASK
Release call tonight,EVENT
Standup at 10am,EVENT
lol that’s funny,NO_INTENT
Quick call now,EVENT
Done already,NO_INTENT
Cool,NO_INTENT
Reminder for sprint retro,REMINDER
Sprint planning tomorrow.,EVENT
Prepare slides for demo.,TASK
Validate API responses,TASK
no issues so far.,NO_INTENT
Cool.,NO_INTENT
Remind me to check logs,REMINDER
Don’t let me forget the meeting,REMINDER
Need reminder for release,REMINDER
Merge the branch.,TASK
I was on leave yesterday,NO_INTENT
All good from my side,NO_INTENT
1:1 with manager today,EVENT
Looks good to me,NO_INTENT
please remind me before eod,REMINDER
finish the feature today.,TASK
Don’t let me forget the meeting,REMINDER
Reminder to push code,REMINDER
Raise a Jira ticket,TASK
Makes sense,NO_INTENT
Validate API responses.,TASK
Okay got it,NO_INTENT
Merge the branch,TASK
Standup at 10am,EVENT
Reminder to push code,REMINDER
fix the prod bug.,TASK
Fix the prod bug.,TASK
remind me about pr review,REMINDER
Don’t let me forget the meeting.,REMINDER
lol that’s funny,NO_INTENT
Close the ticket,TASK
ping me to review pr,REMINDER
Prod issue call in 10 mins,EVENT
Update environment configs.,TASK
Cool,NO_INTENT
Planning session this evening,EVENT
Interview moved to Monday,EVENT
Meeting with QA post lunch,EVENT
I was on leave yesterday.,NO_INTENT
release call tonight,EVENT
Please remind me before EOD,REMINDER
Planning session this evening,EVENT
Close the ticket,TASK
Sprint planning tomorrow,EVENT
thanks,NO_INTENT
sounds good,NO_INTENT
i was on leave yesterday,NO_INTENT
Release call tonight,EVENT
Close the ticket,TASK
Ping me to review PR,REMINDER
Please remind me before EOD.,REMINDER
planning session this evening,EVENT
raise a jira ticket,TASK
Finish the feature today,TASK
Demo scheduled for Friday,EVENT
Meeting with QA post lunch,EVENT
Review the PR,TASK
sounds good,NO_INTENT
Please remind me before EOD.,REMINDER
Reminder to push code,REMINDER
makes sense.,NO_INTENT
Update the doc in Confluence,TASK
review the pr,TASK
Meeting with QA post lunch,EVENT
prod issue call in 10 mins,EVENT
Remind me to deploy after lunch,REMINDER
remind me to check logs,REMINDER
Run regression tests.,TASK
reminder for sprint retro,REMINDER
We discussed this earlier.,NO_INTENT
thanks.,NO_INTENT
Done already,NO_INTENT
Run regression tests,TASK
Reminder to push code.,REMINDER
Okay got it,NO_INTENT
Need a reminder for demo,REMINDER
Fix the prod bug,TASK
Push the code to main,TASK
We discussed this earlier,NO_INTENT
okay got it,NO_INTENT
Remind me about PR review,REMINDER
Cool,NO_INTENT
Remind me to update Jira,REMINDER
Okay got it,NO_INTENT
Complete the test cases,TASK
can you remind me later,REMINDER
Remind me to deploy after lunch,REMINDER
push the code to main,TASK
Set a reminder for standup,REMINDER
fix the prod bug,TASK
All good from my side.,NO_INTENT
Standup at 10am,EVENT
validate api responses,TASK
Prod issue call in 10 mins,EVENT
prod issue call in 10 mins,EVENT
Review the PR,TASK
validate api responses.,TASK
1:1 with manager today,EVENT
Meeting with QA post lunch.,EVENT
Close the ticket.,TASK
Review the PR.,TASK
Set reminder for client call,REMINDER
Deploy to staging,TASK
Don’t let me forget the meeting,REMINDER
Complete the test cases,TASK
Makes sense,NO_INTENT
finish the feature today,TASK
Sounds good,NO_INTENT
Cool.,NO_INTENT
Done already.,NO_INTENT
Daily scrum at 11,EVENT
remind me to update jira,REMINDER
Noted,NO_INTENT
Looks good to me,NO_INTENT
client call tomorrow.,EVENT
Finish the feature today,TASK
Release call tonight,EVENT
sprint planning tomorrow,EVENT
sprint planning tomorrow.,EVENT
Noted,NO_INTENT
Sprint planning tomorrow,EVENT
Remind me to deploy after lunch.,REMINDER
Set a reminder for standup,REMINDER
Interview moved to Monday.,EVENT
Daily scrum at 11,EVENT
Thanks,NO_INTENT
merge the branch,TASK
Finish the feature today,TASK
Makes sense.,NO_INTENT
Prepare slides for demo,TASK
i was on leave yesterday.,NO_INTENT
Raise a Jira ticket.,TASK
Can you remind me later,REMINDER
Update the doc in Confluence.,TASK
Interview moved to Monday,EVENT
Finish the feature today.,TASK
Set a reminder for standup.,REMINDER
Need a reminder for demo,REMINDER
Please remind me before EOD,REMINDER
Okay got it.,NO_INTENT
I was on leave yesterday,NO_INTENT
No issues so far.,NO_INTENT
Sounds good.,NO_INTENT
meeting with qa post lunch,EVENT
Raise a Jira ticket,TASK
Yep,NO_INTENT
Remind me to submit timesheet,REMINDER
Quick call now.,EVENT
Remind me to submit timesheet,REMINDER
raise a jira ticket.,TASK
Need a reminder for demo,REMINDER
Check the logs.,TASK
Noted,NO_INTENT
Remind me to submit timesheet,REMINDER
Remind me to update Jira,REMINDER
Ping me to review PR.,REMINDER
meeting with qa post lunch.,EVENT
No issues so far.,NO_INTENT
Please remind me before EOD.,REMINDER
Cool,NO_INTENT
let’s sync at 4 today,EVENT
Haha okay,NO_INTENT
Fix the prod bug,TASK
don’t let me forget the meeting,REMINDER
Done already,NO_INTENT
Remind me to deploy after lunch.,REMINDER
Complete the test cases,TASK
Standup at 10am,EVENT
yep,NO_INTENT
Ping me to review PR,REMINDER
Need a reminder for demo,REMINDER
Set reminder for client call,REMINDER
1:1 with manager today,EVENT
yep,NO_INTENT
Reminder for sprint retro,REMINDER
Check the logs.,TASK
I was on leave yesterday,NO_INTENT
Daily scrum at 11,EVENT
Interview moved to Monday,EVENT
Let’s sync at 4 today,EVENT
Fix the prod bug,TASK
Sounds good.,NO_INTENT
Close the ticket,TASK
Close the ticket,TASK
No issues so far,NO_INTENT
Review the PR,TASK
Push the code to main,TASK
Need a reminder for demo,REMINDER
Please remind me before EOD,REMINDER
Finish the feature today.,TASK
Noted,NO_INTENT
Remind me about PR review,REMINDER
Demo scheduled for Friday,EVENT
Done already,NO_INTENT
Ping me to review PR,REMINDER
Interview moved to Monday.,EVENT
Thanks.,NO_INTENT
Remind me to submit timesheet.,REMINDER
makes sense,NO_INTENT
Review the PR,TASK
Review the PR,TASK
Tech discussion at 3 PM.,EVENT
Reminder for sprint retro,REMINDER
Complete the test cases,TASK
We discussed this earlier.,NO_INTENT
Deploy to staging,TASK
Deploy to staging,TASK
review the pr.,TASK
Raise a Jira ticket.,TASK
Daily scrum at 11.,EVENT
Raise a Jira ticket,TASK
Done already,NO_INTENT
Tech discussion at 3 PM,EVENT
Yep,NO_INTENT
meeting with qa post lunch,EVENT
Meeting with QA post lunch,EVENT
Remind me to check logs,REMINDER
Complete the test cases.,TASK
Set a reminder for standup,REMINDER
I was on leave yesterday,NO_INTENT
remind me to update jira,REMINDER
Sprint planning tomorrow,EVENT
Fix the prod bug,TASK
Interview moved to Monday.,EVENT
can you remind me later,REMINDER
Can you remind me later,REMINDER
Done already,NO_INTENT
looks good to me,NO_INTENT
Merge the branch,TASK
deploy to staging,TASK
Let’s sync at 4 today.,EVENT
remind me to deploy after lunch,REMINDER
Can you remind me later,REMINDER
Standup at 10am,EVENT
Raise a Jira ticket.,TASK
Noted,NO_INTENT
raise a jira ticket.,TASK
Close the ticket,TASK
No issues so far,NO_INTENT
Remind me to update Jira,REMINDER
Reminder for sprint retro,REMINDER
can you remind me later,REMINDER
Looks good to me,NO_INTENT
Interview moved to Monday,EVENT
Can you remind me later,REMINDER
Set a reminder for standup,REMINDER
finish the feature today.,TASK
Review the PR,TASK
Push the code to main,TASK
Need reminder for release,REMINDER
Noted.,NO_INTENT
i was on leave yesterday.,NO_INTENT
Can you remind me later,REMINDER
reminder to push code,REMINDER
Fix the prod bug,TASK
Raise a Jira ticket.,TASK
All good from my side,NO_INTENT
Makes sense,NO_INTENT
check the logs,TASK
Push the code to main.,TASK
Close the ticket.,TASK
Done already,NO_INTENT
Meeting with QA post lunch,EVENT
sprint planning tomorrow.,EVENT
Remind me to check logs,REMINDER
run regression tests.,TASK
Release call tonight,EVENT
Remind me to update Jira.,REMINDER
Raise a Jira ticket,TASK
Cool.,NO_INTENT
Prepare slides for demo,TASK
Okay got it.,NO_INTENT
Set a reminder for standup,REMINDER
Okay got it.,NO_INTENT
Complete the test cases.,TASK
Push the code to main,TASK
need a reminder for demo,REMINDER
Prepare slides for demo.,TASK
Cool.,NO_INTENT
Update the doc in Confluence,TASK
lol that’s funny,NO_INTENT
Run regression tests,TASK
Check the logs,TASK
Sounds good,NO_INTENT
lol that’s funny,NO_INTENT
Demo scheduled for Friday,EVENT
Run regression tests.,TASK
don’t let me forget the meeting.,REMINDER
Update the doc in Confluence,TASK
I was on leave yesterday,NO_INTENT
Prod issue call in 10 mins,EVENT
Tech discussion at 3 PM,EVENT
Prod issue call in 10 mins,EVENT
Reminder for sprint retro,REMINDER
Set a reminder for standup,REMINDER
Run regression tests,TASK
Close the ticket.,TASK
Remind me about PR review,REMINDER
Need reminder for release,REMINDER
prepare slides for demo.,TASK
Remind me to deploy after lunch,REMINDER
Client call tomorrow,EVENT
All good from my side.,NO_INTENT
Quick call now.,EVENT
Prod issue call in 10 mins,EVENT
Tech discussion at 3 PM,EVENT
Push the code to main.,TASK
Done already,NO_INTENT
All good from my side,NO_INTENT
Ping me to review PR,REMINDER
Need a reminder for demo,REMINDER
Release call tonight,EVENT
1:1 with manager today,EVENT
i was on leave yesterday,NO_INTENT
prod issue call in 10 mins,EVENT
release call tonight,EVENT
Review the PR,TASK
meeting with qa post lunch,EVENT
Remind me to update Jira,REMINDER
Daily scrum at 11,EVENT
Okay got it,NO_INTENT
update the doc in confluence.,TASK
Makes sense.,NO_INTENT
Looks good to me.,NO_INTENT
we discussed this earlier,NO_INTENT
Looks good to me.,NO_INTENT
update the doc in confluence.,TASK
Reminder for sprint retro,REMINDER
Noted.,NO_INTENT
Fix the prod bug,TASK
Daily scrum at 11,EVENT
Review the PR.,TASK
Cool,NO_INTENT
Prod issue call in 10 mins,EVENT
Reminder for sprint retro.,REMINDER
okay got it,NO_INTENT
Can you remind me later.,REMINDER
lol that’s funny,NO_INTENT
validate api responses.,TASK
Validate API responses,TASK
Reminder to push code,REMINDER
Remind me about PR review,REMINDER
Thanks,NO_INTENT
No issues so far,NO_INTENT
Demo scheduled for Friday,EVENT
Push the code to main.,TASK
Deploy to staging,TASK
Standup at 10am.,EVENT
1:1 with manager today,EVENT
set reminder for client call,REMINDER
Thanks,NO_INTENT
1:1 with manager today,EVENT
reminder to push code,REMINDER
Yep,NO_INTENT
thanks.,NO_INTENT
Remind me to submit timesheet,REMINDER
Set a reminder for standup,REMINDER
Client call tomorrow,EVENT
Tech discussion at 3 PM.,EVENT
Remind me to deploy after lunch,REMINDER
Remind me to check logs,REMINDER
Remind me to check logs,REMINDER
I was on leave yesterday,NO_INTENT
Demo scheduled for Friday,EVENT
1:1 with manager today,EVENT
need reminder for release,REMINDER
ping me to review pr,REMINDER
Reminder for sprint retro.,REMINDER
Release call tonight,EVENT
Remind me to submit timesheet,REMINDER
interview moved to monday,EVENT
close the ticket,TASK
We discussed this earlier,NO_INTENT
Ping me to review PR,REMINDER
Daily scrum at 11,EVENT
Review the PR,TASK
Let’s sync at 4 today,EVENT
lol that’s funny,NO_INTENT
Need reminder for release.,REMINDER
Tech discussion at 3 PM,EVENT
update environment configs,TASK
Daily scrum at 11,EVENT
Release call tonight.,EVENT
Client call tomorrow,EVENT
Let’s sync at 4 today.,EVENT
Remind me to deploy after lunch,REMINDER
Please remind me before EOD,REMINDER
Set reminder for client call,REMINDER
Okay got it,NO_INTENT
I was on leave yesterday,NO_INTENT
Demo scheduled for Friday,EVENT
Need a reminder for demo,REMINDER
remind me about pr review.,REMINDER
Remind me to update Jira,REMINDER
Validate API responses,TASK
Fix the prod bug,TASK
Please remind me before EOD.,REMINDER
Ping me to review PR.,REMINDER
Thanks,NO_INTENT
1:1 with manager today,EVENT
we discussed this earlier,NO_INTENT
Sounds good,NO_INTENT
Please remind me before EOD.,REMINDER
Done already.,NO_INTENT
Close the ticket.,TASK
Update environment configs,TASK
1:1 with manager today,EVENT
remind me to update jira.,REMINDER
Need reminder for release,REMINDER
Need reminder for release,REMINDER
Noted.,NO_INTENT
Meeting with QA post lunch,EVENT
okay got it,NO_INTENT
No issues so far,NO_INTENT
Haha okay,NO_INTENT
Raise a Jira ticket,TASK
Please remind me before EOD.,REMINDER
Remind me to update Jira,REMINDER
Deploy to staging,TASK
cool,NO_INTENT
Remind me to submit timesheet,REMINDER
tech discussion at 3 pm.,EVENT
No issues so far,NO_INTENT
remind me to deploy after lunch,REMINDER
i was on leave yesterday.,NO_INTENT
Okay got it,NO_INTENT
Release call tonight.,EVENT
Okay got it.,NO_INTENT
Yep,NO_INTENT
Meeting with QA post lunch,EVENT
lol that’s funny,NO_INTENT
Sprint planning tomorrow,EVENT
All good from my side.,NO_INTENT
No issues so far,NO_INTENT
Noted,NO_INTENT
ping me to review pr.,REMINDER
Reminder to push code.,REMINDER
Interview moved to Monday,EVENT
Thanks.,NO_INTENT
Check the logs.,TASK
Review the PR,TASK
Let’s sync at 4 today,EVENT
no issues so far,NO_INTENT
1:1 with manager today.,EVENT
no issues so far,NO_INTENT
Quick call now,EVENT
Noted.,NO_INTENT
Tech discussion at 3 PM,EVENT
Prepare slides for demo,TASK
Daily scrum at 11,EVENT
Need reminder for release,REMINDER
Please remind me before EOD,REMINDER
Townhall next week.,EVENT
set reminder for client call,REMINDER
Fix the prod bug.,TASK
Can you remind me later,REMINDER
need a reminder for demo,REMINDER
townhall next week,EVENT
run regression tests,TASK
Close the ticket.,TASK
Set reminder for client call,REMINDER
Validate API responses,TASK
Noted.,NO_INTENT
Done already.,NO_INTENT
all good from my side,NO_INTENT
Haha okay.,NO_INTENT
need a reminder for demo.,REMINDER
Need reminder for release.,REMINDER
Demo scheduled for Friday,EVENT
Raise a Jira ticket,TASK
Sprint planning tomorrow.,EVENT
Quick call now,EVENT
Complete the test cases,TASK
Remind me to submit timesheet.,REMINDER
don’t let me forget the meeting,REMINDER
1:1 with manager today.,EVENT
Can you remind me later,REMINDER
Makes sense,NO_INTENT
No issues so far,NO_INTENT
I was on leave yesterday,NO_INTENT
all good from my side,NO_INTENT
Thanks,NO_INTENT
Validate API responses,TASK
Quick call now.,EVENT
Tech discussion at 3 PM,EVENT
daily scrum at 11.,EVENT
Raise a Jira ticket.,TASK
let’s sync at 4 today,EVENT
I was on leave yesterday.,NO_INTENT
Meeting with QA post lunch,EVENT
Interview moved to Monday,EVENT
prepare slides for demo,TASK
Remind me to submit timesheet,REMINDER
Push the code to main,TASK
Standup at 10am,EVENT
Remind me about PR review.,REMINDER
Let’s sync at 4 today,EVENT
Merge the branch.,TASK
Meeting with QA post lunch,EVENT
Noted,NO_INTENT
I was on leave yesterday,NO_INTENT
Standup at 10am.,EVENT
done already,NO_INTENT
Merge the branch.,TASK
haha okay.,NO_INTENT
Deploy to staging,TASK
Merge the branch.,TASK
Daily scrum at 11.,EVENT
Tech discussion at 3 PM.,EVENT
Meeting with QA post lunch,EVENT
can you remind me later,REMINDER
All good from my side,NO_INTENT
interview moved to monday,EVENT
Update environment configs.,TASK
Quick call now.,EVENT
let’s sync at 4 today.,EVENT
Haha okay,NO_INTENT
Validate API responses,TASK
Noted,NO_INTENT
Fix the prod bug.,TASK
Need a reminder for demo.,REMINDER
Planning session this evening,EVENT
reminder for sprint retro,REMINDER
Meeting with QA post lunch.,EVENT
Cool,NO_INTENT
Quick call now.,EVENT
townhall next week,EVENT
Reminder for sprint retro,REMINDER
Don’t let me forget the meeting,REMINDER
reminder for sprint retro,REMINDER
Release call tonight,EVENT
sprint planning tomorrow,EVENT
sounds good,NO_INTENT
Finish the feature today.,TASK
Remind me to update Jira,REMINDER
Ping me to review PR,REMINDER
Interview moved to Monday,EVENT
Don’t let me forget the meeting.,REMINDER
Need a reminder for demo,REMINDER
Set a reminder for standup,REMINDER
Deploy to staging,TASK
done already,NO_INTENT
lol that’s funny,NO_INTENT
Fix the prod bug,TASK
Update the doc in Confluence,TASK
demo scheduled for friday,EVENT
Let’s sync at 4 today,EVENT
done already.,NO_INTENT
no issues so far,NO_INTENT
prepare slides for demo.,TASK
Meeting with QA post lunch,EVENT
Townhall next week.,EVENT
Remind me to update Jira.,REMINDER
Need a reminder for demo,REMINDER
Set reminder for client call.,REMINDER
Remind me to update Jira,REMINDER
Don’t let me forget the meeting,REMINDER
quick call now.,EVENT
Remind me to submit timesheet,REMINDER
ping me to review pr.,REMINDER
Remind me about PR review,REMINDER
fix the prod bug.,TASK
Close the ticket,TASK
standup at 10am,EVENT
quick call now.,EVENT
Let’s sync at 4 today,EVENT
Set reminder for client call,REMINDER
Set reminder for client call,REMINDER
don’t let me forget the meeting,REMINDER
All good from my side,NO_INTENT
Noted.,NO_INTENT
Don’t let me forget the meeting,REMINDER
update environment configs.,TASK
Check the logs.,TASK
Need a reminder for demo,REMINDER
Close the ticket,TASK
okay got it,NO_INTENT
Standup at 10am.,EVENT
ping me to review pr,REMINDER
Can you remind me later.,REMINDER
Remind me about PR review,REMINDER
Set a reminder for standup.,REMINDER
fix the prod bug.,TASK
Standup at 10am,EVENT
Client call tomorrow,EVENT
Haha okay.,NO_INTENT
Haha okay,NO_INTENT
Let’s sync at 4 today,EVENT
okay got it.,NO_INTENT
Haha okay,NO_INTENT
Need a reminder for demo.,REMINDER
Let’s sync at 4 today,EVENT
planning session this evening,EVENT
Prod issue call in 10 mins.,EVENT
Remind me about PR review,REMINDER
Prepare slides for demo.,TASK
Sounds good.,NO_INTENT
Deploy to staging,TASK
need a reminder for demo,REMINDER
Run regression tests.,TASK
Set a reminder for standup,REMINDER
Client call tomorrow,EVENT
Ping me to review PR,REMINDER
Fix the prod bug,TASK
Check the logs.,TASK
Set a reminder for standup,REMINDER
Need reminder for release.,REMINDER
lol that’s funny,NO_INTENT
close the ticket,TASK
Let’s sync at 4 today,EVENT
Reminder to push code.,REMINDER
Update environment configs,TASK
Finish the feature today.,TASK
Please remind me before EOD,REMINDER
Prepare slides for demo,TASK
Raise a Jira ticket,TASK
Let’s sync at 4 today.,EVENT
all good from my side.,NO_INTENT
lol that’s funny,NO_INTENT
Remind me about PR review,REMINDER
Finish the feature today,TASK
lol that’s funny,NO_INTENT
Thanks,NO_INTENT
Prod issue call in 10 mins,EVENT
Don’t let me forget the meeting.,REMINDER
Raise a Jira ticket,TASK
Noted,NO_INTENT
Haha okay,NO_INTENT
done already,NO_INTENT
No issues so far.,NO_INTENT
Okay got it,NO_INTENT
Looks good to me.,NO_INTENT
Run regression tests,TASK
Run regression tests.,TASK
Ping me to review PR,REMINDER
Let’s sync at 4 today,EVENT
Yep.,NO_INTENT
No issues so far,NO_INTENT
Please remind me before EOD,REMINDER
Looks good to me,NO_INTENT
release call tonight,EVENT
Release call tonight,EVENT
Daily scrum at 11.,EVENT
Let’s sync at 4 today,EVENT
Set reminder for client call,REMINDER
Done already,NO_INTENT
Standup at 10am.,EVENT
deploy to staging,TASK
All good from my side.,NO_INTENT
Need reminder for release,REMINDER
Fix the prod bug,TASK
Fix the prod bug,TASK
Remind me to check logs.,REMINDER
Demo scheduled for Friday.,EVENT
Run regression tests,TASK
Meeting with QA post lunch.,EVENT
planning session this evening,EVENT
Remind me to deploy after lunch,REMINDER
can you remind me later,REMINDER
Reminder to push code,REMINDER
Complete the test cases.,TASK
Can you remind me later,REMINDER
We discussed this earlier,NO_INTENT
Check the logs,TASK
Check the logs.,TASK
Raise a Jira ticket,TASK
Deploy to staging,TASK
Complete the test cases.,TASK
run regression tests,TASK
lol that’s funny,NO_INTENT
Cool,NO_INTENT
All good from my side,NO_INTENT
Tech discussion at 3 PM.,EVENT
Done already,NO_INTENT
Daily scrum at 11,EVENT
I was on leave yesterday,NO_INTENT
set a reminder for standup,REMINDER
Close the ticket,TASK
Don’t let me forget the meeting,REMINDER
Done already,NO_INTENT
Makes sense.,NO_INTENT
All good from my side.,NO_INTENT
Meeting with QA post lunch,EVENT
Set a reminder for standup,REMINDER
Raise a Jira ticket.,TASK
please remind me before eod.,REMINDER
thanks.,NO_INTENT
Update the doc in Confluence.,TASK
Remind me to submit timesheet,REMINDER
Haha okay,NO_INTENT
set reminder for client call.,REMINDER
Daily scrum at 11,EVENT
Can you remind me later.,REMINDER
Check the logs,TASK
set reminder for client call,REMINDER
Remind me to update Jira,REMINDER
noted,NO_INTENT
Need a reminder for demo,REMINDER
Haha okay,NO_INTENT
ping me to review pr,REMINDER
Client call tomorrow,EVENT
All good from my side.,NO_INTENT
Prepare slides for demo.,TASK
Townhall next week,EVENT
Release call tonight.,EVENT
Client call tomorrow,EVENT
No issues so far,NO_INTENT
Prepare slides for demo,TASK
No issues so far,NO_INTENT
cool,NO_INTENT
1:1 with manager today,EVENT
remind me to check logs,REMINDER
interview moved to monday,EVENT
okay got it.,NO_INTENT
fix the prod bug,TASK
Update the doc in Confluence,TASK
Prepare slides for demo,TASK
All good from my side.,NO_INTENT
Quick call now,EVENT
Raise a Jira ticket,TASK
Looks good to me,NO_INTENT
Yep,NO_INTENT
Complete the test cases,TASK
No issues so far,NO_INTENT
We discussed this earlier,NO_INTENT
remind me to submit timesheet,REMINDER
need a reminder for demo,REMINDER
Okay got it,NO_INTENT
Noted,NO_INTENT
Complete the test cases,TASK
Cool,NO_INTENT
Cool.,NO_INTENT
We discussed this earlier.,NO_INTENT
Check the logs,TASK
Looks good to me.,NO_INTENT
Validate API responses,TASK
Deploy to staging,TASK
Don’t let me forget the meeting,REMINDER
Remind me to update Jira.,REMINDER
Update the doc in Confluence,TASK
lol that’s funny,NO_INTENT
Remind me to check logs,REMINDER
Finish the feature today,TASK
Fix the prod bug.,TASK
Deploy to staging,TASK
Run regression tests.,TASK
lol that’s funny,NO_INTENT
Looks good to me.,NO_INTENT
Planning session this evening,EVENT
cool.,NO_INTENT
run regression tests.,TASK
Done already.,NO_INTENT
Makes sense,NO_INTENT
1:1 with manager today,EVENT
Quick call now,EVENT
Raise a Jira ticket,TASK
noted.,NO_INTENT
Planning session this evening.,EVENT
reminder for sprint retro.,REMINDER
Makes sense,NO_INTENT
Update environment configs,TASK
Don’t let me forget the meeting,REMINDER
Cool.,NO_INTENT
set reminder for client call,REMINDER
Daily scrum at 11.,EVENT
Daily scrum at 11,EVENT
Need reminder for release.,REMINDER
Meeting with QA post lunch.,EVENT
cool,NO_INTENT
remind me to deploy after lunch,REMINDER
Run regression tests,TASK
Set reminder for client call.,REMINDER
Close the ticket,TASK
lol that’s funny,NO_INTENT
I was on leave yesterday,NO_INTENT
Need reminder for release,REMINDER
Release call tonight,EVENT
All good from my side,NO_INTENT
done already.,NO_INTENT
All good from my side,NO_INTENT
Update environment configs,TASK
Haha okay,NO_INTENT
Remind me about PR review.,REMINDER
Interview moved to Monday,EVENT
Looks good to me.,NO_INTENT
Need reminder for release.,REMINDER
We discussed this earlier.,NO_INTENT
Close the ticket,TASK
update the doc in confluence,TASK
Remind me to check logs,REMINDER
Raise a Jira ticket.,TASK
Don’t let me forget the meeting.,REMINDER
Tech discussion at 3 PM,EVENT
update the doc in confluence.,TASK
Meeting with QA post lunch,EVENT
Reminder for sprint retro.,REMINDER
Need a reminder for demo.,REMINDER
Daily scrum at 11,EVENT
Set reminder for client call,REMINDER
remind me to submit timesheet.,REMINDER
Cool.,NO_INTENT
Remind me to deploy after lunch,REMINDER
Validate API responses,TASK
Remind me to deploy after lunch,REMINDER
Merge the branch.,TASK
Let’s sync at 4 today.,EVENT
Meeting with QA post lunch,EVENT
Release call tonight.,EVENT
Okay got it,NO_INTENT
can you remind me later,REMINDER
Client call tomorrow.,EVENT
Remind me to deploy after lunch.,REMINDER
Prod issue call in 10 mins,EVENT
Noted,NO_INTENT
Reminder to push code.,REMINDER
Please remind me before EOD,REMINDER
Need a reminder for demo.,REMINDER
Looks good to me,NO_INTENT
Prepare slides for demo.,TASK
Sprint planning tomorrow.,EVENT
Validate API responses.,TASK
Finish the feature today.,TASK
1:1 with manager today,EVENT
Complete the test cases.,TASK
prepare slides for demo,TASK
Thanks,NO_INTENT
Need a reminder for demo,REMINDER
Remind me to update Jira.,REMINDER
No issues so far.,NO_INTENT
Review the PR.,TASK
Run regression tests,TASK
Okay got it.,NO_INTENT
Raise a Jira ticket,TASK
Prod issue call in 10 mins,EVENT
Okay got it.,NO_INTENT
client call tomorrow,EVENT
Update the doc in Confluence.,TASK
Remind me to update Jira.,REMINDER
Need a reminder for demo,REMINDER
Complete the test cases.,TASK
Close the ticket,TASK
Complete the test cases,TASK
Tech discussion at 3 PM,EVENT
Complete the test cases,TASK
Interview moved to Monday,EVENT
lol that’s funny,NO_INTENT
sprint planning tomorrow.,EVENT
Run regression tests.,TASK
All good from my side,NO_INTENT
remind me to update jira,REMINDER
Need reminder for release,REMINDER
Remind me about PR review,REMINDER
Okay got it,NO_INTENT
Demo scheduled for Friday.,EVENT
Don’t let me forget the meeting,REMINDER
sounds good.,NO_INTENT
Set a reminder for standup.,REMINDER
I was on leave yesterday.,NO_INTENT
I was on leave yesterday.,NO_INTENT
Remind me to check logs,REMINDER
can you remind me later,REMINDER
lol that’s funny,NO_INTENT
Release call tonight,EVENT
Validate API responses.,TASK
all good from my side,NO_INTENT
Okay got it,NO_INTENT
Townhall next week,EVENT
Sprint planning tomorrow.,EVENT
Let’s sync at 4 today,EVENT
Remind me to update Jira,REMINDER
fix the prod bug,TASK
Reminder to push code.,REMINDER
update the doc in confluence,TASK
townhall next week,EVENT
Tech discussion at 3 PM,EVENT
All good from my side,NO_INTENT
Set reminder for client call,REMINDER
Client call tomorrow,EVENT
ping me to review pr.,REMINDER
Push the code to main,TASK
Interview moved to Monday,EVENT
haha okay,NO_INTENT
Finish the feature today.,TASK
Prepare slides for demo.,TASK
finish the feature today,TASK
Remind me to deploy after lunch.,REMINDER
Haha okay,NO_INTENT
Deploy to staging.,TASK
Fix the prod bug.,TASK
Release call tonight,EVENT
Update environment configs,TASK
Let’s sync at 4 today.,EVENT
Yep,NO_INTENT
Finish the feature today.,TASK
okay got it,NO_INTENT
remind me to deploy after lunch,REMINDER
Raise a Jira ticket.,TASK
Reminder to push code,REMINDER
Thanks,NO_INTENT
Let’s sync at 4 today,EVENT
run regression tests,TASK
Raise a Jira ticket,TASK
Push the code to main,TASK
Demo scheduled for Friday,EVENT
set a reminder for standup,REMINDER
I was on leave yesterday.,NO_INTENT
Need reminder for release,REMINDER
Sounds good,NO_INTENT
Raise a Jira ticket,TASK
ping me to review pr,REMINDER
Interview moved to Monday,EVENT
Thanks,NO_INTENT
Don’t let me forget the meeting.,REMINDER
Remind me about PR review.,REMINDER
Done already,NO_INTENT
Set a reminder for standup.,REMINDER
Interview moved to Monday,EVENT
Planning session this evening.,EVENT
Remind me to update Jira,REMINDER
Remind me to submit timesheet,REMINDER
lol that’s funny,NO_INTENT
Please remind me before EOD,REMINDER
Sounds good,NO_INTENT
lol that’s funny,NO_INTENT
No issues so far.,NO_INTENT
Demo scheduled for Friday.,EVENT
Finish the feature today,TASK
Thanks.,NO_INTENT
Townhall next week,EVENT
Remind me to submit timesheet.,REMINDER
Run regression tests,TASK
Demo scheduled for Friday,EVENT
Daily scrum at 11,EVENT
Ping me to review PR,REMINDER
Done already.,NO_INTENT
Ping me to review PR.,REMINDER
need reminder for release,REMINDER
Please remind me before EOD,REMINDER
finish the feature today,TASK
Reminder to push code.,REMINDER
Planning session this evening,EVENT
Close the ticket.,TASK
haha okay.,NO_INTENT
client call tomorrow.,EVENT
Close the ticket.,TASK
Remind me to submit timesheet,REMINDER
all good from my side.,NO_INTENT
looks good to me.,NO_INTENT
close the ticket.,TASK
Merge the branch.,TASK
Townhall next week,EVENT
Cool.,NO_INTENT
need a reminder for demo.,REMINDER
Tech discussion at 3 PM,EVENT
Complete the test cases,TASK
Push the code to main,TASK
Standup at 10am,EVENT
Update environment configs.,TASK
Reminder to push code,REMINDER
Sprint planning tomorrow.,EVENT
Prod issue call in 10 mins,EVENT
Sprint planning tomorrow.,EVENT
Reminder to push code,REMINDER
Quick call now.,EVENT
Client call tomorrow,EVENT
Update environment configs,TASK
Reminder to push code,REMINDER
Looks good to me,NO_INTENT
Don’t let me forget the meeting,REMINDER
Done already,NO_INTENT
Complete the test cases.,TASK
Release call tonight,EVENT
Thanks,NO_INTENT
Review the PR,TASK
Can you remind me later,REMINDER
Yep.,NO_INTENT
Makes sense,NO_INTENT
validate api responses,TASK
all good from my side,NO_INTENT
Need reminder for release,REMINDER
Ping me to review PR,REMINDER
Merge the branch,TASK
prepare slides for demo,TASK
Remind me to check logs.,REMINDER
Okay got it,NO_INTENT
Remind me to check logs,REMINDER
please remind me before eod,REMINDER
fix the prod bug.,TASK
Makes sense.,NO_INTENT
reminder to push code,REMINDER
Yep,NO_INTENT
Remind me to deploy after lunch,REMINDER
makes sense,NO_INTENT
Cool.,NO_INTENT
Remind me to check logs,REMINDER
Standup at 10am.,EVENT
deploy to staging.,TASK
Remind me to check logs,REMINDER
standup at 10am,EVENT
Reminder to push code,REMINDER
Update environment configs,TASK
Townhall next week.,EVENT
Set reminder for client call,REMINDER
Okay got it,NO_INTENT
Let’s sync at 4 today,EVENT
Sprint planning tomorrow,EVENT
Ping me to review PR,REMINDER
Makes sense,NO_INTENT
Okay got it.,NO_INTENT
Review the PR,TASK
Demo scheduled for Friday,EVENT
Need reminder for release,REMINDER
Planning session this evening,EVENT
Remind me to update Jira,REMINDER
Complete the test cases,TASK
remind me to check logs,REMINDER
Can you remind me later.,REMINDER
Standup at 10am,EVENT
Please remind me before EOD.,REMINDER
merge the branch,TASK
Looks good to me,NO_INTENT
remind me to submit timesheet,REMINDER
update environment configs,TASK
Standup at 10am,EVENT
Daily scrum at 11,EVENT
We discussed this earlier,NO_INTENT
Set a reminder for standup,REMINDER
remind me to update jira,REMINDER
Haha okay,NO_INTENT
Merge the branch,TASK
raise a jira ticket,TASK
lol that’s funny,NO_INTENT
Planning session this evening,EVENT
Townhall next week,EVENT
haha okay,NO_INTENT
Complete the test cases,TASK
ping me to review pr.,REMINDER
All good from my side.,NO_INTENT
lol that’s funny,NO_INTENT
No issues so far.,NO_INTENT
Push the code to main,TASK
Deploy to staging,TASK
Finish the feature today,TASK
let’s sync at 4 today,EVENT
Reminder for sprint retro,REMINDER
Complete the test cases.,TASK
Ping me to review PR,REMINDER
Done already.,NO_INTENT
we discussed this earlier,NO_INTENT
I was on leave yesterday,NO_INTENT
Remind me to submit timesheet,REMINDER
Standup at 10am,EVENT
need a reminder for demo,REMINDER
Reminder to push code,REMINDER
Run regression tests,TASK
complete the test cases,TASK
I was on leave yesterday.,NO_INTENT
Haha okay,NO_INTENT
Demo scheduled for Friday,EVENT
Need a reminder for demo,REMINDER
All good from my side.,NO_INTENT
no issues so far,NO_INTENT
Demo scheduled for Friday,EVENT
close the ticket,TASK
Can you remind me later,REMINDER
Reminder for sprint retro.,REMINDER
Haha okay.,NO_INTENT
Yep,NO_INTENT
1:1 with manager today,EVENT
Standup at 10am.,EVENT
All good from my side,NO_INTENT
Push the code to main,TASK
lol that’s funny.,NO_INTENT
done already,NO_INTENT
no issues so far,NO_INTENT
1:1 with manager today,EVENT
thanks,NO_INTENT
Makes sense,NO_INTENT
Let’s sync at 4 today,EVENT
Merge the branch,TASK
Update the doc in Confluence.,TASK
Meeting with QA post lunch.,EVENT
Check the logs,TASK
Meeting with QA post lunch.,EVENT
Prod issue call in 10 mins,EVENT
Set a reminder for standup.,REMINDER
Yep,NO_INTENT
lol that’s funny,NO_INTENT
Ping me to review PR,REMINDER
No issues so far.,NO_INTENT
Sounds good,NO_INTENT
Noted,NO_INTENT
Sprint planning tomorrow,EVENT
Interview moved to Monday,EVENT
Please remind me before EOD,REMINDER
Set a reminder for standup,REMINDER
cool,NO_INTENT
Remind me about PR review,REMINDER
Fix the prod bug.,TASK
Can you remind me later,REMINDER
Demo scheduled for Friday,EVENT
Demo scheduled for Friday,EVENT
Can you remind me later,REMINDER
Release call tonight,EVENT
Yep.,NO_INTENT
Can you remind me later.,REMINDER
Haha okay.,NO_INTENT
makes sense,NO_INTENT
Townhall next week.,EVENT
Prepare slides for demo.,TASK
haha okay.,NO_INTENT
Raise a Jira ticket,TASK
Makes sense,NO_INTENT
Noted.,NO_INTENT
1:1 with manager today,EVENT
Reminder to push code,REMINDER
Cool.,NO_INTENT
Can you remind me later,REMINDER
Merge the branch,TASK
Merge the branch,TASK
Quick call now,EVENT
Client call tomorrow,EVENT
Can you remind me later,REMINDER
validate api responses,TASK
Planning session this evening,EVENT
Planning session this evening.,EVENT
let’s sync at 4 today,EVENT
Client call tomorrow,EVENT
Meeting with QA post lunch,EVENT
Interview moved to Monday.,EVENT
Sounds good,NO_INTENT
Raise a Jira ticket,TASK
Sounds good,NO_INTENT
sprint planning tomorrow,EVENT
No issues so far,NO_INTENT
Don’t let me forget the meeting,REMINDER
all good from my side.,NO_INTENT
Demo scheduled for Friday,EVENT
Daily scrum at 11.,EVENT
Update the doc in Confluence,TASK
Please remind me before EOD.,REMINDER
Update environment configs,TASK
sprint planning tomorrow.,EVENT
need reminder for release,REMINDER
Okay got it,NO_INTENT
Planning session this evening,EVENT
Yep.,NO_INTENT
We discussed this earlier,NO_INTENT
Fix the prod bug,TASK
Reminder for sprint retro,REMINDER
Thanks,NO_INTENT
don’t let me forget the meeting,REMINDER
Let’s sync at 4 today.,EVENT
remind me to submit timesheet.,REMINDER
Reminder for sprint retro.,REMINDER
Makes sense,NO_INTENT
lol that’s funny.,NO_INTENT
Fix the prod bug,TASK
Complete the test cases.,TASK
I was on leave yesterday,NO_INTENT
Prepare slides for demo.,TASK
Set a reminder for standup,REMINDER
Reminder for sprint retro,REMINDER
Done already.,NO_INTENT
fix the prod bug.,TASK
Quick call now,EVENT
Merge the branch.,TASK
please remind me before eod.,REMINDER
Meeting with QA post lunch,EVENT
Validate API responses,TASK
Cool,NO_INTENT
complete the test cases,TASK
No issues so far,NO_INTENT
I was on leave yesterday,NO_INTENT
Remind me to deploy after lunch,REMINDER
Planning session this evening.,EVENT
Reminder to push code.,REMINDER
Makes sense,NO_INTENT
Update the doc in Confluence,TASK
Townhall next week.,EVENT
Run regression tests,TASK
tech discussion at 3 pm,EVENT
Remind me to check logs,REMINDER
remind me to update jira.,REMINDER
Prepare slides for demo,TASK
Demo scheduled for Friday,EVENT
Please remind me before EOD,REMINDER
Demo scheduled for Friday,EVENT
can you remind me later.,REMINDER
noted.,NO_INTENT
remind me to submit timesheet,REMINDER
Meeting with QA post lunch,EVENT
No issues so far,NO_INTENT
Update environment configs,TASK
close the ticket,TASK
lol that’s funny,NO_INTENT
Interview moved to Monday.,EVENT
Prod issue call in 10 mins.,EVENT
Quick call now,EVENT
No issues so far.,NO_INTENT
remind me to check logs,REMINDER
Makes sense,NO_INTENT
Planning session this evening,EVENT
Update the doc in Confluence.,TASK
Release call tonight,EVENT
Okay got it,NO_INTENT
Thanks,NO_INTENT
validate api responses,TASK
I was on leave yesterday,NO_INTENT
can you remind me later,REMINDER
Remind me to update Jira,REMINDER
Tech discussion at 3 PM,EVENT
all good from my side.,NO_INTENT
Merge the branch,TASK
I was on leave yesterday,NO_INTENT
Okay got it,NO_INTENT
done already,NO_INTENT
Sprint planning tomorrow.,EVENT
Don’t let me forget the meeting.,REMINDER
yep,NO_INTENT
Quick call now.,EVENT
Need a reminder for demo,REMINDER
Done already,NO_INTENT
Fix the prod bug,TASK
Raise a Jira ticket.,TASK
Noted,NO_INTENT
All good from my side,NO_INTENT
Haha okay,NO_INTENT
Don’t let me forget the meeting,REMINDER
Review the PR.,TASK
We discussed this earlier,NO_INTENT
Check the logs,TASK
Quick call now,EVENT
Fix the prod bug.,TASK
Don’t let me forget the meeting.,REMINDER
Sounds good,NO_INTENT
complete the test cases,TASK
Haha okay,NO_INTENT
Okay got it,NO_INTENT
Let’s sync at 4 today,EVENT
1:1 with manager today.,EVENT
don’t let me forget the meeting,REMINDER
Close the ticket,TASK
Sounds good,NO_INTENT
Sounds good,NO_INTENT
1:1 with manager today,EVENT
deploy to staging.,TASK
need a reminder for demo.,REMINDER
Raise a Jira ticket,TASK
run regression tests,TASK
Fix the prod bug.,TASK
Ping me to review PR,REMINDER
remind me to check logs.,REMINDER
I was on leave yesterday,NO_INTENT
Finish the feature today,TASK
Okay got it,NO_INTENT
Done already,NO_INTENT
Client call tomorrow,EVENT
Tech discussion at 3 PM.,EVENT
finish the feature today,TASK
Remind me to deploy after lunch,REMINDER
Deploy to staging.,TASK
Ping me to review PR,REMINDER
Okay got it,NO_INTENT
Looks good to me.,NO_INTENT
Tech discussion at 3 PM.,EVENT
Meeting with QA post lunch,EVENT
Haha okay,NO_INTENT
Interview moved to Monday.,EVENT
Remind me to update Jira.,REMINDER
reminder for sprint retro.,REMINDER
prepare slides for demo,TASK
Release call tonight.,EVENT
Need a reminder for demo.,REMINDER
We discussed this earlier.,NO_INTENT
update environment configs,TASK
cool,NO_INTENT
Check the logs.,TASK
Yep,NO_INTENT
Interview moved to Monday,EVENT
sprint planning tomorrow,EVENT
Standup at 10am,EVENT
set a reminder for standup,REMINDER
Looks good to me.,NO_INTENT
validate api responses,TASK
Raise a Jira ticket,TASK
Set a reminder for standup,REMINDER
Quick call now,EVENT
Set reminder for client call,REMINDER
All good from my side.,NO_INTENT
Release call tonight,EVENT
Merge the branch,TASK
Ping me to review PR.,REMINDER
remind me to update jira.,REMINDER
Remind me to check logs,REMINDER
Prod issue call in 10 mins.,EVENT
Cool,NO_INTENT
We discussed this earlier,NO_INTENT
Please remind me before EOD,REMINDER
Quick call now,EVENT
lol that’s funny.,NO_INTENT
done already.,NO_INTENT
Thanks,NO_INTENT
close the ticket,TASK
Planning session this evening,EVENT
Remind me to submit timesheet.,REMINDER
Looks good to me,NO_INTENT
Release call tonight.,EVENT
Remind me about PR review.,REMINDER
Quick call now,EVENT
Let’s sync at 4 today,EVENT
Sounds good,NO_INTENT
Check the logs.,TASK
demo scheduled for friday,EVENT
Meeting with QA post lunch.,EVENT
demo scheduled for friday,EVENT
let’s sync at 4 today.,EVENT
Sprint planning tomorrow,EVENT
release call tonight,EVENT
Complete the test cases,TASK
fix the prod bug.,TASK
Townhall next week,EVENT
Remind me about PR review,REMINDER
Remind me to submit timesheet,REMINDER
Noted,NO_INTENT
Tech discussion at 3 PM,EVENT
We discussed this earlier,NO_INTENT
All good from my side,NO_INTENT
Townhall next week.,EVENT
interview moved to monday.,EVENT
close the ticket,TASK
Client call tomorrow.,EVENT
Sprint planning tomorrow,EVENT
remind me to submit timesheet.,REMINDER
Finish the feature today,TASK
Close the ticket.,TASK
Cool,NO_INTENT
Remind me to submit timesheet,REMINDER
Okay got it,NO_INTENT
Finish the feature today,TASK
Client call tomorrow,EVENT
Merge the branch,TASK
Prod issue call in 10 mins,EVENT
Run regression tests,TASK
Standup at 10am.,EVENT
Merge the branch,TASK
Complete the test cases.,TASK
lol that’s funny.,NO_INTENT
I was on leave yesterday,NO_INTENT
thanks,NO_INTENT
Review the PR,TASK
Set reminder for client call.,REMINDER
Townhall next week.,EVENT
i was on leave yesterday.,NO_INTENT
Validate API responses.,TASK
Close the ticket,TASK
Need a reminder for demo,REMINDER
Remind me to submit timesheet,REMINDER
1:1 with manager today,EVENT
Finish the feature today,TASK
All good from my side,NO_INTENT
Townhall next week,EVENT
daily scrum at 11,EVENT
No issues so far,NO_INTENT
No issues so far,NO_INTENT
push the code to main.,TASK
can you remind me later,REMINDER
Deploy to staging,TASK
haha okay,NO_INTENT
Yep.,NO_INTENT
need a reminder for demo,REMINDER
Need a reminder for demo,REMINDER
Run regression tests,TASK
sounds good,NO_INTENT
Deploy to staging,TASK
Looks good to me,NO_INTENT
Okay got it,NO_INTENT
Fix the prod bug,TASK
I was on leave yesterday.,NO_INTENT
Tech discussion at 3 PM.,EVENT
I was on leave yesterday.,NO_INTENT
Validate API responses,TASK
can you remind me later,REMINDER
Prod issue call in 10 mins,EVENT
Finish the feature today,TASK
Review the PR,TASK
1:1 with manager today,EVENT
Reminder for sprint retro,REMINDER
can you remind me later,REMINDER
Remind me to submit timesheet,REMINDER
set a reminder for standup,REMINDER
standup at 10am,EVENT
Don’t let me forget the meeting,REMINDER
Set a reminder for standup,REMINDER
Finish the feature today,TASK
lol that’s funny,NO_INTENT
prod issue call in 10 mins.,EVENT
Client call tomorrow,EVENT
Standup at 10am,EVENT
push the code to main,TASK
Sprint planning tomorrow,EVENT
Done already,NO_INTENT
Remind me to deploy after lunch,REMINDER
Remind me to check logs,REMINDER
Daily scrum at 11,EVENT
Interview moved to Monday,EVENT
ping me to review pr.,REMINDER
Remind me to update Jira,REMINDER
Remind me to check logs.,REMINDER
check the logs.,TASK
Daily scrum at 11,EVENT
daily scrum at 11,EVENT
Standup at 10am,EVENT
okay got it.,NO_INTENT
Run regression tests,TASK
Thanks,NO_INTENT
demo scheduled for friday,EVENT
Merge the branch,TASK
Ping me to review PR.,REMINDER
Complete the test cases,TASK
Planning session this evening,EVENT
Makes sense,NO_INTENT
Done already.,NO_INTENT
Push the code to main,TASK
Update the doc in Confluence,TASK
Let’s sync at 4 today.,EVENT
Complete the test cases,TASK
thanks,NO_INTENT
Review the PR,TASK
Standup at 10am.,EVENT
Please remind me before EOD,REMINDER
Check the logs.,TASK
Run regression tests,TASK
Can you remind me later,REMINDER
cool.,NO_INTENT
Standup at 10am,EVENT
All good from my side,NO_INTENT
Remind me to deploy after lunch,REMINDER
Complete the test cases.,TASK
Remind me about PR review.,REMINDER
Client call tomorrow.,EVENT
Need a reminder for demo.,REMINDER
deploy to staging.,TASK
lol that’s funny,NO_INTENT
Let’s sync at 4 today,EVENT
Townhall next week.,EVENT
Finish the feature today,TASK
Release call tonight.,EVENT
Set a reminder for standup,REMINDER
Remind me about PR review.,REMINDER
I was on leave yesterday.,NO_INTENT
Remind me to submit timesheet,REMINDER
Close the ticket,TASK
Finish the feature today.,TASK
Reminder for sprint retro.,REMINDER
Merge the branch,TASK
Townhall next week.,EVENT
Set reminder for client call.,REMINDER
lol that’s funny,NO_INTENT
Validate API responses,TASK
lol that’s funny,NO_INTENT
Push the code to main.,TASK
Reminder to push code,REMINDER
lol that’s funny,NO_INTENT
Set a reminder for standup,REMINDER
ping me to review pr,REMINDER
Update the doc in Confluence.,TASK
please remind me before eod.,REMINDER
Cool,NO_INTENT
all good from my side,NO_INTENT
thanks.,NO_INTENT
Ping me to review PR,REMINDER
Haha okay,NO_INTENT
Remind me to check logs,REMINDER
townhall next week.,EVENT
Daily scrum at 11,EVENT
Merge the branch,TASK
Need a reminder for demo,REMINDER
Yep,NO_INTENT
Close the ticket,TASK
Set a reminder for standup,REMINDER
All good from my side,NO_INTENT
Release call tonight.,EVENT
demo scheduled for friday,EVENT
We discussed this earlier,NO_INTENT
Push the code to main.,TASK
Noted,NO_INTENT
Check the logs,TASK
I was on leave yesterday.,NO_INTENT
all good from my side.,NO_INTENT
Remind me to deploy after lunch,REMINDER
townhall next week,EVENT
Thanks,NO_INTENT
Raise a Jira ticket,TASK
Raise a Jira ticket,TASK
All good from my side,NO_INTENT
sounds good.,NO_INTENT
Cool,NO_INTENT
standup at 10am,EVENT
remind me to update jira,REMINDER
Noted,NO_INTENT
Done already.,NO_INTENT
We discussed this earlier.,NO_INTENT
Quick call now,EVENT
planning session this evening.,EVENT
let’s sync at 4 today,EVENT
we discussed this earlier,NO_INTENT
lol that’s funny,NO_INTENT
Sprint planning tomorrow,EVENT
We discussed this earlier,NO_INTENT
Raise a Jira ticket.,TASK
Cool,NO_INTENT
Reminder for sprint retro.,REMINDER
Noted.,NO_INTENT
Interview moved to Monday,EVENT
run regression tests,TASK
don’t let me forget the meeting,REMINDER
makes sense,NO_INTENT
Cool,NO_INTENT
Daily scrum at 11,EVENT
cool,NO_INTENT
Please remind me before EOD,REMINDER
Client call tomorrow,EVENT
update environment configs,TASK
Release call tonight.,EVENT
Cool.,NO_INTENT
Close the ticket,TASK
Planning session this evening,EVENT
Please remind me before EOD,REMINDER
Finish the feature today,TASK
Reminder to push code,REMINDER
Townhall next week.,EVENT
Need a reminder for demo,REMINDER
Meeting with QA post lunch,EVENT
Remind me to check logs.,REMINDER
Let’s sync at 4 today,EVENT
haha okay.,NO_INTENT
Quick call now.,EVENT
Complete the test cases.,TASK
Sprint planning tomorrow.,EVENT
All good from my side,NO_INTENT
Finish the feature today,TASK
Prepare slides for demo,TASK
Reminder for sprint retro,REMINDER
tech discussion at 3 pm,EVENT
Set a reminder for standup,REMINDER
Fix the prod bug,TASK
Remind me about PR review,REMINDER
can you remind me later,REMINDER
1:1 with manager today,EVENT
Okay got it,NO_INTENT
Deploy to staging,TASK
Remind me to deploy after lunch,REMINDER
Let’s sync at 4 today,EVENT
Cool,NO_INTENT
run regression tests,TASK
Client call tomorrow,EVENT
fix the prod bug,TASK
Update environment configs,TASK
complete the test cases,TASK
Remind me to check logs,REMINDER
We discussed this earlier.,NO_INTENT
can you remind me later,REMINDER
Need reminder for release.,REMINDER
Finish the feature today.,TASK
Need reminder for release,REMINDER
Check the logs,TASK
Ping me to review PR.,REMINDER
Run regression tests.,TASK
Standup at 10am,EVENT
remind me to submit timesheet,REMINDER
townhall next week,EVENT
Remind me to submit timesheet,REMINDER
check the logs,TASK
Demo scheduled for Friday,EVENT
Finish the feature today,TASK
Validate API responses,TASK
1:1 with manager today,EVENT
1:1 with manager today,EVENT
Remind me to check logs,REMINDER
Review the PR,TASK
Reminder for sprint retro,REMINDER
Update the doc in Confluence.,TASK
Check the logs.,TASK
Raise a Jira ticket.,TASK
Sprint planning tomorrow,EVENT
Don’t let me forget the meeting,REMINDER
Raise a Jira ticket,TASK
I was on leave yesterday.,NO_INTENT
Prod issue call in 10 mins,EVENT
Need reminder for release,REMINDER
Run regression tests,TASK
Ping me to review PR.,REMINDER
raise a jira ticket,TASK
Can you remind me later,REMINDER
1:1 with manager today,EVENT
Remind me to submit timesheet.,REMINDER
Set a reminder for standup,REMINDER
All good from my side.,NO_INTENT
I was on leave yesterday.,NO_INTENT
Yep,NO_INTENT
Raise a Jira ticket.,TASK
Haha okay,NO_INTENT
Raise a Jira ticket.,TASK
Makes sense,NO_INTENT
Check the logs,TASK
Remind me to update Jira,REMINDER
Review the PR,TASK
Noted,NO_INTENT
Remind me to update Jira,REMINDER
Remind me to update Jira.,REMINDER
ping me to review pr.,REMINDER
Run regression tests,TASK
Standup at 10am,EVENT
Push the code to main,TASK
deploy to staging,TASK
1:1 with manager today,EVENT
Remind me about PR review,REMINDER
Townhall next week,EVENT
Can you remind me later.,REMINDER
raise a jira ticket,TASK
Fix the prod bug.,TASK
Reminder to push code,REMINDER
All good from my side,NO_INTENT
Standup at 10am,EVENT
All good from my side,NO_INTENT
daily scrum at 11,EVENT
Set reminder for client call.,REMINDER
Run regression tests,TASK
Deploy to staging,TASK
reminder to push code,REMINDER
Sounds good,NO_INTENT
1:1 with manager today,EVENT
quick call now,EVENT
Tech discussion at 3 PM.,EVENT
Prepare slides for demo,TASK
lol that’s funny,NO_INTENT
Daily scrum at 11,EVENT
Noted,NO_INTENT
Ping me to review PR,REMINDER
fix the prod bug,TASK
Looks good to me,NO_INTENT
Raise a Jira ticket,TASK
Run regression tests,TASK
Tech discussion at 3 PM.,EVENT
Set a reminder for standup.,REMINDER
Complete the test cases,TASK
Daily scrum at 11,EVENT
Haha okay.,NO_INTENT
Cool.,NO_INTENT
Tech discussion at 3 PM,EVENT
Set reminder for client call,REMINDER
Close the ticket,TASK
prepare slides for demo,TASK
Run regression tests.,TASK
Close the ticket,TASK
Demo scheduled for Friday,EVENT
Prepare slides for demo.,TASK
update environment configs,TASK
Standup at 10am,EVENT
We discussed this earlier,NO_INTENT
Demo scheduled for Friday,EVENT
Fix the prod bug,TASK
Merge the branch,TASK
Run regression tests,TASK
Tech discussion at 3 PM,EVENT
Reminder to push code,REMINDER
Cool,NO_INTENT
noted,NO_INTENT
Remind me to update Jira.,REMINDER
Haha okay,NO_INTENT
Done already,NO_INTENT
Standup at 10am.,EVENT
Can you remind me later,REMINDER
run regression tests.,TASK
let’s sync at 4 today.,EVENT
Ping me to review PR,REMINDER
remind me to update jira,REMINDER
looks good to me,NO_INTENT
Done already,NO_INTENT
Reminder for sprint retro,REMINDER
Check the logs,TASK
Review the PR,TASK
Haha okay,NO_INTENT
need reminder for release,REMINDER
remind me to update jira,REMINDER
Thanks,NO_INTENT
Deploy to staging.,TASK
Let’s sync at 4 today,EVENT
Client call tomorrow,EVENT
We discussed this earlier.,NO_INTENT
Makes sense,NO_INTENT
Noted,NO_INTENT
daily scrum at 11,EVENT
Looks good to me,NO_INTENT
please remind me before eod.,REMINDER
Update the doc in Confluence,TASK
Need reminder for release.,REMINDER
update environment configs.,TASK
looks good to me,NO_INTENT
remind me about pr review,REMINDER
Deploy to staging,TASK
Let’s sync at 4 today,EVENT
daily scrum at 11.,EVENT
Set a reminder for standup.,REMINDER
Demo scheduled for Friday,EVENT
done already.,NO_INTENT
update environment configs,TASK
Remind me to deploy after lunch.,REMINDER
raise a jira ticket,TASK
demo scheduled for friday,EVENT
Set reminder for client call,REMINDER
okay got it.,NO_INTENT
push the code to main,TASK
Remind me about PR review.,REMINDER
Close the ticket,TASK
I was on leave yesterday,NO_INTENT
Looks good to me.,NO_INTENT
Noted.,NO_INTENT
Review the PR,TASK
All good from my side,NO_INTENT
Review the PR,TASK
ping me to review pr,REMINDER
Validate API responses.,TASK
Townhall next week.,EVENT
Prod issue call in 10 mins.,EVENT
Remind me to submit timesheet.,REMINDER
Release call tonight,EVENT
Remind me to submit timesheet,REMINDER
Yep,NO_INTENT
Sprint planning tomorrow.,EVENT
Raise a Jira ticket,TASK
Interview moved to Monday,EVENT
close the ticket,TASK
reminder for sprint retro,REMINDER
reminder for sprint retro,REMINDER
We discussed this earlier,NO_INTENT
Reminder for sprint retro,REMINDER
All good from my side,NO_INTENT
Thanks,NO_INTENT
Reminder to push code,REMINDER
All good from my side.,NO_INTENT
Remind me to submit timesheet.,REMINDER
Check the logs,TASK
Fix the prod bug.,TASK
lol that’s funny,NO_INTENT
Update environment configs.,TASK
Set reminder for client call.,REMINDER
sprint planning tomorrow.,EVENT
Close the ticket,TASK
remind me to check logs.,REMINDER
remind me about pr review,REMINDER
complete the test cases.,TASK
check the logs,TASK
Push the code to main,TASK
Makes sense,NO_INTENT
Prepare slides for demo,TASK
sounds good,NO_INTENT
Reminder to push code,REMINDER
1:1 with manager today,EVENT
Fix the prod bug,TASK
Standup at 10am.,EVENT
Okay got it,NO_INTENT
Prepare slides for demo,TASK
Okay got it,NO_INTENT
Need reminder for release.,REMINDER
Okay got it,NO_INTENT
Yep,NO_INTENT
Merge the branch,TASK
Interview moved to Monday.,EVENT
yep,NO_INTENT
I was on leave yesterday,NO_INTENT
Client call tomorrow,EVENT
Update the doc in Confluence.,TASK
Meeting with QA post lunch,EVENT
Can you remind me later.,REMINDER
No issues so far,NO_INTENT
thanks,NO_INTENT
Let’s sync at 4 today.,EVENT
Cool.,NO_INTENT
Remind me to deploy after lunch,REMINDER
Finish the feature today,TASK
prepare slides for demo.,TASK
Update the doc in Confluence,TASK
Townhall next week,EVENT
Reminder to push code.,REMINDER
Client call tomorrow,EVENT
Push the code to main,TASK
Daily scrum at 11.,EVENT
Validate API responses,TASK
We discussed this earlier,NO_INTENT
Quick call now,EVENT
update the doc in confluence,TASK
Raise a Jira ticket,TASK
We discussed this earlier,NO_INTENT
standup at 10am.,EVENT
Check the logs,TASK
Townhall next week.,EVENT
Need reminder for release,REMINDER
Check the logs,TASK
Check the logs,TASK
Remind me to check logs,REMINDER
Remind me to update Jira,REMINDER
Reminder to push code,REMINDER
Raise a Jira ticket,TASK
Makes sense,NO_INTENT
Deploy to staging,TASK
Done already,NO_INTENT
Sprint planning tomorrow.,EVENT
Remind me to submit timesheet,REMINDER
Thanks,NO_INTENT
Remind me to check logs.,REMINDER
Meeting with QA post lunch.,EVENT
Looks good to me,NO_INTENT
all good from my side,NO_INTENT
daily scrum at 11.,EVENT
Push the code to main.,TASK
close the ticket.,TASK
Haha okay,NO_INTENT
haha okay,NO_INTENT
Demo scheduled for Friday,EVENT
Need reminder for release,REMINDER
Prepare slides for demo.,TASK
Tech discussion at 3 PM,EVENT
Please remind me before EOD,REMINDER
Remind me to check logs,REMINDER
lol that’s funny,NO_INTENT
Raise a Jira ticket,TASK
Update environment configs,TASK
Review the PR,TASK
Standup at 10am,EVENT
Close the ticket,TASK
Close the ticket.,TASK
Interview moved to Monday,EVENT
Daily scrum at 11,EVENT
Push the code to main.,TASK
Standup at 10am.,EVENT
sprint planning tomorrow,EVENT
Thanks.,NO_INTENT
Don’t let me forget the meeting.,REMINDER
Run regression tests,TASK
Done already,NO_INTENT
Fix the prod bug,TASK
Yep.,NO_INTENT
sounds good,NO_INTENT
Remind me to deploy after lunch,REMINDER
need a reminder for demo,REMINDER
Prod issue call in 10 mins,EVENT
Reminder to push code.,REMINDER
Remind me to check logs,REMINDER
no issues so far,NO_INTENT
Update environment configs,TASK
Review the PR,TASK
Daily scrum at 11,EVENT
Don’t let me forget the meeting,REMINDER
Remind me to update Jira,REMINDER
makes sense,NO_INTENT
I was on leave yesterday,NO_INTENT
Close the ticket.,TASK
Sounds good,NO_INTENT
Looks good to me.,NO_INTENT
Quick call now,EVENT
push the code to main,TASK
Finish the feature today,TASK
let’s sync at 4 today,EVENT
Quick call now.,EVENT
Quick call now,EVENT
Can you remind me later,REMINDER
Standup at 10am,EVENT
Remind me to submit timesheet,REMINDER
Reminder to push code.,REMINDER
Release call tonight,EVENT
Planning session this evening,EVENT
Check the logs.,TASK
I was on leave yesterday,NO_INTENT
Sounds good.,NO_INTENT
Update environment configs,TASK
Makes sense.,NO_INTENT
1:1 with manager today.,EVENT
Need reminder for release,REMINDER
No issues so far.,NO_INTENT
Reminder to push code,REMINDER
i was on leave yesterday.,NO_INTENT
remind me to update jira.,REMINDER
Makes sense,NO_INTENT
Reminder to push code,REMINDER
Ping me to review PR,REMINDER
please remind me before eod.,REMINDER
close the ticket,TASK
Deploy to staging.,TASK
push the code to main,TASK
Reminder for sprint retro,REMINDER
Finish the feature today,TASK
Reminder for sprint retro,REMINDER
Set reminder for client call,REMINDER
Prod issue call in 10 mins,EVENT
Okay got it,NO_INTENT
i was on leave yesterday,NO_INTENT
lol that’s funny.,NO_INTENT
i was on leave yesterday,NO_INTENT
1:1 with manager today,EVENT
Interview moved to Monday,EVENT
Planning session this evening,EVENT
I was on leave yesterday,NO_INTENT
Close the ticket,TASK
Meeting with QA post lunch,EVENT
All good from my side.,NO_INTENT
No issues so far,NO_INTENT
Thanks,NO_INTENT
Push the code to main,TASK
Complete the test cases,TASK
lol that’s funny,NO_INTENT
set reminder for client call,REMINDER
Sprint planning tomorrow,EVENT
Demo scheduled for Friday,EVENT
Run regression tests.,TASK
i was on leave yesterday,NO_INTENT
prod issue call in 10 mins,EVENT
demo scheduled for friday,EVENT
We discussed this earlier,NO_INTENT
client call tomorrow,EVENT
All good from my side.,NO_INTENT
update environment configs.,TASK
Update the doc in Confluence,TASK
Need a reminder for demo,REMINDER
1:1 with manager today,EVENT
Remind me about PR review.,REMINDER
No issues so far,NO_INTENT
Can you remind me later,REMINDER
No issues so far,NO_INTENT
cool,NO_INTENT
Tech discussion at 3 PM.,EVENT
Remind me to submit timesheet,REMINDER
lol that’s funny,NO_INTENT
Remind me to check logs.,REMINDER
Please remind me before EOD,REMINDER
Thanks,NO_INTENT
Need a reminder for demo,REMINDER
Can you remind me later.,REMINDER
Done already,NO_INTENT
Sprint planning tomorrow,EVENT
Meeting with QA post lunch,EVENT
1:1 with manager today.,EVENT
push the code to main,TASK
Sounds good.,NO_INTENT
Noted,NO_INTENT
Prepare slides for demo.,TASK
lol that’s funny.,NO_INTENT
Quick call now,EVENT
prod issue call in 10 mins,EVENT
Haha okay,NO_INTENT
client call tomorrow,EVENT
Need a reminder for demo.,REMINDER
Let’s sync at 4 today,EVENT
Reminder for sprint retro,REMINDER
Can you remind me later,REMINDER
Raise a Jira ticket,TASK
let’s sync at 4 today,EVENT
Review the PR.,TASK
tech discussion at 3 pm,EVENT
Need reminder for release.,REMINDER
Fix the prod bug,TASK
interview moved to monday.,EVENT
Fix the prod bug.,TASK
reminder for sprint retro,REMINDER
Please remind me before EOD.,REMINDER
Daily scrum at 11,EVENT
Fix the prod bug.,TASK
Done already,NO_INTENT
review the pr,TASK
Standup at 10am,EVENT
Validate API responses.,TASK
Update environment configs,TASK
reminder for sprint retro.,REMINDER
Done already,NO_INTENT
Interview moved to Monday,EVENT
Raise a Jira ticket,TASK
Ping me to review PR,REMINDER
Don’t let me forget the meeting,REMINDER
Need a reminder for demo,REMINDER
Finish the feature today,TASK
Interview moved to Monday,EVENT
Reminder to push code,REMINDER
Cool,NO_INTENT
prepare slides for demo.,TASK
Remind me to submit timesheet,REMINDER
validate api responses.,TASK
update environment configs.,TASK
Client call tomorrow.,EVENT
Update the doc in Confluence.,TASK
Merge the branch,TASK
Push the code to main,TASK
1:1 with manager today,EVENT
sounds good,NO_INTENT
Prod issue call in 10 mins.,EVENT
No issues so far,NO_INTENT
No issues so far,NO_INTENT
No issues so far.,NO_INTENT
ping me to review pr.,REMINDER
Close the ticket,TASK
Sounds good,NO_INTENT
Client call tomorrow,EVENT
Quick call now.,EVENT
Set reminder for client call,REMINDER
Don’t let me forget the meeting.,REMINDER
Reminder to push code,REMINDER
Yep.,NO_INTENT
Okay got it,NO_INTENT
No issues so far,NO_INTENT
Prepare slides for demo,TASK
Validate API responses,TASK
set reminder for client call.,REMINDER
Tech discussion at 3 PM,EVENT
no issues so far,NO_INTENT
Let’s sync at 4 today,EVENT
Need a reminder for demo,REMINDER
can you remind me later.,REMINDER
Okay got it,NO_INTENT
set reminder for client call,REMINDER
validate api responses,TASK
Merge the branch,TASK
Validate API responses,TASK
Set reminder for client call,REMINDER
update environment configs.,TASK
Townhall next week.,EVENT
Raise a Jira ticket,TASK
daily scrum at 11,EVENT
release call tonight,EVENT
Ping me to review PR,REMINDER
release call tonight.,EVENT
Meeting with QA post lunch,EVENT
No issues so far.,NO_INTENT
push the code to main,TASK
prod issue call in 10 mins,EVENT
Noted.,NO_INTENT
no issues so far,NO_INTENT
standup at 10am,EVENT
okay got it,NO_INTENT
Update environment configs,TASK
Townhall next week,EVENT
planning session this evening,EVENT
Remind me to check logs,REMINDER
review the pr.,TASK
Remind me to check logs.,REMINDER
Raise a Jira ticket,TASK
All good from my side,NO_INTENT
Client call tomorrow.,EVENT
looks good to me,NO_INTENT
Update the doc in Confluence.,TASK
Update environment configs,TASK
No issues so far,NO_INTENT
remind me to deploy after lunch,REMINDER
Planning session this evening.,EVENT
Quick call now,EVENT
Haha okay,NO_INTENT
need a reminder for demo.,REMINDER
Noted.,NO_INTENT
Remind me about PR review,REMINDER
Remind me about PR review,REMINDER
Raise a Jira ticket,TASK
tech discussion at 3 pm.,EVENT
Review the PR.,TASK
Remind me to deploy after lunch,REMINDER
Close the ticket.,TASK
Demo scheduled for Friday,EVENT
Release call tonight,EVENT
run regression tests.,TASK
Demo scheduled for Friday,EVENT
Remind me to deploy after lunch.,REMINDER
prepare slides for demo,TASK
Update the doc in Confluence.,TASK
Merge the branch,TASK
Sounds good,NO_INTENT
Sprint planning tomorrow.,EVENT
Tech discussion at 3 PM.,EVENT
Remind me about PR review.,REMINDER
Close the ticket.,TASK
review the pr,TASK
Haha okay.,NO_INTENT
Set reminder for client call,REMINDER
close the ticket,TASK
Don’t let me forget the meeting,REMINDER
Can you remind me later,REMINDER
Need a reminder for demo,REMINDER
Close the ticket,TASK
Push the code to main.,TASK
Let’s sync at 4 today.,EVENT
Remind me to update Jira,REMINDER
yep,NO_INTENT
Reminder for sprint retro,REMINDER
Remind me about PR review,REMINDER
Can you remind me later,REMINDER
please remind me before eod,REMINDER
Planning session this evening.,EVENT
Remind me to update Jira,REMINDER
Close the ticket,TASK
noted.,NO_INTENT
need a reminder for demo.,REMINDER
reminder for sprint retro,REMINDER
Daily scrum at 11,EVENT
prepare slides for demo,TASK
Reminder to push code,REMINDER
Reminder for sprint retro,REMINDER
Haha okay,NO_INTENT
deploy to staging,TASK
Remind me to check logs.,REMINDER
No issues so far,NO_INTENT
lol that’s funny,NO_INTENT
okay got it.,NO_INTENT
meeting with qa post lunch,EVENT
Prod issue call in 10 mins.,EVENT
Interview moved to Monday.,EVENT
Set reminder for client call,REMINDER
okay got it.,NO_INTENT
Prod issue call in 10 mins,EVENT
Remind me to check logs,REMINDER
No issues so far.,NO_INTENT
Sounds good.,NO_INTENT
Let’s sync at 4 today,EVENT
Meeting with QA post lunch,EVENT
Remind me to submit timesheet,REMINDER
Let’s sync at 4 today,EVENT
Complete the test cases,TASK
1:1 with manager today,EVENT
Deploy to staging,TASK
Noted,NO_INTENT
Sprint planning tomorrow.,EVENT
lol that’s funny,NO_INTENT
Push the code to main,TASK
All good from my side.,NO_INTENT
Set reminder for client call.,REMINDER
All good from my side,NO_INTENT
I was on leave yesterday,NO_INTENT
Client call tomorrow,EVENT
complete the test cases.,TASK
finish the feature today,TASK
Remind me to deploy after lunch.,REMINDER
yep.,NO_INTENT
Remind me to deploy after lunch,REMINDER
Need a reminder for demo.,REMINDER
fix the prod bug,TASK
Makes sense,NO_INTENT
Tech discussion at 3 PM,EVENT
Release call tonight,EVENT
need reminder for release,REMINDER
Done already,NO_INTENT
Sounds good,NO_INTENT
Update environment configs,TASK
I was on leave yesterday.,NO_INTENT
Prepare slides for demo,TASK
remind me to check logs,REMINDER
We discussed this earlier.,NO_INTENT
Interview moved to Monday,EVENT
Sounds good,NO_INTENT
Townhall next week,EVENT
Quick call now,EVENT
Standup at 10am,EVENT
Review the PR,TASK
Reminder for sprint retro,REMINDER
Need reminder for release,REMINDER
Meeting with QA post lunch,EVENT
Close the ticket,TASK
Meeting with QA post lunch,EVENT
Prepare slides for demo.,TASK
need reminder for release,REMINDER
run regression tests,TASK
Tech discussion at 3 PM.,EVENT
Sounds good.,NO_INTENT
Finish the feature today,TASK
Finish the feature today,TASK
finish the feature today,TASK
please remind me before eod,REMINDER
done already,NO_INTENT
Meeting with QA post lunch.,EVENT
We discussed this earlier,NO_INTENT
Review the PR,TASK
planning session this evening,EVENT
1:1 with manager today,EVENT
Makes sense.,NO_INTENT
Meeting with QA post lunch,EVENT
Looks good to me,NO_INTENT
Remind me to check logs.,REMINDER
Update environment configs,TASK
Remind me to deploy after lunch,REMINDER
Okay got it,NO_INTENT
Push the code to main.,TASK
Sprint planning tomorrow,EVENT
Meeting with QA post lunch,EVENT
Reminder to push code,REMINDER
raise a jira ticket.,TASK
Quick call now,EVENT
update environment configs,TASK
Quick call now,EVENT
need a reminder for demo.,REMINDER
Townhall next week.,EVENT
Demo scheduled for Friday,EVENT
update environment configs,TASK
Noted.,NO_INTENT
Remind me about PR review,REMINDER
Cool.,NO_INTENT
remind me to submit timesheet,REMINDER
Remind me to deploy after lunch,REMINDER
Update environment configs,TASK
Interview moved to Monday,EVENT
tech discussion at 3 pm,EVENT
Prod issue call in 10 mins,EVENT
Looks good to me,NO_INTENT
Need reminder for release,REMINDER
Run regression tests.,TASK
Tech discussion at 3 PM,EVENT
remind me to deploy after lunch,REMINDER
Update environment configs,TASK
Reminder to push code.,REMINDER
Tech discussion at 3 PM.,EVENT
Client call tomorrow,EVENT
Push the code to main,TASK
interview moved to monday,EVENT
Close the ticket,TASK
lol that’s funny,NO_INTENT
No issues so far,NO_INTENT
Release call tonight,EVENT
Reminder for sprint retro,REMINDER
Done already,NO_INTENT
Noted,NO_INTENT
Planning session this evening,EVENT
Let’s sync at 4 today.,EVENT
noted,NO_INTENT
Remind me about PR review.,REMINDER
set a reminder for standup,REMINDER
Update environment configs,TASK
Ping me to review PR,REMINDER
review the pr,TASK
Quick call now,EVENT
Close the ticket,TASK
Sprint planning tomorrow,EVENT
i was on leave yesterday,NO_INTENT
I was on leave yesterday.,NO_INTENT
1:1 with manager today,EVENT
Please remind me before EOD.,REMINDER
Update environment configs,TASK
i was on leave yesterday,NO_INTENT
release call tonight,EVENT
Check the logs,TASK
1:1 with manager today,EVENT
remind me about pr review,REMINDER
I was on leave yesterday,NO_INTENT
lol that’s funny,NO_INTENT
Meeting with QA post lunch.,EVENT
Validate API responses,TASK
Merge the branch,TASK
noted.,NO_INTENT
Update the doc in Confluence,TASK
Remind me to deploy after lunch,REMINDER
Noted.,NO_INTENT
remind me to submit timesheet,REMINDER
lol that’s funny.,NO_INTENT
Fix the prod bug.,TASK
remind me to deploy after lunch,REMINDER
We discussed this earlier.,NO_INTENT
Daily scrum at 11.,EVENT
Prepare slides for demo,TASK
sounds good,NO_INTENT
Deploy to staging.,TASK
Remind me to deploy after lunch,REMINDER
Update environment configs.,TASK
Ping me to review PR,REMINDER
Looks good to me.,NO_INTENT
no issues so far.,NO_INTENT
lol that’s funny,NO_INTENT
Finish the feature today,TASK
Merge the branch,TASK
ping me to review pr,REMINDER
Demo scheduled for Friday,EVENT
Reminder for sprint retro,REMINDER
Daily scrum at 11.,EVENT
Remind me to deploy after lunch.,REMINDER
Tech discussion at 3 PM,EVENT
Reminder to push code.,REMINDER
Release call tonight,EVENT
Review the PR,TASK
Reminder to push code,REMINDER
Okay got it,NO_INTENT
Looks good to me,NO_INTENT
We discussed this earlier,NO_INTENT
Review the PR,TASK
Daily scrum at 11.,EVENT
We discussed this earlier,NO_INTENT
All good from my side,NO_INTENT
Okay got it.,NO_INTENT
Let’s sync at 4 today.,EVENT
Validate API responses,TASK
Cool.,NO_INTENT
review the pr,TASK
quick call now.,EVENT
Review the PR,TASK
Meeting with QA post lunch,EVENT
Ping me to review PR.,REMINDER
Let’s sync at 4 today,EVENT
Daily scrum at 11.,EVENT
Need reminder for release,REMINDER
lol that’s funny.,NO_INTENT
Complete the test cases.,TASK
Haha okay,NO_INTENT
Yep.,NO_INTENT
Need a reminder for demo,REMINDER
ping me to review pr.,REMINDER
need reminder for release,REMINDER
Reminder for sprint retro,REMINDER
Okay got it,NO_INTENT
Update the doc in Confluence.,TASK
Release call tonight,EVENT
Run regression tests.,TASK
Don’t let me forget the meeting,REMINDER
Quick call now,EVENT
Planning session this evening,EVENT
run regression tests.,TASK
Set a reminder for standup,REMINDER
Haha okay,NO_INTENT
remind me to deploy after lunch.,REMINDER
Check the logs,TASK
Makes sense,NO_INTENT
Sprint planning tomorrow,EVENT
Finish the feature today,TASK
Don’t let me forget the meeting,REMINDER
Tech discussion at 3 PM,EVENT
makes sense,NO_INTENT
Can you remind me later,REMINDER
noted,NO_INTENT
Haha okay,NO_INTENT
Daily scrum at 11,EVENT
Review the PR,TASK
prepare slides for demo,TASK
Remind me to update Jira,REMINDER
Reminder for sprint retro,REMINDER
Okay got it,NO_INTENT
Push the code to main,TASK
Ping me to review PR.,REMINDER
Interview moved to Monday,EVENT
Update the doc in Confluence,TASK
Remind me about PR review,REMINDER
Remind me to check logs,REMINDER
makes sense,NO_INTENT
Demo scheduled for Friday.,EVENT
Remind me to check logs,REMINDER
Remind me to deploy after lunch,REMINDER
client call tomorrow,EVENT
Finish the feature today,TASK
meeting with qa post lunch.,EVENT
done already,NO_INTENT
Looks good to me,NO_INTENT
Push the code to main,TASK
Haha okay,NO_INTENT
Standup at 10am.,EVENT
Quick call now,EVENT
Ping me to review PR.,REMINDER
Need a reminder for demo,REMINDER
merge the branch,TASK
Okay got it,NO_INTENT
Merge the branch,TASK
can you remind me later,REMINDER
Update environment configs.,TASK
Remind me to update Jira.,REMINDER
Remind me to update Jira,REMINDER
Remind me to deploy after lunch,REMINDER
Planning session this evening,EVENT
Set a reminder for standup,REMINDER
Remind me to update Jira,REMINDER
Meeting with QA post lunch,EVENT
lol that’s funny,NO_INTENT
Run regression tests.,TASK
Yep,NO_INTENT
Looks good to me.,NO_INTENT
Let’s sync at 4 today,EVENT
We discussed this earlier,NO_INTENT
Meeting with QA post lunch,EVENT
Complete the test cases.,TASK
Please remind me before EOD,REMINDER
Push the code to main.,TASK
Merge the branch.,TASK
ping me to review pr,REMINDER
don’t let me forget the meeting,REMINDER
We discussed this earlier.,NO_INTENT
Standup at 10am.,EVENT
Looks good to me.,NO_INTENT
Haha okay,NO_INTENT
reminder for sprint retro,REMINDER
Remind me to deploy after lunch.,REMINDER
Looks good to me.,NO_INTENT
Meeting with QA post lunch,EVENT
Prepare slides for demo,TASK
Set a reminder for standup,REMINDER
Let’s sync at 4 today,EVENT
interview moved to monday,EVENT
Demo scheduled for Friday,EVENT
Prepare slides for demo,TASK
Check the logs,TASK
meeting with qa post lunch.,EVENT
Don’t let me forget the meeting,REMINDER
We discussed this earlier,NO_INTENT
Client call tomorrow,EVENT
Client call tomorrow,EVENT
Ping me to review PR,REMINDER
Makes sense,NO_INTENT
Set reminder for client call,REMINDER
Close the ticket.,TASK
Review the PR,TASK
lol that’s funny,NO_INTENT
Reminder for sprint retro.,REMINDER
Fix the prod bug.,TASK
Close the ticket,TASK
Set a reminder for standup,REMINDER
Noted.,NO_INTENT
Yep.,NO_INTENT
Cool,NO_INTENT
Prod issue call in 10 mins,EVENT
Done already.,NO_INTENT
Planning session this evening.,EVENT
interview moved to monday.,EVENT
close the ticket,TASK
prepare slides for demo,TASK
Update the doc in Confluence.,TASK
Need a reminder for demo.,REMINDER
Looks good to me,NO_INTENT
Need a reminder for demo,REMINDER
Interview moved to Monday,EVENT
Planning session this evening.,EVENT
lol that’s funny,NO_INTENT
run regression tests.,TASK
Check the logs,TASK
Yep,NO_INTENT
Push the code to main.,TASK
Finish the feature today,TASK
Need reminder for release,REMINDER
Update environment configs,TASK
Complete the test cases,TASK
Complete the test cases,TASK
Demo scheduled for Friday,EVENT
Daily scrum at 11.,EVENT
close the ticket.,TASK
1:1 with manager today,EVENT
release call tonight,EVENT
Planning session this evening,EVENT
Ping me to review PR,REMINDER
Reminder for sprint retro.,REMINDER
Finish the feature today,TASK
Close the ticket,TASK
demo scheduled for friday,EVENT
Can you remind me later,REMINDER
daily scrum at 11.,EVENT
I was on leave yesterday,NO_INTENT
Ping me to review PR,REMINDER
Complete the test cases,TASK
Quick call now,EVENT
Need reminder for release.,REMINDER
Haha okay,NO_INTENT
Reminder to push code.,REMINDER
No issues so far,NO_INTENT
Looks good to me.,NO_INTENT
Set a reminder for standup,REMINDER
Sounds good,NO_INTENT
We discussed this earlier,NO_INTENT
Update the doc in Confluence,TASK
Looks good to me,NO_INTENT
Please remind me before EOD,REMINDER
update environment configs,TASK
Need a reminder for demo,REMINDER
Review the PR.,TASK
merge the branch.,TASK
Standup at 10am,EVENT
Cool.,NO_INTENT
I was on leave yesterday.,NO_INTENT
yep,NO_INTENT
Reminder for sprint retro.,REMINDER
Quick call now.,EVENT
Reminder for sprint retro.,REMINDER
Deploy to staging,TASK
Townhall next week.,EVENT
remind me about pr review.,REMINDER
demo scheduled for friday,EVENT
Close the ticket,TASK
Thanks,NO_INTENT
Planning session this evening.,EVENT
can you remind me later,REMINDER
Don’t let me forget the meeting,REMINDER
Complete the test cases,TASK
push the code to main.,TASK
Remind me to deploy after lunch,REMINDER
remind me to check logs,REMINDER
Update the doc in Confluence,TASK
Need a reminder for demo,REMINDER
Cool,NO_INTENT
Set a reminder for standup.,REMINDER
Review the PR,TASK
1:1 with manager today.,EVENT
Okay got it,NO_INTENT
Update the doc in Confluence,TASK
Prod issue call in 10 mins,EVENT
Daily scrum at 11,EVENT
Quick call now,EVENT
client call tomorrow.,EVENT
Reminder to push code,REMINDER
Interview moved to Monday,EVENT
1:1 with manager today,EVENT
haha okay,NO_INTENT
sprint planning tomorrow,EVENT
Release call tonight,EVENT
I was on leave yesterday.,NO_INTENT
Prepare slides for demo,TASK
I was on leave yesterday,NO_INTENT
Daily scrum at 11,EVENT
Reminder to push code,REMINDER
Interview moved to Monday,EVENT
Release call tonight.,EVENT
fix the prod bug,TASK
no issues so far,NO_INTENT
Validate API responses,TASK
all good from my side.,NO_INTENT
Prod issue call in 10 mins,EVENT
let’s sync at 4 today.,EVENT
reminder to push code,REMINDER
let’s sync at 4 today,EVENT
Planning session this evening,EVENT
Complete the test cases,TASK
Update environment configs,TASK
Merge the branch,TASK
Push the code to main,TASK
Run regression tests,TASK
remind me to deploy after lunch,REMINDER
need reminder for release,REMINDER
Finish the feature today.,TASK
Deploy to staging,TASK
don’t let me forget the meeting,REMINDER
Release call tonight.,EVENT
Prod issue call in 10 mins,EVENT
Merge the branch,TASK
need a reminder for demo,REMINDER
Complete the test cases,TASK
Meeting with QA post lunch.,EVENT
Fix the prod bug,TASK
Ping me to review PR.,REMINDER
remind me to submit timesheet.,REMINDER
Release call tonight,EVENT
Ping me to review PR.,REMINDER
Let’s sync at 4 today,EVENT
Planning session this evening,EVENT
Set a reminder for standup,REMINDER
Makes sense.,NO_INTENT
lol that’s funny.,NO_INTENT
Noted.,NO_INTENT
deploy to staging,TASK
update environment configs.,TASK
Review the PR,TASK
Set a reminder for standup,REMINDER
need reminder for release,REMINDER
Makes sense,NO_INTENT
Let’s sync at 4 today,EVENT
Update the doc in Confluence,TASK
Push the code to main,TASK
Makes sense,NO_INTENT
review the pr,TASK
set a reminder for standup,REMINDER
We discussed this earlier.,NO_INTENT
Interview moved to Monday,EVENT
Remind me to deploy after lunch.,REMINDER
done already,NO_INTENT
Push the code to main,TASK
Sounds good,NO_INTENT
prod issue call in 10 mins,EVENT
lol that’s funny,NO_INTENT
Demo scheduled for Friday,EVENT
1:1 with manager today,EVENT
Need a reminder for demo,REMINDER
Remind me to check logs,REMINDER
Fix the prod bug.,TASK
Set reminder for client call.,REMINDER
Client call tomorrow,EVENT
Need reminder for release,REMINDER
Haha okay.,NO_INTENT
Planning session this evening.,EVENT
Run regression tests,TASK
Meeting with QA post lunch.,EVENT
fix the prod bug,TASK
Haha okay.,NO_INTENT
can you remind me later,REMINDER
Yep,NO_INTENT
Tech discussion at 3 PM,EVENT
Daily scrum at 11,EVENT
Sprint planning tomorrow,EVENT
Done already,NO_INTENT
Remind me to submit timesheet,REMINDER
sprint planning tomorrow,EVENT
Merge the branch,TASK
Planning session this evening,EVENT
Set reminder for client call.,REMINDER
Looks good to me,NO_INTENT
Okay got it.,NO_INTENT
I was on leave yesterday.,NO_INTENT
Remind me about PR review,REMINDER
Thanks,NO_INTENT
Set a reminder for standup,REMINDER
run regression tests,TASK
Need reminder for release,REMINDER
let’s sync at 4 today,EVENT
meeting with qa post lunch,EVENT
Prepare slides for demo,TASK
Remind me about PR review,REMINDER
lol that’s funny,NO_INTENT
can you remind me later.,REMINDER
Release call tonight,EVENT
Thanks.,NO_INTENT
Need a reminder for demo,REMINDER
Reminder for sprint retro.,REMINDER
Ping me to review PR,REMINDER
Review the PR,TASK
Planning session this evening,EVENT
All good from my side,NO_INTENT
Noted.,NO_INTENT
remind me to update jira,REMINDER
lol that’s funny,NO_INTENT
Review the PR,TASK
reminder for sprint retro.,REMINDER
Remind me to submit timesheet,REMINDER
Fix the prod bug,TASK
Client call tomorrow.,EVENT
lol that’s funny,NO_INTENT
Remind me about PR review,REMINDER
Yep,NO_INTENT
Demo scheduled for Friday,EVENT
No issues so far,NO_INTENT
All good from my side,NO_INTENT
Standup at 10am,EVENT
Reminder for sprint retro.,REMINDER
complete the test cases.,TASK
Reminder to push code,REMINDER
Prepare slides for demo.,TASK
1:1 with manager today.,EVENT
release call tonight,EVENT
Remind me to check logs,REMINDER
okay got it.,NO_INTENT
Noted,NO_INTENT
Yep,NO_INTENT
update the doc in confluence,TASK
Prepare slides for demo.,TASK
Don’t let me forget the meeting,REMINDER
tech discussion at 3 pm,EVENT
Review the PR,TASK
Set a reminder for standup.,REMINDER
Check the logs,TASK
Update the doc in Confluence,TASK
Finish the feature today,TASK
Interview moved to Monday,EVENT
Tech discussion at 3 PM.,EVENT
Makes sense.,NO_INTENT
Daily scrum at 11.,EVENT
Sounds good.,NO_INTENT
Raise a Jira ticket,TASK
All good from my side,NO_INTENT
Sounds good,NO_INTENT
set reminder for client call,REMINDER
Done already,NO_INTENT
Please remind me before EOD,REMINDER
We discussed this earlier.,NO_INTENT
Noted,NO_INTENT
Remind me about PR review.,REMINDER
Tech discussion at 3 PM,EVENT
Need a reminder for demo,REMINDER
Reminder to push code,REMINDER
Don’t let me forget the meeting,REMINDER
all good from my side,NO_INTENT
deploy to staging.,TASK
Don’t let me forget the meeting,REMINDER
please remind me before eod,REMINDER
don’t let me forget the meeting,REMINDER
looks good to me,NO_INTENT
Deploy to staging,TASK
Merge the branch,TASK
Run regression tests,TASK
Sprint planning tomorrow,EVENT
Remind me to check logs.,REMINDER
lol that’s funny,NO_INTENT
Remind me about PR review.,REMINDER
sprint planning tomorrow,EVENT
1:1 with manager today.,EVENT
demo scheduled for friday,EVENT
Need reminder for release,REMINDER
1:1 with manager today,EVENT
Daily scrum at 11,EVENT
Check the logs.,TASK
Townhall next week.,EVENT
townhall next week,EVENT
Fix the prod bug,TASK
Remind me to update Jira,REMINDER
Reminder for sprint retro.,REMINDER
Demo scheduled for Friday,EVENT
Townhall next week,EVENT
Okay got it,NO_INTENT
Reminder to push code,REMINDER
Reminder for sprint retro,REMINDER
Standup at 10am,EVENT
Reminder for sprint retro.,REMINDER
Set reminder for client call.,REMINDER
Set reminder for client call.,REMINDER
Prod issue call in 10 mins,EVENT
need a reminder for demo,REMINDER
Thanks,NO_INTENT
Okay got it.,NO_INTENT
Looks good to me.,NO_INTENT
Remind me to submit timesheet.,REMINDER
No issues so far.,NO_INTENT
Release call tonight,EVENT
Yep,NO_INTENT
Push the code to main,TASK
thanks,NO_INTENT
Release call tonight,EVENT
Prod issue call in 10 mins.,EVENT
Set a reminder for standup,REMINDER
Yep.,NO_INTENT
No issues so far,NO_INTENT
All good from my side,NO_INTENT
Push the code to main,TASK
quick call now.,EVENT
Finish the feature today,TASK
Standup at 10am,EVENT
Please remind me before EOD,REMINDER
tech discussion at 3 pm.,EVENT
Push the code to main,TASK
Raise a Jira ticket,TASK
Let’s sync at 4 today,EVENT
Sounds good,NO_INTENT
1:1 with manager today.,EVENT
Thanks.,NO_INTENT
Thanks.,NO_INTENT
remind me to deploy after lunch.,REMINDER
Yep.,NO_INTENT
Don’t let me forget the meeting,REMINDER
Raise a Jira ticket.,TASK
Cool,NO_INTENT
complete the test cases,TASK
We discussed this earlier.,NO_INTENT
Remind me to check logs,REMINDER
Sounds good,NO_INTENT
Release call tonight,EVENT
Looks good to me,NO_INTENT
Cool,NO_INTENT
lol that’s funny,NO_INTENT
Close the ticket,TASK
merge the branch,TASK
Remind me to check logs.,REMINDER
looks good to me.,NO_INTENT
Update the doc in Confluence,TASK
Sprint planning tomorrow,EVENT
Client call tomorrow.,EVENT
1:1 with manager today.,EVENT
Remind me to check logs,REMINDER
All good from my side,NO_INTENT
Looks good to me,NO_INTENT
Sounds good,NO_INTENT
Remind me to submit timesheet,REMINDER
Please remind me before EOD,REMINDER
Remind me to submit timesheet.,REMINDER
All good from my side,NO_INTENT
Don’t let me forget the meeting,REMINDER
finish the feature today,TASK
okay got it.,NO_INTENT
Sounds good.,NO_INTENT
thanks,NO_INTENT
Prepare slides for demo,TASK
all good from my side,NO_INTENT
1:1 with manager today,EVENT
1:1 with manager today.,EVENT
Townhall next week,EVENT
Client call tomorrow,EVENT
No issues so far.,NO_INTENT
close the ticket,TASK
Prod issue call in 10 mins.,EVENT
remind me to deploy after lunch,REMINDER
1:1 with manager today.,EVENT
Raise a Jira ticket.,TASK
Let’s sync at 4 today,EVENT
makes sense.,NO_INTENT
Remind me to submit timesheet,REMINDER
reminder for sprint retro,REMINDER
Reminder for sprint retro.,REMINDER
1:1 with manager today,EVENT
Let’s sync at 4 today.,EVENT
Remind me to update Jira.,REMINDER
Update the doc in Confluence,TASK
Sounds good,NO_INTENT
Townhall next week,EVENT
Can you remind me later,REMINDER
Run regression tests.,TASK
We discussed this earlier,NO_INTENT
Meeting with QA post lunch,EVENT
update environment configs,TASK
Remind me to update Jira.,REMINDER
Haha okay,NO_INTENT
merge the branch.,TASK
Remind me to update Jira,REMINDER
Yep,NO_INTENT
Please remind me before EOD.,REMINDER
Sounds good,NO_INTENT
1:1 with manager today.,EVENT
Sounds good.,NO_INTENT
Sprint planning tomorrow.,EVENT
Update the doc in Confluence,TASK
i was on leave yesterday,NO_INTENT
Prod issue call in 10 mins,EVENT
Review the PR,TASK
lol that’s funny,NO_INTENT
Raise a Jira ticket,TASK
lol that’s funny.,NO_INTENT
prepare slides for demo,TASK
standup at 10am,EVENT
Run regression tests,TASK
check the logs,TASK
All good from my side,NO_INTENT
Remind me to update Jira,REMINDER
Sprint planning tomorrow,EVENT
Yep,NO_INTENT
Raise a Jira ticket,TASK
Can you remind me later,REMINDER
Finish the feature today,TASK
Remind me to deploy after lunch,REMINDER
Reminder for sprint retro,REMINDER
Planning session this evening.,EVENT
Cool,NO_INTENT
push the code to main,TASK
Ping me to review PR,REMINDER
Townhall next week,EVENT
raise a jira ticket.,TASK
Check the logs,TASK
Haha okay.,NO_INTENT
Validate API responses,TASK
Cool.,NO_INTENT
Haha okay,NO_INTENT
Planning session this evening,EVENT
Townhall next week,EVENT
Remind me to update Jira.,REMINDER
Release call tonight,EVENT
Meeting with QA post lunch.,EVENT
We discussed this earlier,NO_INTENT
Set reminder for client call,REMINDER
Remind me to deploy after lunch,REMINDER
Check the logs.,TASK
Remind me to check logs.,REMINDER
Can you remind me later,REMINDER
We discussed this earlier,NO_INTENT
Remind me to check logs,REMINDER
Thanks,NO_INTENT
Standup at 10am.,EVENT
Remind me to deploy after lunch,REMINDER
all good from my side,NO_INTENT
meeting with qa post lunch,EVENT
I was on leave yesterday,NO_INTENT
Run regression tests,TASK
quick call now.,EVENT
fix the prod bug,TASK
Review the PR,TASK
I was on leave yesterday,NO_INTENT
Daily scrum at 11,EVENT
Makes sense.,NO_INTENT
Don’t let me forget the meeting,REMINDER
Sprint planning tomorrow,EVENT
1:1 with manager today,EVENT
standup at 10am,EVENT
Update the doc in Confluence,TASK
Finish the feature today.,TASK
Done already,NO_INTENT
Okay got it,NO_INTENT
Push the code to main.,TASK
Don’t let me forget the meeting.,REMINDER
Release call tonight,EVENT
Let’s sync at 4 today,EVENT
Prepare slides for demo,TASK
Reminder for sprint retro,REMINDER
Townhall next week,EVENT
Set reminder for client call,REMINDER
finish the feature today,TASK
Ping me to review PR,REMINDER
I was on leave yesterday,NO_INTENT
set reminder for client call.,REMINDER
Thanks,NO_INTENT
Planning session this evening,EVENT
Prepare slides for demo,TASK
Haha okay.,NO_INTENT
i was on leave yesterday,NO_INTENT
Merge the branch,TASK
Townhall next week,EVENT
1:1 with manager today.,EVENT
Thanks,NO_INTENT
Remind me to deploy after lunch.,REMINDER
Set a reminder for standup,REMINDER
Don’t let me forget the meeting,REMINDER
Remind me to update Jira,REMINDER
lol that’s funny,NO_INTENT
Prod issue call in 10 mins,EVENT
remind me to deploy after lunch,REMINDER
Quick call now.,EVENT
Townhall next week.,EVENT
Don’t let me forget the meeting,REMINDER
Townhall next week,EVENT
Meeting with QA post lunch.,EVENT
We discussed this earlier.,NO_INTENT
Haha okay,NO_INTENT
Prepare slides for demo,TASK
Daily scrum at 11.,EVENT
We discussed this earlier,NO_INTENT
lol that’s funny,NO_INTENT
Don’t let me forget the meeting.,REMINDER
Set a reminder for standup.,REMINDER
Push the code to main,TASK
Push the code to main.,TASK
Okay got it,NO_INTENT
Run regression tests,TASK
Noted,NO_INTENT
Prepare slides for demo,TASK
done already.,NO_INTENT
Standup at 10am,EVENT
Client call tomorrow,EVENT
All good from my side.,NO_INTENT
Reminder for sprint retro.,REMINDER
Thanks.,NO_INTENT
Fix the prod bug,TASK
Update the doc in Confluence,TASK
review the pr,TASK
sounds good,NO_INTENT
need reminder for release,REMINDER
need a reminder for demo,REMINDER
1:1 with manager today.,EVENT
Update environment configs.,TASK
Thanks,NO_INTENT
Check the logs.,TASK
Quick call now,EVENT
Don’t let me forget the meeting.,REMINDER
Remind me to check logs.,REMINDER
Fix the prod bug,TASK
Townhall next week.,EVENT
Push the code to main,TASK
Daily scrum at 11,EVENT
Please remind me before EOD.,REMINDER
Client call tomorrow.,EVENT
Quick call now,EVENT
Need a reminder for demo,REMINDER
planning session this evening,EVENT
Let’s sync at 4 today,EVENT
Remind me about PR review.,REMINDER
Can you remind me later,REMINDER
Check the logs.,TASK
Release call tonight.,EVENT
Need reminder for release,REMINDER
Remind me to deploy after lunch,REMINDER
No issues so far,NO_INTENT
Client call tomorrow.,EVENT
i was on leave yesterday,NO_INTENT
need a reminder for demo.,REMINDER
I was on leave yesterday,NO_INTENT
Yep.,NO_INTENT
Standup at 10am,EVENT
Remind me to check logs,REMINDER
Update environment configs,TASK
Need a reminder for demo,REMINDER
Reminder for sprint retro,REMINDER
Client call tomorrow,EVENT
Daily scrum at 11.,EVENT
Haha okay,NO_INTENT
Merge the branch,TASK
Looks good to me.,NO_INTENT
Merge the branch.,TASK
Check the logs,TASK
Sprint planning tomorrow,EVENT
Check the logs.,TASK
Remind me about PR review,REMINDER
Standup at 10am.,EVENT
Tech discussion at 3 PM,EVENT
Release call tonight.,EVENT
please remind me before eod,REMINDER
No issues so far,NO_INTENT
Merge the branch,TASK
Set a reminder for standup,REMINDER
Let’s sync at 4 today,EVENT
We discussed this earlier,NO_INTENT
Raise a Jira ticket.,TASK
Haha okay.,NO_INTENT
Tech discussion at 3 PM.,EVENT
Tech discussion at 3 PM,EVENT
Finish the feature today,TASK
Complete the test cases,TASK
Demo scheduled for Friday.,EVENT
close the ticket,TASK
Yep.,NO_INTENT
Update the doc in Confluence,TASK
Cool.,NO_INTENT
meeting with qa post lunch,EVENT
Sprint planning tomorrow.,EVENT
Check the logs,TASK
Remind me to update Jira,REMINDER
done already,NO_INTENT
lol that’s funny,NO_INTENT
Remind me to update Jira,REMINDER
Reminder to push code.,REMINDER
Remind me to deploy after lunch,REMINDER
lol that’s funny,NO_INTENT
Close the ticket,TASK
Remind me to deploy after lunch,REMINDER
Prod issue call in 10 mins,EVENT
Set reminder for client call,REMINDER
update environment configs,TASK
Raise a Jira ticket.,TASK
No issues so far,NO_INTENT
Standup at 10am.,EVENT
Done already,NO_INTENT
1:1 with manager today.,EVENT
Push the code to main,TASK
Deploy to staging,TASK
need reminder for release.,REMINDER
validate api responses.,TASK
i was on leave yesterday,NO_INTENT
Finish the feature today,TASK
Remind me to update Jira,REMINDER
done already.,NO_INTENT
Sounds good,NO_INTENT
Remind me to deploy after lunch.,REMINDER
Remind me about PR review.,REMINDER
Set a reminder for standup,REMINDER
Noted.,NO_INTENT
Meeting with QA post lunch,EVENT
Remind me to deploy after lunch,REMINDER
Need reminder for release,REMINDER
Sounds good,NO_INTENT
Check the logs,TASK
Looks good to me.,NO_INTENT
I was on leave yesterday,NO_INTENT
Standup at 10am,EVENT
Interview moved to Monday.,EVENT
Done already,NO_INTENT
Complete the test cases.,TASK
Remind me to submit timesheet.,REMINDER
cool,NO_INTENT
Raise a Jira ticket,TASK
Complete the test cases.,TASK
Update the doc in Confluence.,TASK
Release call tonight,EVENT
Review the PR,TASK
Reminder to push code,REMINDER
Need reminder for release,REMINDER
Makes sense.,NO_INTENT
Check the logs,TASK
Reminder to push code.,REMINDER
Deploy to staging.,TASK
Makes sense,NO_INTENT
don’t let me forget the meeting,REMINDER
Don’t let me forget the meeting,REMINDER
No issues so far.,NO_INTENT
daily scrum at 11,EVENT
demo scheduled for friday,EVENT
Tech discussion at 3 PM.,EVENT
Set reminder for client call,REMINDER
remind me to update jira,REMINDER
Reminder to push code.,REMINDER
Daily scrum at 11.,EVENT
Noted.,NO_INTENT
All good from my side,NO_INTENT
Reminder to push code.,REMINDER
Looks good to me,NO_INTENT
Don’t let me forget the meeting,REMINDER
finish the feature today.,TASK
All good from my side,NO_INTENT
No issues so far.,NO_INTENT
tech discussion at 3 pm,EVENT
Quick call now,EVENT
prod issue call in 10 mins.,EVENT
Haha okay.,NO_INTENT
Please remind me before EOD,REMINDER
set reminder for client call,REMINDER
Let’s sync at 4 today,EVENT
Prod issue call in 10 mins,EVENT
Let’s sync at 4 today.,EVENT
Please remind me before EOD,REMINDER
Can you remind me later.,REMINDER
Sounds good,NO_INTENT
Let’s sync at 4 today.,EVENT
Merge the branch,TASK
need a reminder for demo.,REMINDER
Client call tomorrow.,EVENT
Prepare slides for demo.,TASK
Prepare slides for demo,TASK
Prod issue call in 10 mins,EVENT
Okay got it.,NO_INTENT
demo scheduled for friday,EVENT
fix the prod bug.,TASK
Makes sense,NO_INTENT
client call tomorrow.,EVENT
Don’t let me forget the meeting,REMINDER
remind me about pr review,REMINDER
Need a reminder for demo,REMINDER
Need a reminder for demo,REMINDER
Set reminder for client call,REMINDER
i was on leave yesterday.,NO_INTENT
Okay got it,NO_INTENT
We discussed this earlier.,NO_INTENT
remind me to submit timesheet,REMINDER
Deploy to staging,TASK
I was on leave yesterday.,NO_INTENT
Noted,NO_INTENT
can you remind me later,REMINDER
Need a reminder for demo,REMINDER
quick call now,EVENT
Let’s sync at 4 today,EVENT
All good from my side.,NO_INTENT
Push the code to main.,TASK
Need a reminder for demo.,REMINDER
no issues so far,NO_INTENT
Prepare slides for demo,TASK
Noted.,NO_INTENT
need reminder for release,REMINDER
Update environment configs,TASK
sounds good.,NO_INTENT
All good from my side.,NO_INTENT
Remind me to update Jira,REMINDER
thanks.,NO_INTENT
Thanks,NO_INTENT
interview moved to monday.,EVENT
update the doc in confluence,TASK
Prod issue call in 10 mins,EVENT
Release call tonight,EVENT
Ping me to review PR,REMINDER
Done already.,NO_INTENT
Close the ticket,TASK
tech discussion at 3 pm,EVENT
Can you remind me later,REMINDER
remind me to deploy after lunch,REMINDER
review the pr,TASK
Update environment configs,TASK
Complete the test cases,TASK
Complete the test cases.,TASK
Release call tonight,EVENT
Remind me to check logs.,REMINDER
Set a reminder for standup,REMINDER
Reminder for sprint retro,REMINDER
Done already,NO_INTENT
Prod issue call in 10 mins.,EVENT
Daily scrum at 11,EVENT
Need reminder for release,REMINDER
Quick call now,EVENT
Fix the prod bug.,TASK
Check the logs,TASK
Validate API responses,TASK
Done already,NO_INTENT
standup at 10am,EVENT
we discussed this earlier,NO_INTENT
We discussed this earlier.,NO_INTENT
Looks good to me,NO_INTENT
Noted,NO_INTENT
Check the logs.,TASK
Quick call now,EVENT
Prepare slides for demo,TASK
Remind me about PR review,REMINDER
Daily scrum at 11,EVENT
Fix the prod bug.,TASK
Merge the branch,TASK
Reminder for sprint retro.,REMINDER
We discussed this earlier,NO_INTENT
Push the code to main,TASK
Run regression tests,TASK
All good from my side.,NO_INTENT
fix the prod bug,TASK
Standup at 10am.,EVENT
tech discussion at 3 pm.,EVENT
Review the PR,TASK
Review the PR.,TASK
update the doc in confluence,TASK
Prepare slides for demo,TASK
Interview moved to Monday,EVENT
i was on leave yesterday.,NO_INTENT
Remind me about PR review,REMINDER
Merge the branch,TASK
okay got it,NO_INTENT
Prod issue call in 10 mins,EVENT
Townhall next week,EVENT
lol that’s funny.,NO_INTENT
meeting with qa post lunch,EVENT
townhall next week,EVENT
All good from my side,NO_INTENT
Remind me to update Jira,REMINDER
Remind me to check logs.,REMINDER
Let’s sync at 4 today.,EVENT
Let’s sync at 4 today,EVENT
Planning session this evening,EVENT
Deploy to staging,TASK
Need a reminder for demo,REMINDER
Interview moved to Monday,EVENT
Remind me to deploy after lunch,REMINDER
Remind me about PR review,REMINDER
fix the prod bug,TASK
Finish the feature today,TASK
Push the code to main,TASK
Daily scrum at 11.,EVENT
Demo scheduled for Friday,EVENT
check the logs.,TASK
Client call tomorrow,EVENT
No issues so far.,NO_INTENT
Don’t let me forget the meeting.,REMINDER
reminder to push code,REMINDER
complete the test cases,TASK
sounds good,NO_INTENT
Remind me to update Jira,REMINDER
Complete the test cases.,TASK
Sprint planning tomorrow,EVENT
Yep,NO_INTENT
makes sense,NO_INTENT
Review the PR,TASK
Sprint planning tomorrow.,EVENT
sprint planning tomorrow,EVENT
Remind me to deploy after lunch,REMINDER
Remind me about PR review,REMINDER
Thanks.,NO_INTENT
daily scrum at 11,EVENT
Daily scrum at 11,EVENT
Planning session this evening,EVENT
review the pr,TASK
no issues so far.,NO_INTENT
Remind me to check logs,REMINDER
Release call tonight.,EVENT
review the pr.,TASK
update environment configs.,TASK
Update the doc in Confluence.,TASK
let’s sync at 4 today,EVENT
Check the logs,TASK
lol that’s funny,NO_INTENT
release call tonight,EVENT
Prod issue call in 10 mins.,EVENT
Looks good to me,NO_INTENT
Merge the branch,TASK
Set a reminder for standup,REMINDER
Prod issue call in 10 mins.,EVENT
Planning session this evening.,EVENT
No issues so far.,NO_INTENT
Noted,NO_INTENT
We discussed this earlier,NO_INTENT
Set reminder for client call.,REMINDER
No issues so far,NO_INTENT
remind me about pr review,REMINDER
Finish the feature today.,TASK
Haha okay,NO_INTENT
demo scheduled for friday.,EVENT
townhall next week,EVENT
Sprint planning tomorrow,EVENT
Set a reminder for standup.,REMINDER
Remind me to submit timesheet,REMINDER
Okay got it,NO_INTENT
Fix the prod bug.,TASK
Fix the prod bug.,TASK
Prod issue call in 10 mins,EVENT
1:1 with manager today.,EVENT
Demo scheduled for Friday,EVENT
Update the doc in Confluence,TASK
Ping me to review PR,REMINDER
Remind me to check logs.,REMINDER
Run regression tests,TASK
Demo scheduled for Friday,EVENT
Cool,NO_INTENT
demo scheduled for friday.,EVENT
sounds good.,NO_INTENT
We discussed this earlier.,NO_INTENT
Client call tomorrow,EVENT
Deploy to staging,TASK
Update environment configs,TASK
Done already,NO_INTENT
Need a reminder for demo,REMINDER
Can you remind me later,REMINDER
Daily scrum at 11,EVENT
Daily scrum at 11,EVENT
Cool,NO_INTENT
Please remind me before EOD.,REMINDER
remind me to check logs,REMINDER
Close the ticket,TASK
Need reminder for release,REMINDER
Need a reminder for demo,REMINDER
set a reminder for standup,REMINDER
Daily scrum at 11,EVENT
deploy to staging.,TASK
Okay got it.,NO_INTENT
Thanks,NO_INTENT
Haha okay,NO_INTENT
Tech discussion at 3 PM,EVENT
prod issue call in 10 mins,EVENT
Update the doc in Confluence,TASK
update the doc in confluence,TASK
Done already,NO_INTENT
Tech discussion at 3 PM,EVENT
Townhall next week,EVENT
Push the code to main.,TASK
Daily scrum at 11,EVENT
Makes sense,NO_INTENT
Merge the branch.,TASK
Sounds good.,NO_INTENT
1:1 with manager today,EVENT
Quick call now,EVENT
Meeting with QA post lunch,EVENT
Prepare slides for demo,TASK
Prod issue call in 10 mins,EVENT
Let’s sync at 4 today,EVENT
Set reminder for client call,REMINDER
Interview moved to Monday,EVENT
Makes sense,NO_INTENT
Haha okay.,NO_INTENT
Push the code to main.,TASK
validate api responses,TASK
Remind me to update Jira,REMINDER
1:1 with manager today.,EVENT
Sprint planning tomorrow,EVENT
Remind me to deploy after lunch.,REMINDER
Let’s sync at 4 today.,EVENT
Done already,NO_INTENT
set a reminder for standup,REMINDER
Push the code to main,TASK
Okay got it.,NO_INTENT
Townhall next week,EVENT
prepare slides for demo.,TASK
release call tonight.,EVENT
townhall next week,EVENT
Looks good to me.,NO_INTENT
Reminder to push code,REMINDER
Review the PR,TASK
haha okay,NO_INTENT
Need reminder for release,REMINDER
Don’t let me forget the meeting,REMINDER
Raise a Jira ticket,TASK
Standup at 10am,EVENT
Review the PR,TASK
Push the code to main,TASK
Set reminder for client call.,REMINDER
check the logs,TASK
Daily scrum at 11.,EVENT
Need reminder for release,REMINDER
Need a reminder for demo,REMINDER
Merge the branch,TASK
merge the branch.,TASK
Need a reminder for demo,REMINDER
update environment configs.,TASK
Can you remind me later,REMINDER
yep,NO_INTENT
Done already.,NO_INTENT
Meeting with QA post lunch,EVENT
Close the ticket,TASK
Daily scrum at 11.,EVENT
Makes sense.,NO_INTENT
planning session this evening,EVENT
Remind me to check logs,REMINDER
Update the doc in Confluence,TASK
Complete the test cases.,TASK
Set a reminder for standup,REMINDER
Validate API responses,TASK
cool.,NO_INTENT
lol that’s funny,NO_INTENT
deploy to staging.,TASK
All good from my side.,NO_INTENT
Update the doc in Confluence,TASK
Set reminder for client call,REMINDER
lol that’s funny,NO_INTENT
Push the code to main,TASK
Set a reminder for standup,REMINDER
Makes sense.,NO_INTENT
All good from my side.,NO_INTENT
Review the PR,TASK
finish the feature today,TASK
update environment configs,TASK
Cool.,NO_INTENT
Complete the test cases,TASK
We discussed this earlier,NO_INTENT
reminder for sprint retro,REMINDER
Remind me about PR review,REMINDER
Update the doc in Confluence,TASK
Validate API responses,TASK
set a reminder for standup.,REMINDER
we discussed this earlier,NO_INTENT
Remind me about PR review.,REMINDER
Set a reminder for standup,REMINDER
Push the code to main,TASK
Let’s sync at 4 today,EVENT
Remind me to check logs,REMINDER
Merge the branch.,TASK
Close the ticket,TASK
Raise a Jira ticket,TASK
Remind me to check logs,REMINDER
Need a reminder for demo,REMINDER
Remind me about PR review,REMINDER
Ping me to review PR.,REMINDER
Don’t let me forget the meeting,REMINDER
done already,NO_INTENT
makes sense,NO_INTENT
Reminder to push code,REMINDER
Close the ticket.,TASK
Merge the branch.,TASK
Check the logs,TASK
Validate API responses,TASK
Thanks,NO_INTENT
cool,NO_INTENT
Remind me to check logs,REMINDER
reminder to push code.,REMINDER
Deploy to staging,TASK
Demo scheduled for Friday,EVENT
Release call tonight,EVENT
cool.,NO_INTENT
Daily scrum at 11,EVENT
Merge the branch,TASK
Don’t let me forget the meeting,REMINDER
Townhall next week,EVENT
no issues so far.,NO_INTENT
Set reminder for client call,REMINDER
planning session this evening.,EVENT
Prod issue call in 10 mins.,EVENT
Reminder to push code,REMINDER
Run regression tests.,TASK
Release call tonight,EVENT
Makes sense,NO_INTENT
Remind me to update Jira.,REMINDER
Prepare slides for demo.,TASK
Remind me to update Jira.,REMINDER
Release call tonight.,EVENT
daily scrum at 11,EVENT
lol that’s funny,NO_INTENT
let’s sync at 4 today,EVENT
Update the doc in Confluence,TASK
Push the code to main,TASK
Done already,NO_INTENT
Okay got it.,NO_INTENT
Push the code to main.,TASK
Demo scheduled for Friday.,EVENT
Okay got it,NO_INTENT
Done already.,NO_INTENT
Set reminder for client call.,REMINDER
Standup at 10am,EVENT
Daily scrum at 11,EVENT
Townhall next week.,EVENT
Okay got it,NO_INTENT
Run regression tests,TASK
Townhall next week,EVENT
Validate API responses.,TASK
Cool,NO_INTENT
Remind me to deploy after lunch.,REMINDER
need a reminder for demo,REMINDER
Noted.,NO_INTENT
Client call tomorrow,EVENT
Please remind me before EOD,REMINDER
Complete the test cases,TASK
All good from my side,NO_INTENT
complete the test cases.,TASK
Remind me to update Jira.,REMINDER
Complete the test cases.,TASK
sprint planning tomorrow,EVENT
Set reminder for client call,REMINDER
Remind me to deploy after lunch,REMINDER
Please remind me before EOD.,REMINDER
Push the code to main,TASK
validate api responses,TASK
Quick call now,EVENT
Client call tomorrow.,EVENT
Remind me to update Jira.,REMINDER
Finish the feature today,TASK
All good from my side,NO_INTENT
Townhall next week,EVENT
Update environment configs,TASK
remind me to update jira,REMINDER
All good from my side.,NO_INTENT
No issues so far,NO_INTENT
Ping me to review PR.,REMINDER
Okay got it.,NO_INTENT
Need reminder for release,REMINDER
Townhall next week,EVENT
Done already,NO_INTENT
Thanks,NO_INTENT
Update environment configs,TASK
Daily scrum at 11,EVENT
Prod issue call in 10 mins,EVENT
update environment configs,TASK
Meeting with QA post lunch,EVENT
Remind me to submit timesheet.,REMINDER
Remind me to submit timesheet,REMINDER
Sprint planning tomorrow,EVENT
Reminder for sprint retro.,REMINDER
Finish the feature today.,TASK
Townhall next week,EVENT
Quick call now,EVENT
Makes sense.,NO_INTENT
Remind me to update Jira,REMINDER
check the logs,TASK
Update the doc in Confluence,TASK
update environment configs.,TASK
Sounds good.,NO_INTENT
I was on leave yesterday.,NO_INTENT
Update the doc in Confluence.,TASK
need a reminder for demo,REMINDER
Interview moved to Monday,EVENT
Prepare slides for demo,TASK
Need reminder for release.,REMINDER
Remind me to submit timesheet,REMINDER
Set a reminder for standup.,REMINDER
done already,NO_INTENT
Don’t let me forget the meeting,REMINDER
Ping me to review PR.,REMINDER
Noted.,NO_INTENT
Merge the branch.,TASK
Tech discussion at 3 PM,EVENT
interview moved to monday.,EVENT
lol that’s funny.,NO_INTENT
Validate API responses,TASK
Noted,NO_INTENT
Close the ticket.,TASK
Set reminder for client call,REMINDER
please remind me before eod,REMINDER
Makes sense,NO_INTENT
Remind me about PR review,REMINDER
Reminder to push code,REMINDER
remind me to deploy after lunch.,REMINDER
Let’s sync at 4 today.,EVENT
don’t let me forget the meeting.,REMINDER
no issues so far.,NO_INTENT
Reminder to push code,REMINDER
sprint planning tomorrow,EVENT
Daily scrum at 11,EVENT
1:1 with manager today,EVENT
Prod issue call in 10 mins.,EVENT
We discussed this earlier.,NO_INTENT
Release call tonight,EVENT
Remind me to update Jira,REMINDER
Set a reminder for standup.,REMINDER
ping me to review pr.,REMINDER
Noted.,NO_INTENT
Planning session this evening,EVENT
All good from my side,NO_INTENT
Deploy to staging,TASK
Looks good to me,NO_INTENT
Yep.,NO_INTENT
Planning session this evening,EVENT
Standup at 10am,EVENT
Yep,NO_INTENT
Set reminder for client call,REMINDER
Finish the feature today.,TASK
Please remind me before EOD,REMINDER
Check the logs,TASK
Remind me about PR review.,REMINDER
Done already,NO_INTENT
merge the branch.,TASK
Validate API responses,TASK
Release call tonight.,EVENT
Looks good to me,NO_INTENT
Push the code to main.,TASK
Raise a Jira ticket.,TASK
remind me to check logs,REMINDER
Daily scrum at 11.,EVENT
Close the ticket.,TASK
Daily scrum at 11,EVENT
done already.,NO_INTENT
need a reminder for demo,REMINDER
Please remind me before EOD,REMINDER
Merge the branch,TASK
We discussed this earlier,NO_INTENT
Can you remind me later.,REMINDER
prepare slides for demo,TASK
thanks,NO_INTENT
Close the ticket,TASK
Complete the test cases,TASK
Demo scheduled for Friday.,EVENT
Done already.,NO_INTENT
Demo scheduled for Friday,EVENT
Prepare slides for demo,TASK
Deploy to staging,TASK
Prepare slides for demo.,TASK
Can you remind me later,REMINDER
Okay got it,NO_INTENT
Release call tonight,EVENT
can you remind me later,REMINDER
Tech discussion at 3 PM,EVENT
Prod issue call in 10 mins,EVENT
Reminder for sprint retro,REMINDER
can you remind me later.,REMINDER
Don’t let me forget the meeting,REMINDER
Reminder for sprint retro.,REMINDER
quick call now,EVENT
1:1 with manager today,EVENT
Sprint planning tomorrow.,EVENT
Prepare slides for demo.,TASK
Update the doc in Confluence.,TASK
Can you remind me later,REMINDER
Finish the feature today,TASK
All good from my side,NO_INTENT
Finish the feature today.,TASK
sounds good,NO_INTENT
Haha okay.,NO_INTENT
Prepare slides for demo,TASK
need reminder for release,REMINDER
set a reminder for standup.,REMINDER
Close the ticket.,TASK
Can you remind me later,REMINDER
Makes sense,NO_INTENT
Yep,NO_INTENT
Don’t let me forget the meeting,REMINDER
Meeting with QA post lunch.,EVENT
Client call tomorrow,EVENT
Review the PR.,TASK
Reminder for sprint retro,REMINDER
Done already,NO_INTENT
set a reminder for standup,REMINDER
fix the prod bug.,TASK
Interview moved to Monday,EVENT
Townhall next week.,EVENT
I was on leave yesterday,NO_INTENT
All good from my side,NO_INTENT
Client call tomorrow,EVENT
All good from my side,NO_INTENT
Reminder to push code,REMINDER
All good from my side,NO_INTENT
Raise a Jira ticket.,TASK
Meeting with QA post lunch,EVENT
Push the code to main.,TASK
Update the doc in Confluence,TASK
Update environment configs,TASK
Interview moved to Monday,EVENT
We discussed this earlier,NO_INTENT
planning session this evening,EVENT
Sprint planning tomorrow.,EVENT
deploy to staging,TASK
sprint planning tomorrow.,EVENT
Remind me to check logs.,REMINDER
Cool,NO_INTENT
Remind me to update Jira.,REMINDER
1:1 with manager today.,EVENT
Set a reminder for standup,REMINDER
haha okay,NO_INTENT
Update environment configs,TASK
Can you remind me later.,REMINDER
Ping me to review PR,REMINDER
Close the ticket,TASK
Remind me to submit timesheet,REMINDER
remind me to check logs,REMINDER
Planning session this evening.,EVENT
yep,NO_INTENT
Update the doc in Confluence,TASK
1:1 with manager today,EVENT
prepare slides for demo,TASK
no issues so far,NO_INTENT
Don’t let me forget the meeting,REMINDER
Set reminder for client call,REMINDER
Can you remind me later.,REMINDER
Makes sense.,NO_INTENT
Close the ticket.,TASK
Sprint planning tomorrow,EVENT
I was on leave yesterday,NO_INTENT
remind me to update jira.,REMINDER
Demo scheduled for Friday,EVENT
Deploy to staging,TASK
Close the ticket,TASK
Prepare slides for demo.,TASK
review the pr.,TASK
Done already,NO_INTENT
planning session this evening.,EVENT
Please remind me before EOD,REMINDER
planning session this evening,EVENT
Check the logs,TASK
don’t let me forget the meeting.,REMINDER
no issues so far,NO_INTENT
sounds good.,NO_INTENT
Interview moved to Monday,EVENT
Please remind me before EOD.,REMINDER
We discussed this earlier,NO_INTENT
Reminder to push code,REMINDER
Fix the prod bug,TASK
set a reminder for standup.,REMINDER
Validate API responses,TASK
Remind me to update Jira,REMINDER
Sounds good.,NO_INTENT
Thanks.,NO_INTENT
tech discussion at 3 pm,EVENT
Don’t let me forget the meeting,REMINDER
Done already.,NO_INTENT
Haha okay.,NO_INTENT
Remind me to update Jira,REMINDER
reminder for sprint retro,REMINDER
Need reminder for release,REMINDER
All good from my side,NO_INTENT
Need reminder for release,REMINDER
Remind me to deploy after lunch,REMINDER
release call tonight,EVENT
ping me to review pr,REMINDER
Complete the test cases.,TASK
Sounds good,NO_INTENT
Complete the test cases,TASK
1:1 with manager today.,EVENT
We discussed this earlier,NO_INTENT
all good from my side.,NO_INTENT
Daily scrum at 11,EVENT
Push the code to main.,TASK
All good from my side,NO_INTENT
Haha okay.,NO_INTENT
check the logs,TASK
Raise a Jira ticket,TASK
Interview moved to Monday,EVENT
update the doc in confluence,TASK
Merge the branch,TASK
finish the feature today.,TASK
Remind me about PR review,REMINDER
Update the doc in Confluence,TASK
I was on leave yesterday.,NO_INTENT
Review the PR,TASK
Meeting with QA post lunch,EVENT
Done already,NO_INTENT
update environment configs,TASK
Sprint planning tomorrow,EVENT
complete the test cases,TASK
Tech discussion at 3 PM.,EVENT
demo scheduled for friday.,EVENT
Townhall next week,EVENT
Push the code to main,TASK
remind me to check logs,REMINDER
Tech discussion at 3 PM.,EVENT
update the doc in confluence,TASK
Client call tomorrow,EVENT
Remind me to check logs,REMINDER
No issues so far,NO_INTENT
Deploy to staging,TASK
remind me to submit timesheet,REMINDER
1:1 with manager today,EVENT
Raise a Jira ticket,TASK
Raise a Jira ticket.,TASK
We discussed this earlier,NO_INTENT
Okay got it,NO_INTENT
Remind me to deploy after lunch,REMINDER
Run regression tests.,TASK
Prod issue call in 10 mins,EVENT
Reminder to push code,REMINDER
Validate API responses.,TASK
Demo scheduled for Friday,EVENT
Noted,NO_INTENT
Tech discussion at 3 PM,EVENT
Reminder to push code,REMINDER
Noted,NO_INTENT
Need a reminder for demo.,REMINDER
I was on leave yesterday,NO_INTENT
Townhall next week.,EVENT
Validate API responses,TASK
Thanks,NO_INTENT
makes sense,NO_INTENT
I was on leave yesterday,NO_INTENT
Need reminder for release,REMINDER
Prod issue call in 10 mins,EVENT
Done already,NO_INTENT
Update environment configs,TASK
Okay got it,NO_INTENT
Cool.,NO_INTENT
Sounds good.,NO_INTENT
Check the logs,TASK
Update the doc in Confluence.,TASK
i was on leave yesterday,NO_INTENT
Tech discussion at 3 PM,EVENT
We discussed this earlier.,NO_INTENT
Raise a Jira ticket,TASK
Check the logs,TASK
remind me about pr review.,REMINDER
Townhall next week.,EVENT
Prepare slides for demo,TASK
We discussed this earlier,NO_INTENT
Close the ticket,TASK
Check the logs,TASK
We discussed this earlier.,NO_INTENT
Update environment configs,TASK
Looks good to me,NO_INTENT
Run regression tests.,TASK
Release call tonight,EVENT
prepare slides for demo,TASK
Don’t let me forget the meeting.,REMINDER
Update environment configs,TASK
Check the logs.,TASK
Cool.,NO_INTENT
Update the doc in Confluence.,TASK
Demo scheduled for Friday,EVENT
Check the logs.,TASK
Reminder to push code,REMINDER
Run regression tests.,TASK
Push the code to main,TASK
Okay got it,NO_INTENT
Noted.,NO_INTENT
Planning session this evening,EVENT
Cool,NO_INTENT
1:1 with manager today,EVENT
lol that’s funny.,NO_INTENT
Finish the feature today,TASK
1:1 with manager today.,EVENT
no issues so far,NO_INTENT
Looks good to me.,NO_INTENT
Sprint planning tomorrow,EVENT
i was on leave yesterday.,NO_INTENT
Need reminder for release,REMINDER
Close the ticket,TASK
Fix the prod bug.,TASK
check the logs,TASK
Ping me to review PR,REMINDER
can you remind me later,REMINDER
Sounds good,NO_INTENT
Raise a Jira ticket.,TASK
Close the ticket,TASK
push the code to main.,TASK
Remind me to update Jira.,REMINDER
We discussed this earlier,NO_INTENT
Remind me about PR review,REMINDER
Can you remind me later.,REMINDER
Complete the test cases,TASK
Planning session this evening.,EVENT
Sounds good,NO_INTENT
daily scrum at 11,EVENT
Please remind me before EOD,REMINDER
demo scheduled for friday.,EVENT
Meeting with QA post lunch,EVENT
Cool.,NO_INTENT
Need reminder for release,REMINDER
Remind me to update Jira.,REMINDER
1:1 with manager today,EVENT
need reminder for release,REMINDER
All good from my side,NO_INTENT
need a reminder for demo.,REMINDER
prod issue call in 10 mins,EVENT
Planning session this evening.,EVENT
Demo scheduled for Friday,EVENT
we discussed this earlier.,NO_INTENT
Noted,NO_INTENT
Sprint planning tomorrow.,EVENT
Remind me to check logs.,REMINDER
Ping me to review PR.,REMINDER
Done already,NO_INTENT
remind me to submit timesheet,REMINDER
Prod issue call in 10 mins,EVENT
I was on leave yesterday.,NO_INTENT
Standup at 10am.,EVENT
Townhall next week,EVENT
Okay got it,NO_INTENT
Remind me to deploy after lunch,REMINDER
tech discussion at 3 pm.,EVENT
Yep,NO_INTENT
sprint planning tomorrow,EVENT
Remind me to submit timesheet,REMINDER
remind me to submit timesheet,REMINDER
We discussed this earlier,NO_INTENT
Update environment configs.,TASK
Remind me about PR review.,REMINDER
Client call tomorrow,EVENT
Validate API responses,TASK
tech discussion at 3 pm,EVENT
prepare slides for demo,TASK
Looks good to me,NO_INTENT
need a reminder for demo.,REMINDER
Can you remind me later,REMINDER
Set reminder for client call,REMINDER
remind me to update jira.,REMINDER
prod issue call in 10 mins,EVENT
Need a reminder for demo,REMINDER
Demo scheduled for Friday,EVENT
Remind me to check logs,REMINDER
Remind me to submit timesheet,REMINDER
Push the code to main,TASK
Client call tomorrow,EVENT
Validate API responses,TASK
lol that’s funny,NO_INTENT
check the logs,TASK
Reminder to push code.,REMINDER
Daily scrum at 11,EVENT
Townhall next week,EVENT
Remind me to check logs.,REMINDER
Push the code to main,TASK
Tech discussion at 3 PM,EVENT
Release call tonight,EVENT
Sprint planning tomorrow,EVENT
Quick call now,EVENT
need a reminder for demo,REMINDER
Merge the branch,TASK
Haha okay,NO_INTENT
Raise a Jira ticket,TASK
Let’s sync at 4 today,EVENT
Update environment configs.,TASK
Reminder for sprint retro,REMINDER
raise a jira ticket.,TASK
1:1 with manager today.,EVENT
Sprint planning tomorrow.,EVENT
Review the PR,TASK
Remind me to update Jira.,REMINDER
all good from my side.,NO_INTENT
Looks good to me,NO_INTENT
Check the logs,TASK
Noted,NO_INTENT
Close the ticket,TASK
Planning session this evening,EVENT
All good from my side,NO_INTENT
Prod issue call in 10 mins,EVENT
Ping me to review PR.,REMINDER
Set reminder for client call.,REMINDER
Update environment configs,TASK
Remind me about PR review,REMINDER
ping me to review pr,REMINDER
Done already,NO_INTENT
check the logs,TASK
Complete the test cases,TASK
set a reminder for standup.,REMINDER
Townhall next week,EVENT
Remind me to update Jira,REMINDER
Yep,NO_INTENT
Update the doc in Confluence,TASK
Set reminder for client call,REMINDER
Remind me to update Jira.,REMINDER
Close the ticket,TASK
Done already,NO_INTENT
Fix the prod bug,TASK
Meeting with QA post lunch.,EVENT
Client call tomorrow.,EVENT
Quick call now,EVENT
1:1 with manager today.,EVENT
Ping me to review PR,REMINDER
makes sense.,NO_INTENT
Push the code to main,TASK
merge the branch,TASK
Prod issue call in 10 mins,EVENT
validate api responses,TASK
Sprint planning tomorrow,EVENT
Standup at 10am,EVENT
Interview moved to Monday,EVENT
Yep,NO_INTENT
need reminder for release,REMINDER
Remind me to check logs,REMINDER
Okay got it.,NO_INTENT
We discussed this earlier,NO_INTENT
all good from my side,NO_INTENT
Set a reminder for standup,REMINDER
Makes sense,NO_INTENT
Prod issue call in 10 mins,EVENT
Update the doc in Confluence.,TASK
Remind me to deploy after lunch.,REMINDER
Merge the branch,TASK
Haha okay.,NO_INTENT
validate api responses,TASK
Haha okay,NO_INTENT
please remind me before eod.,REMINDER
Thanks.,NO_INTENT
Please remind me before EOD,REMINDER
Sprint planning tomorrow.,EVENT
Quick call now.,EVENT
Set a reminder for standup,REMINDER
I was on leave yesterday,NO_INTENT
Noted,NO_INTENT
Check the logs,TASK
let’s sync at 4 today,EVENT
Prod issue call in 10 mins.,EVENT
Yep,NO_INTENT
Okay got it,NO_INTENT
Complete the test cases,TASK
Update the doc in Confluence.,TASK
Close the ticket,TASK
Interview moved to Monday,EVENT
Remind me to submit timesheet,REMINDER
Remind me to check logs.,REMINDER
Let’s sync at 4 today,EVENT
Prepare slides for demo,TASK
Update the doc in Confluence,TASK
Standup at 10am,EVENT
Set reminder for client call.,REMINDER
interview moved to monday,EVENT
Noted,NO_INTENT
Remind me about PR review.,REMINDER
need a reminder for demo,REMINDER
Reminder to push code,REMINDER
Tech discussion at 3 PM,EVENT
Set a reminder for standup,REMINDER
Merge the branch,TASK
Cool,NO_INTENT
lol that’s funny,NO_INTENT
Check the logs,TASK
set a reminder for standup,REMINDER
Remind me to check logs.,REMINDER
i was on leave yesterday.,NO_INTENT
reminder to push code,REMINDER
Done already.,NO_INTENT
Remind me to update Jira.,REMINDER
noted.,NO_INTENT
release call tonight,EVENT
raise a jira ticket,TASK
Check the logs,TASK
Sounds good,NO_INTENT
Standup at 10am.,EVENT
release call tonight.,EVENT
Haha okay,NO_INTENT
review the pr,TASK
Validate API responses,TASK
Finish the feature today.,TASK
all good from my side,NO_INTENT
Check the logs.,TASK
Done already,NO_INTENT
Remind me to submit timesheet.,REMINDER
Thanks.,NO_INTENT
daily scrum at 11.,EVENT
Haha okay.,NO_INTENT
no issues so far,NO_INTENT
Quick call now,EVENT
Standup at 10am.,EVENT
Yep,NO_INTENT
Haha okay,NO_INTENT
Deploy to staging.,TASK
Complete the test cases.,TASK
complete the test cases,TASK
Validate API responses.,TASK
All good from my side.,NO_INTENT
Finish the feature today.,TASK
Need a reminder for demo,REMINDER
1:1 with manager today,EVENT
need reminder for release,REMINDER
Tech discussion at 3 PM,EVENT
Release call tonight,EVENT
Please remind me before EOD,REMINDER
Set a reminder for standup,REMINDER
Reminder for sprint retro,REMINDER
Remind me to submit timesheet,REMINDER
Remind me about PR review,REMINDER
raise a jira ticket,TASK
Tech discussion at 3 PM,EVENT
Finish the feature today.,TASK
Reminder for sprint retro,REMINDER
lol that’s funny,NO_INTENT
Review the PR.,TASK
Check the logs.,TASK
Deploy to staging.,TASK
Remind me to submit timesheet.,REMINDER
Okay got it.,NO_INTENT
quick call now.,EVENT
Ping me to review PR,REMINDER
Ping me to review PR,REMINDER
Validate API responses,TASK
Update the doc in Confluence.,TASK
Remind me to update Jira,REMINDER
push the code to main,TASK
Client call tomorrow.,EVENT
Complete the test cases,TASK
Merge the branch,TASK
finish the feature today,TASK
Client call tomorrow.,EVENT
Planning session this evening,EVENT
Deploy to staging,TASK
Merge the branch,TASK
Run regression tests,TASK
Looks good to me,NO_INTENT
No issues so far,NO_INTENT
deploy to staging.,TASK
release call tonight.,EVENT
Remind me to update Jira,REMINDER
Remind me to update Jira,REMINDER
Daily scrum at 11,EVENT
Prepare slides for demo.,TASK
Haha okay,NO_INTENT
Prepare slides for demo,TASK
merge the branch,TASK
Looks good to me,NO_INTENT
Interview moved to Monday.,EVENT
Interview moved to Monday,EVENT
Finish the feature today.,TASK
Planning session this evening,EVENT
We discussed this earlier.,NO_INTENT
Don’t let me forget the meeting,REMINDER
Review the PR.,TASK
Yep.,NO_INTENT
release call tonight,EVENT
Makes sense,NO_INTENT
Check the logs,TASK
review the pr,TASK
I was on leave yesterday,NO_INTENT
remind me to submit timesheet,REMINDER
Interview moved to Monday,EVENT
Meeting with QA post lunch,EVENT
Sprint planning tomorrow,EVENT
Don’t let me forget the meeting,REMINDER
Validate API responses,TASK
raise a jira ticket.,TASK
We discussed this earlier.,NO_INTENT
Need a reminder for demo,REMINDER
1:1 with manager today.,EVENT
Close the ticket,TASK
1:1 with manager today,EVENT
validate api responses,TASK
Run regression tests,TASK
Don’t let me forget the meeting.,REMINDER
Complete the test cases,TASK
We discussed this earlier,NO_INTENT
Looks good to me,NO_INTENT
Remind me to check logs,REMINDER
Looks good to me.,NO_INTENT
Remind me to check logs,REMINDER
Set a reminder for standup,REMINDER
client call tomorrow,EVENT
I was on leave yesterday.,NO_INTENT
Prod issue call in 10 mins,EVENT
Interview moved to Monday,EVENT
1:1 with manager today,EVENT
Complete the test cases,TASK
Haha okay,NO_INTENT
Thanks,NO_INTENT
Update environment configs.,TASK
Yep,NO_INTENT
We discussed this earlier.,NO_INTENT
reminder for sprint retro,REMINDER
Validate API responses,TASK
Townhall next week.,EVENT
lol that’s funny.,NO_INTENT
Demo scheduled for Friday.,EVENT
No issues so far.,NO_INTENT
Raise a Jira ticket,TASK
Push the code to main.,TASK
Validate API responses,TASK
Need reminder for release.,REMINDER
Okay got it,NO_INTENT
All good from my side,NO_INTENT
No issues so far.,NO_INTENT
makes sense.,NO_INTENT
fix the prod bug,TASK
Prod issue call in 10 mins,EVENT
Thanks,NO_INTENT
Ping me to review PR,REMINDER
Daily scrum at 11.,EVENT
reminder to push code,REMINDER
standup at 10am,EVENT
Yep.,NO_INTENT
Remind me to deploy after lunch,REMINDER
update the doc in confluence.,TASK
1:1 with manager today.,EVENT
All good from my side,NO_INTENT
remind me to submit timesheet.,REMINDER
Sprint planning tomorrow,EVENT
Meeting with QA post lunch.,EVENT
Run regression tests,TASK
Yep,NO_INTENT
Interview moved to Monday,EVENT
Update the doc in Confluence,TASK
fix the prod bug,TASK
need reminder for release,REMINDER
Sprint planning tomorrow.,EVENT
Remind me about PR review,REMINDER
Close the ticket,TASK
Remind me to submit timesheet,REMINDER
Client call tomorrow,EVENT
Raise a Jira ticket,TASK
Release call tonight,EVENT
demo scheduled for friday,EVENT
Planning session this evening,EVENT
need a reminder for demo,REMINDER
Set reminder for client call.,REMINDER
Review the PR.,TASK
quick call now,EVENT
Quick call now,EVENT
close the ticket,TASK
Set reminder for client call.,REMINDER
Set a reminder for standup,REMINDER
Update the doc in Confluence,TASK
Close the ticket,TASK
please remind me before eod.,REMINDER
Remind me to check logs,REMINDER
Update environment configs,TASK
Check the logs,TASK
Quick call now,EVENT
Standup at 10am,EVENT
Demo scheduled for Friday.,EVENT
Reminder for sprint retro.,REMINDER
Please remind me before EOD,REMINDER
Please remind me before EOD.,REMINDER
All good from my side.,NO_INTENT
Validate API responses.,TASK
Remind me to check logs,REMINDER
Remind me to check logs.,REMINDER
Townhall next week.,EVENT
Can you remind me later,REMINDER
Remind me to submit timesheet,REMINDER
Haha okay,NO_INTENT
Sprint planning tomorrow,EVENT
remind me to deploy after lunch.,REMINDER
release call tonight,EVENT
Sounds good,NO_INTENT
Noted.,NO_INTENT
We discussed this earlier,NO_INTENT
Close the ticket.,TASK
Interview moved to Monday,EVENT
1:1 with manager today,EVENT
Remind me to deploy after lunch,REMINDER
Prepare slides for demo,TASK
Run regression tests.,TASK
Yep.,NO_INTENT
Finish the feature today,TASK
Run regression tests,TASK
Reminder to push code,REMINDER
prepare slides for demo,TASK
Set a reminder for standup.,REMINDER
we discussed this earlier.,NO_INTENT
Remind me to submit timesheet,REMINDER
update environment configs,TASK
lol that’s funny,NO_INTENT
Set reminder for client call,REMINDER
release call tonight,EVENT
Cool.,NO_INTENT
sounds good.,NO_INTENT
Demo scheduled for Friday,EVENT
remind me about pr review,REMINDER
set a reminder for standup,REMINDER
set reminder for client call,REMINDER
Complete the test cases.,TASK
Update environment configs.,TASK
1:1 with manager today.,EVENT
Okay got it.,NO_INTENT
Remind me to update Jira,REMINDER
Sprint planning tomorrow.,EVENT
We discussed this earlier.,NO_INTENT
Makes sense.,NO_INTENT
looks good to me,NO_INTENT
Set a reminder for standup,REMINDER
ping me to review pr,REMINDER
prod issue call in 10 mins,EVENT
Cool.,NO_INTENT
yep,NO_INTENT
Raise a Jira ticket,TASK
Update the doc in Confluence.,TASK
Can you remind me later.,REMINDER
Quick call now.,EVENT
Prod issue call in 10 mins,EVENT
Remind me about PR review.,REMINDER
Reminder to push code,REMINDER
reminder for sprint retro,REMINDER
Don’t let me forget the meeting,REMINDER
Done already,NO_INTENT
update the doc in confluence.,TASK
Need a reminder for demo,REMINDER
Reminder for sprint retro.,REMINDER
Remind me to submit timesheet.,REMINDER
makes sense,NO_INTENT
i was on leave yesterday,NO_INTENT
Sounds good,NO_INTENT
Haha okay,NO_INTENT
reminder for sprint retro,REMINDER
1:1 with manager today,EVENT
I was on leave yesterday,NO_INTENT
Makes sense,NO_INTENT
Update environment configs,TASK
Don’t let me forget the meeting,REMINDER
meeting with qa post lunch,EVENT
lol that’s funny,NO_INTENT
Validate API responses,TASK
haha okay,NO_INTENT
Review the PR,TASK
Remind me to update Jira,REMINDER
Update the doc in Confluence.,TASK
interview moved to monday,EVENT
Reminder for sprint retro,REMINDER
Finish the feature today,TASK
townhall next week,EVENT
Push the code to main,TASK
Prod issue call in 10 mins,EVENT
Raise a Jira ticket.,TASK
Cool.,NO_INTENT
lol that’s funny,NO_INTENT
need a reminder for demo,REMINDER
Remind me to check logs,REMINDER
finish the feature today,TASK
Ping me to review PR,REMINDER
Tech discussion at 3 PM.,EVENT
Planning session this evening.,EVENT
sprint planning tomorrow,EVENT
makes sense,NO_INTENT
Remind me about PR review,REMINDER
need a reminder for demo.,REMINDER
1:1 with manager today,EVENT
townhall next week.,EVENT
Prod issue call in 10 mins,EVENT
Haha okay.,NO_INTENT
fix the prod bug,TASK
Sounds good.,NO_INTENT
Reminder for sprint retro,REMINDER
Review the PR,TASK
Close the ticket.,TASK
Thanks,NO_INTENT
Cool,NO_INTENT
Interview moved to Monday,EVENT
Set reminder for client call,REMINDER
let’s sync at 4 today,EVENT
I was on leave yesterday,NO_INTENT
Remind me to submit timesheet,REMINDER
Cool.,NO_INTENT
Review the PR,TASK
Need reminder for release.,REMINDER
Set reminder for client call,REMINDER
Makes sense.,NO_INTENT
Remind me to check logs.,REMINDER
reminder for sprint retro,REMINDER
I was on leave yesterday,NO_INTENT
Cool,NO_INTENT
Client call tomorrow,EVENT
Set reminder for client call,REMINDER
Finish the feature today,TASK
Don’t let me forget the meeting,REMINDER
Let’s sync at 4 today.,EVENT
Client call tomorrow.,EVENT
Okay got it,NO_INTENT
Noted,NO_INTENT
Set a reminder for standup.,REMINDER
Update the doc in Confluence,TASK
demo scheduled for friday,EVENT
Set a reminder for standup.,REMINDER
planning session this evening,EVENT
I was on leave yesterday,NO_INTENT
I was on leave yesterday,NO_INTENT
Let’s sync at 4 today.,EVENT
Release call tonight,EVENT
Reminder to push code.,REMINDER
Demo scheduled for Friday.,EVENT
quick call now,EVENT
interview moved to monday,EVENT
Sounds good,NO_INTENT
Tech discussion at 3 PM,EVENT
Let’s sync at 4 today.,EVENT
check the logs.,TASK
Daily scrum at 11,EVENT
Release call tonight,EVENT
Townhall next week,EVENT
Update the doc in Confluence,TASK
Close the ticket,TASK
Please remind me before EOD,REMINDER
Remind me about PR review.,REMINDER
Planning session this evening.,EVENT
Run regression tests,TASK
No issues so far,NO_INTENT
Prod issue call in 10 mins,EVENT
Finish the feature today,TASK
Check the logs,TASK
Don’t let me forget the meeting,REMINDER
Let’s sync at 4 today.,EVENT
review the pr,TASK
Update the doc in Confluence.,TASK
Standup at 10am,EVENT
lol that’s funny.,NO_INTENT
All good from my side.,NO_INTENT
I was on leave yesterday,NO_INTENT
I was on leave yesterday.,NO_INTENT
Makes sense,NO_INTENT
Validate API responses,TASK
All good from my side,NO_INTENT
Please remind me before EOD,REMINDER
1:1 with manager today.,EVENT
Townhall next week,EVENT
need reminder for release,REMINDER
Remind me to check logs.,REMINDER
Set reminder for client call,REMINDER
Remind me to submit timesheet,REMINDER
Interview moved to Monday,EVENT
Merge the branch,TASK
Validate API responses,TASK
Interview moved to Monday.,EVENT
Meeting with QA post lunch,EVENT
Please remind me before EOD,REMINDER
Let’s sync at 4 today.,EVENT
Finish the feature today,TASK
Haha okay,NO_INTENT
Daily scrum at 11,EVENT
Planning session this evening,EVENT
All good from my side,NO_INTENT
Remind me about PR review,REMINDER
Townhall next week,EVENT
Review the PR.,TASK
Release call tonight,EVENT
Remind me to update Jira,REMINDER
Finish the feature today.,TASK
Can you remind me later,REMINDER
client call tomorrow,EVENT
Remind me to update Jira,REMINDER
Ping me to review PR,REMINDER
Tech discussion at 3 PM,EVENT
Need reminder for release,REMINDER
Planning session this evening,EVENT
Cool.,NO_INTENT
Remind me to update Jira,REMINDER
Don’t let me forget the meeting.,REMINDER
Yep,NO_INTENT
Update the doc in Confluence,TASK
planning session this evening,EVENT
release call tonight.,EVENT
Push the code to main.,TASK
Run regression tests,TASK
Planning session this evening,EVENT
1:1 with manager today,EVENT
don’t let me forget the meeting,REMINDER
Check the logs.,TASK
Tech discussion at 3 PM.,EVENT
done already,NO_INTENT
Review the PR.,TASK
Remind me to update Jira,REMINDER
remind me to submit timesheet,REMINDER
Set reminder for client call,REMINDER
done already,NO_INTENT
Deploy to staging.,TASK
Raise a Jira ticket,TASK
Sprint planning tomorrow.,EVENT
Thanks,NO_INTENT
Quick call now.,EVENT
lol that’s funny,NO_INTENT
Validate API responses.,TASK
Close the ticket,TASK
Looks good to me,NO_INTENT
meeting with qa post lunch,EVENT
Remind me to deploy after lunch,REMINDER
Validate API responses.,TASK
Reminder for sprint retro.,REMINDER
All good from my side.,NO_INTENT
Ping me to review PR,REMINDER
Don’t let me forget the meeting,REMINDER
Release call tonight,EVENT
No issues so far,NO_INTENT
Prod issue call in 10 mins.,EVENT
Check the logs,TASK
can you remind me later,REMINDER
update the doc in confluence,TASK
Reminder to push code,REMINDER
Reminder to push code,REMINDER
Update the doc in Confluence,TASK
Close the ticket,TASK
Reminder to push code.,REMINDER
Update environment configs.,TASK
Push the code to main,TASK
Makes sense,NO_INTENT
Cool.,NO_INTENT
Validate API responses.,TASK
Daily scrum at 11.,EVENT
Raise a Jira ticket.,TASK
Meeting with QA post lunch.,EVENT
1:1 with manager today,EVENT
Reminder for sprint retro,REMINDER
All good from my side,NO_INTENT
remind me to submit timesheet.,REMINDER
Reminder for sprint retro,REMINDER
Can you remind me later.,REMINDER
cool,NO_INTENT
Sprint planning tomorrow,EVENT
Prepare slides for demo.,TASK
looks good to me.,NO_INTENT
Fix the prod bug,TASK
Finish the feature today,TASK
Run regression tests.,TASK
Remind me about PR review,REMINDER
Remind me to submit timesheet,REMINDER
Sprint planning tomorrow,EVENT
Release call tonight,EVENT
Remind me to deploy after lunch.,REMINDER
Can you remind me later,REMINDER
Done already,NO_INTENT
Fix the prod bug,TASK
Validate API responses.,TASK
Finish the feature today,TASK
tech discussion at 3 pm,EVENT
Complete the test cases,TASK
Don’t let me forget the meeting,REMINDER
townhall next week,EVENT
Thanks,NO_INTENT
Demo scheduled for Friday,EVENT
Meeting with QA post lunch,EVENT
Need a reminder for demo,REMINDER
push the code to main,TASK
I was on leave yesterday,NO_INTENT
Daily scrum at 11,EVENT
Need reminder for release,REMINDER
Remind me to deploy after lunch,REMINDER
Client call tomorrow,EVENT
Push the code to main.,TASK
Merge the branch,TASK
All good from my side,NO_INTENT
lol that’s funny,NO_INTENT
Sprint planning tomorrow,EVENT
Okay got it.,NO_INTENT
Done already,NO_INTENT
Need reminder for release,REMINDER
Okay got it.,NO_INTENT
townhall next week,EVENT
Done already,NO_INTENT
Need a reminder for demo,REMINDER
Quick call now.,EVENT
Makes sense,NO_INTENT
review the pr,TASK
Noted,NO_INTENT
Set a reminder for standup,REMINDER
Don’t let me forget the meeting,REMINDER
Quick call now,EVENT
set a reminder for standup,REMINDER
Remind me to submit timesheet.,REMINDER
Meeting with QA post lunch.,EVENT
Raise a Jira ticket.,TASK
Set reminder for client call,REMINDER
Sprint planning tomorrow,EVENT
done already.,NO_INTENT
townhall next week,EVENT
done already,NO_INTENT
tech discussion at 3 pm,EVENT
Remind me about PR review,REMINDER
townhall next week,EVENT
Okay got it.,NO_INTENT
client call tomorrow.,EVENT
Release call tonight,EVENT
Validate API responses,TASK
Complete the test cases,TASK
Noted,NO_INTENT
Need reminder for release.,REMINDER
Can you remind me later.,REMINDER
Reminder to push code,REMINDER
Close the ticket,TASK
Planning session this evening,EVENT
Reminder to push code,REMINDER
We discussed this earlier.,NO_INTENT
Yep.,NO_INTENT
Okay got it.,NO_INTENT
please remind me before eod,REMINDER
Let’s sync at 4 today.,EVENT
Sprint planning tomorrow.,EVENT
please remind me before eod.,REMINDER
Don’t let me forget the meeting,REMINDER
standup at 10am.,EVENT
Release call tonight,EVENT
Quick call now,EVENT
Raise a Jira ticket,TASK
check the logs,TASK
makes sense,NO_INTENT
Merge the branch,TASK
we discussed this earlier,NO_INTENT
townhall next week,EVENT
planning session this evening,EVENT
complete the test cases,TASK
Update environment configs,TASK
meeting with qa post lunch,EVENT
haha okay.,NO_INTENT
remind me about pr review.,REMINDER
Raise a Jira ticket,TASK
Review the PR.,TASK
Prepare slides for demo,TASK
All good from my side,NO_INTENT
Townhall next week.,EVENT
Close the ticket,TASK
I was on leave yesterday.,NO_INTENT
Merge the branch,TASK
All good from my side,NO_INTENT
please remind me before eod.,REMINDER
Validate API responses,TASK
Cool,NO_INTENT
Fix the prod bug,TASK
Close the ticket,TASK
Sounds good,NO_INTENT
client call tomorrow,EVENT
Push the code to main,TASK
Fix the prod bug.,TASK
Update environment configs.,TASK
Cool,NO_INTENT
Remind me about PR review,REMINDER
Yep,NO_INTENT
Close the ticket,TASK
need reminder for release,REMINDER
Need reminder for release.,REMINDER
Don’t let me forget the meeting,REMINDER
set a reminder for standup.,REMINDER
Looks good to me,NO_INTENT
Daily scrum at 11,EVENT
Let’s sync at 4 today.,EVENT
Demo scheduled for Friday,EVENT
Standup at 10am,EVENT
Don’t let me forget the meeting,REMINDER
need reminder for release,REMINDER
deploy to staging,TASK
Complete the test cases,TASK
No issues so far.,NO_INTENT
Prod issue call in 10 mins,EVENT
Client call tomorrow,EVENT
Prod issue call in 10 mins,EVENT
all good from my side,NO_INTENT
Done already,NO_INTENT
Release call tonight,EVENT
We discussed this earlier,NO_INTENT
Haha okay.,NO_INTENT
ping me to review pr.,REMINDER
validate api responses,TASK
Deploy to staging,TASK
No issues so far.,NO_INTENT
i was on leave yesterday.,NO_INTENT
Finish the feature today,TASK
need a reminder for demo.,REMINDER
Quick call now,EVENT
Fix the prod bug,TASK
Close the ticket,TASK
planning session this evening,EVENT
Please remind me before EOD,REMINDER
Reminder for sprint retro,REMINDER
Reminder for sprint retro,REMINDER
Review the PR.,TASK
Daily scrum at 11,EVENT
Update environment configs,TASK
deploy to staging,TASK
Set a reminder for standup,REMINDER
Sprint planning tomorrow,EVENT
Let’s sync at 4 today,EVENT
Update the doc in Confluence,TASK
check the logs.,TASK
Close the ticket,TASK
Check the logs.,TASK
Don’t let me forget the meeting,REMINDER
Run regression tests,TASK
Reminder for sprint retro,REMINDER
Fix the prod bug,TASK
Remind me to submit timesheet,REMINDER
cool,NO_INTENT
Interview moved to Monday,EVENT
Merge the branch,TASK
We discussed this earlier,NO_INTENT
We discussed this earlier.,NO_INTENT
Don’t let me forget the meeting.,REMINDER
Update the doc in Confluence,TASK
Fix the prod bug,TASK
Complete the test cases,TASK
1:1 with manager today,EVENT
Prepare slides for demo,TASK
Makes sense,NO_INTENT
need reminder for release,REMINDER
Remind me to deploy after lunch.,REMINDER
Remind me to check logs.,REMINDER
Looks good to me,NO_INTENT
Makes sense.,NO_INTENT
Remind me to update Jira,REMINDER
Close the ticket,TASK
Check the logs,TASK
Haha okay,NO_INTENT
Cool,NO_INTENT
Prod issue call in 10 mins,EVENT
Merge the branch,TASK
Update environment configs,TASK
run regression tests,TASK
Complete the test cases,TASK
Check the logs.,TASK
Ping me to review PR.,REMINDER
Update environment configs,TASK
Fix the prod bug,TASK
check the logs,TASK
Remind me to check logs.,REMINDER
cool.,NO_INTENT
Remind me about PR review,REMINDER
can you remind me later,REMINDER
Let’s sync at 4 today,EVENT
Haha okay,NO_INTENT
Cool,NO_INTENT
Fix the prod bug,TASK
Thanks,NO_INTENT
Reminder to push code.,REMINDER
Merge the branch,TASK
Push the code to main.,TASK
Looks good to me,NO_INTENT
Remind me to check logs,REMINDER
Don’t let me forget the meeting.,REMINDER
Deploy to staging,TASK
let’s sync at 4 today,EVENT
Demo scheduled for Friday,EVENT
Close the ticket.,TASK
Sprint planning tomorrow,EVENT
Looks good to me,NO_INTENT
Prepare slides for demo.,TASK
Merge the branch,TASK
Merge the branch,TASK
Client call tomorrow.,EVENT
Raise a Jira ticket,TASK
Check the logs,TASK
Quick call now.,EVENT
Set reminder for client call.,REMINDER
Need a reminder for demo.,REMINDER
Check the logs,TASK
done already,NO_INTENT
lol that’s funny,NO_INTENT
Interview moved to Monday,EVENT
We discussed this earlier,NO_INTENT
fix the prod bug.,TASK
Okay got it,NO_INTENT
Done already,NO_INTENT
Looks good to me,NO_INTENT
Run regression tests.,TASK
Need reminder for release,REMINDER
Please remind me before EOD,REMINDER
1:1 with manager today,EVENT
validate api responses,TASK
townhall next week,EVENT
Complete the test cases.,TASK
Update the doc in Confluence,TASK
Update the doc in Confluence,TASK
push the code to main,TASK
reminder to push code,REMINDER
Deploy to staging,TASK
Standup at 10am.,EVENT
remind me about pr review,REMINDER
ping me to review pr,REMINDER
Quick call now,EVENT
Remind me to deploy after lunch,REMINDER
Planning session this evening,EVENT
Update environment configs,TASK
Release call tonight,EVENT
Remind me to check logs,REMINDER
run regression tests.,TASK
Push the code to main,TASK
Standup at 10am,EVENT
Run regression tests,TASK
Haha okay,NO_INTENT
need a reminder for demo,REMINDER
Remind me to deploy after lunch,REMINDER
Townhall next week,EVENT
Validate API responses.,TASK
Makes sense,NO_INTENT
Push the code to main,TASK
Run regression tests,TASK
Reminder for sprint retro,REMINDER
I was on leave yesterday.,NO_INTENT
Complete the test cases.,TASK
Remind me to update Jira.,REMINDER
Cool,NO_INTENT
need reminder for release.,REMINDER
lol that’s funny.,NO_INTENT
Remind me about PR review,REMINDER
update the doc in confluence.,TASK
fix the prod bug,TASK
No issues so far,NO_INTENT
noted,NO_INTENT
1:1 with manager today,EVENT
Need a reminder for demo.,REMINDER
makes sense,NO_INTENT
Reminder for sprint retro.,REMINDER
We discussed this earlier,NO_INTENT
Finish the feature today.,TASK
Remind me to deploy after lunch,REMINDER
Prepare slides for demo.,TASK
Please remind me before EOD,REMINDER
Townhall next week.,EVENT
Prod issue call in 10 mins,EVENT
Finish the feature today,TASK
Let’s sync at 4 today,EVENT
Need reminder for release,REMINDER
Prepare slides for demo,TASK
Please remind me before EOD,REMINDER
Update the doc in Confluence,TASK
Release call tonight,EVENT
Need reminder for release,REMINDER
Tech discussion at 3 PM,EVENT
Need reminder for release,REMINDER
Ping me to review PR,REMINDER
Haha okay,NO_INTENT
thanks,NO_INTENT
Okay got it,NO_INTENT
No issues so far,NO_INTENT
remind me to update jira,REMINDER
makes sense.,NO_INTENT
we discussed this earlier,NO_INTENT
lol that’s funny,NO_INTENT
Release call tonight,EVENT
Update environment configs,TASK
Prod issue call in 10 mins,EVENT
Please remind me before EOD,REMINDER
Release call tonight,EVENT
Set a reminder for standup,REMINDER
All good from my side,NO_INTENT
Deploy to staging,TASK
Client call tomorrow,EVENT
Fix the prod bug,TASK
Raise a Jira ticket,TASK
Remind me to submit timesheet,REMINDER
Can you remind me later,REMINDER
set a reminder for standup,REMINDER
Yep.,NO_INTENT
We discussed this earlier,NO_INTENT
Raise a Jira ticket,TASK
Quick call now.,EVENT
Update environment configs,TASK
Review the PR,TASK
Sounds good,NO_INTENT
Remind me to submit timesheet,REMINDER
Set a reminder for standup.,REMINDER
planning session this evening,EVENT
Sounds good,NO_INTENT
can you remind me later,REMINDER
1:1 with manager today,EVENT
Daily scrum at 11,EVENT
Remind me about PR review,REMINDER
Review the PR,TASK
all good from my side.,NO_INTENT
Run regression tests.,TASK
Check the logs.,TASK
Can you remind me later,REMINDER
Daily scrum at 11,EVENT
Release call tonight.,EVENT
Sounds good.,NO_INTENT
Review the PR,TASK
Prepare slides for demo,TASK
Prod issue call in 10 mins.,EVENT
Makes sense,NO_INTENT
reminder to push code,REMINDER
Release call tonight,EVENT
Prepare slides for demo,TASK
Prepare slides for demo,TASK
Looks good to me.,NO_INTENT
Can you remind me later,REMINDER
remind me about pr review,REMINDER
remind me to submit timesheet,REMINDER
we discussed this earlier,NO_INTENT
Set reminder for client call,REMINDER
Remind me to update Jira,REMINDER
Demo scheduled for Friday.,EVENT
Need a reminder for demo,REMINDER
Prepare slides for demo.,TASK
Review the PR,TASK
complete the test cases.,TASK
push the code to main.,TASK
Need reminder for release,REMINDER
Sprint planning tomorrow,EVENT
Remind me to submit timesheet.,REMINDER
Push the code to main,TASK
Please remind me before EOD.,REMINDER
remind me to check logs,REMINDER
Update environment configs,TASK
Finish the feature today.,TASK
Set reminder for client call,REMINDER
Yep,NO_INTENT
Finish the feature today.,TASK
Demo scheduled for Friday,EVENT
complete the test cases,TASK
Finish the feature today,TASK
Remind me about PR review.,REMINDER
Raise a Jira ticket,TASK
Run regression tests,TASK
Meeting with QA post lunch,EVENT
Noted,NO_INTENT
Townhall next week,EVENT
Looks good to me,NO_INTENT
Reminder to push code.,REMINDER
Haha okay,NO_INTENT
Remind me to update Jira,REMINDER
i was on leave yesterday.,NO_INTENT
Need a reminder for demo,REMINDER
Remind me to submit timesheet.,REMINDER
Need reminder for release,REMINDER
Set reminder for client call,REMINDER
Remind me about PR review,REMINDER
Validate API responses,TASK
finish the feature today,TASK
need a reminder for demo,REMINDER
looks good to me,NO_INTENT
Meeting with QA post lunch,EVENT
ping me to review pr.,REMINDER
Remind me about PR review,REMINDER
thanks,NO_INTENT
run regression tests,TASK
merge the branch,TASK
Fix the prod bug.,TASK
raise a jira ticket,TASK
Reminder for sprint retro,REMINDER
Finish the feature today.,TASK
Set a reminder for standup.,REMINDER
Makes sense,NO_INTENT
Remind me about PR review,REMINDER
Release call tonight,EVENT
standup at 10am,EVENT
Complete the test cases,TASK
lol that’s funny,NO_INTENT
Yep,NO_INTENT
Fix the prod bug,TASK
remind me to update jira,REMINDER
Remind me to check logs,REMINDER
Sprint planning tomorrow,EVENT
Don’t let me forget the meeting.,REMINDER
Ping me to review PR,REMINDER
Run regression tests.,TASK
Validate API responses,TASK
Demo scheduled for Friday,EVENT
need reminder for release.,REMINDER
Prepare slides for demo,TASK
close the ticket.,TASK
lol that’s funny,NO_INTENT
update the doc in confluence,TASK
Client call tomorrow,EVENT
Demo scheduled for Friday,EVENT
Townhall next week,EVENT
makes sense.,NO_INTENT
need reminder for release.,REMINDER
Set reminder for client call,REMINDER
Meeting with QA post lunch,EVENT
Remind me about PR review,REMINDER
Tech discussion at 3 PM,EVENT
Daily scrum at 11,EVENT
Client call tomorrow.,EVENT
Need reminder for release,REMINDER
makes sense,NO_INTENT
Remind me to check logs,REMINDER
Noted.,NO_INTENT
Remind me to update Jira.,REMINDER
Finish the feature today,TASK
Remind me to deploy after lunch.,REMINDER
remind me to submit timesheet,REMINDER
Let’s sync at 4 today,EVENT
Deploy to staging.,TASK
Sounds good,NO_INTENT
Merge the branch.,TASK
Haha okay,NO_INTENT
I was on leave yesterday.,NO_INTENT
Remind me to deploy after lunch.,REMINDER
Review the PR,TASK
Let’s sync at 4 today,EVENT
complete the test cases,TASK
Remind me to deploy after lunch,REMINDER
thanks.,NO_INTENT
daily scrum at 11,EVENT
cool,NO_INTENT
Cool,NO_INTENT
Planning session this evening,EVENT
Reminder for sprint retro.,REMINDER
Please remind me before EOD,REMINDER
client call tomorrow,EVENT
Check the logs,TASK
Update the doc in Confluence,TASK
reminder for sprint retro.,REMINDER
standup at 10am,EVENT
reminder to push code,REMINDER
Don’t let me forget the meeting,REMINDER
Remind me about PR review.,REMINDER
Close the ticket,TASK
Raise a Jira ticket,TASK
We discussed this earlier,NO_INTENT
Finish the feature today,TASK
Sprint planning tomorrow,EVENT
can you remind me later,REMINDER
interview moved to monday,EVENT
Quick call now,EVENT
Merge the branch,TASK
Remind me to check logs.,REMINDER
haha okay,NO_INTENT
Close the ticket.,TASK
Release call tonight.,EVENT
Remind me to check logs.,REMINDER
Makes sense,NO_INTENT
Cool.,NO_INTENT
No issues so far,NO_INTENT
Townhall next week,EVENT
noted,NO_INTENT
push the code to main.,TASK
Close the ticket,TASK
Planning session this evening.,EVENT
interview moved to monday,EVENT
Prepare slides for demo,TASK
Interview moved to Monday.,EVENT
Prepare slides for demo,TASK
Release call tonight,EVENT
Remind me to check logs,REMINDER
set a reminder for standup.,REMINDER
Update the doc in Confluence,TASK
Sprint planning tomorrow.,EVENT
Okay got it,NO_INTENT
Haha okay,NO_INTENT
Meeting with QA post lunch,EVENT
all good from my side,NO_INTENT
prepare slides for demo,TASK
Complete the test cases,TASK
Review the PR,TASK
No issues so far.,NO_INTENT
need reminder for release,REMINDER
Prepare slides for demo.,TASK
Cool,NO_INTENT
yep,NO_INTENT
Remind me to check logs.,REMINDER
push the code to main,TASK
thanks,NO_INTENT
Validate API responses,TASK
Meeting with QA post lunch,EVENT
Fix the prod bug.,TASK
Ping me to review PR.,REMINDER
prod issue call in 10 mins,EVENT
can you remind me later,REMINDER
Tech discussion at 3 PM,EVENT
Client call tomorrow,EVENT
Standup at 10am,EVENT
Prod issue call in 10 mins,EVENT
Need a reminder for demo,REMINDER
Noted,NO_INTENT
lol that’s funny,NO_INTENT
Meeting with QA post lunch,EVENT
Thanks,NO_INTENT
lol that’s funny,NO_INTENT
Remind me to check logs,REMINDER
cool,NO_INTENT
Planning session this evening,EVENT
Townhall next week,EVENT
We discussed this earlier,NO_INTENT
can you remind me later.,REMINDER
Let’s sync at 4 today.,EVENT
review the pr,TASK
done already,NO_INTENT
Need reminder for release,REMINDER
Demo scheduled for Friday,EVENT
Client call tomorrow,EVENT
Remind me to submit timesheet,REMINDER
set a reminder for standup,REMINDER
Fix the prod bug,TASK
Fix the prod bug.,TASK
Sprint planning tomorrow.,EVENT
Push the code to main,TASK
remind me about pr review,REMINDER
Done already.,NO_INTENT
Yep.,NO_INTENT
Looks good to me,NO_INTENT
Need reminder for release,REMINDER
Need reminder for release,REMINDER
1:1 with manager today.,EVENT
Cool,NO_INTENT
Need a reminder for demo,REMINDER
Townhall next week.,EVENT
Remind me to check logs,REMINDER
Prod issue call in 10 mins,EVENT
1:1 with manager today,EVENT
validate api responses.,TASK
1:1 with manager today.,EVENT
please remind me before eod,REMINDER
Planning session this evening,EVENT
all good from my side,NO_INTENT
Demo scheduled for Friday,EVENT
Meeting with QA post lunch,EVENT
Client call tomorrow.,EVENT
reminder for sprint retro.,REMINDER
Looks good to me.,NO_INTENT
lol that’s funny,NO_INTENT
Okay got it,NO_INTENT
Need a reminder for demo,REMINDER
Close the ticket,TASK
Don’t let me forget the meeting,REMINDER
Looks good to me,NO_INTENT
Remind me to update Jira.,REMINDER
all good from my side.,NO_INTENT
Close the ticket,TASK
I was on leave yesterday,NO_INTENT
Release call tonight.,EVENT
release call tonight.,EVENT
remind me to update jira,REMINDER
Prepare slides for demo,TASK
reminder for sprint retro,REMINDER
Meeting with QA post lunch,EVENT
Reminder for sprint retro.,REMINDER
quick call now,EVENT
looks good to me.,NO_INTENT
Update the doc in Confluence,TASK
daily scrum at 11.,EVENT
Set a reminder for standup.,REMINDER
Fix the prod bug,TASK
Reminder to push code,REMINDER
1:1 with manager today,EVENT
Need reminder for release,REMINDER
Demo scheduled for Friday,EVENT
review the pr,TASK
Ping me to review PR,REMINDER
need a reminder for demo,REMINDER
Let’s sync at 4 today,EVENT
Tech discussion at 3 PM,EVENT
Update the doc in Confluence,TASK
Complete the test cases,TASK
Done already.,NO_INTENT
Looks good to me.,NO_INTENT
Haha okay,NO_INTENT
merge the branch.,TASK
client call tomorrow,EVENT
Deploy to staging.,TASK
Demo scheduled for Friday.,EVENT
planning session this evening,EVENT
Reminder for sprint retro,REMINDER
Deploy to staging.,TASK
Cool,NO_INTENT
Planning session this evening.,EVENT
Quick call now,EVENT
Looks good to me,NO_INTENT
Cool,NO_INTENT
Quick call now,EVENT
Quick call now.,EVENT
Remind me to submit timesheet,REMINDER
prod issue call in 10 mins,EVENT
need a reminder for demo,REMINDER
All good from my side,NO_INTENT
Noted,NO_INTENT
Client call tomorrow,EVENT
Sounds good.,NO_INTENT
Run regression tests,TASK
Planning session this evening,EVENT
I was on leave yesterday,NO_INTENT
Update environment configs,TASK
Townhall next week,EVENT
Push the code to main,TASK
Cool,NO_INTENT
Push the code to main,TASK
Ping me to review PR.,REMINDER
raise a jira ticket.,TASK
Sprint planning tomorrow,EVENT
Deploy to staging,TASK
I was on leave yesterday,NO_INTENT
Need a reminder for demo,REMINDER
Prod issue call in 10 mins,EVENT
Release call tonight,EVENT
Remind me to deploy after lunch,REMINDER
Interview moved to Monday,EVENT
Quick call now,EVENT
Deploy to staging,TASK
Raise a Jira ticket,TASK
Planning session this evening,EVENT
Set a reminder for standup,REMINDER
Don’t let me forget the meeting,REMINDER
Yep.,NO_INTENT
Deploy to staging.,TASK
Raise a Jira ticket,TASK
Check the logs,TASK
Daily scrum at 11,EVENT
planning session this evening.,EVENT
Remind me to update Jira,REMINDER
Need reminder for release,REMINDER
Validate API responses,TASK
daily scrum at 11,EVENT
Deploy to staging,TASK
Remind me to check logs.,REMINDER
prepare slides for demo.,TASK
Review the PR.,TASK
We discussed this earlier,NO_INTENT
Sprint planning tomorrow.,EVENT
Check the logs,TASK
Haha okay,NO_INTENT
Remind me to check logs.,REMINDER
Thanks.,NO_INTENT
Push the code to main.,TASK
Fix the prod bug.,TASK
Release call tonight,EVENT
Reminder for sprint retro,REMINDER
Fix the prod bug,TASK
Client call tomorrow,EVENT
Townhall next week.,EVENT
reminder to push code,REMINDER
Push the code to main,TASK
All good from my side,NO_INTENT
Don’t let me forget the meeting,REMINDER
Update environment configs,TASK
Client call tomorrow.,EVENT
1:1 with manager today,EVENT
Client call tomorrow.,EVENT
Ping me to review PR.,REMINDER
1:1 with manager today,EVENT
Meeting with QA post lunch,EVENT
Sprint planning tomorrow,EVENT
looks good to me,NO_INTENT
Remind me to update Jira,REMINDER
Done already,NO_INTENT
Validate API responses,TASK
Remind me about PR review,REMINDER
No issues so far.,NO_INTENT
Deploy to staging,TASK
Tech discussion at 3 PM,EVENT
Remind me to deploy after lunch,REMINDER
Close the ticket.,TASK
Release call tonight,EVENT
makes sense.,NO_INTENT
Let’s sync at 4 today,EVENT
Remind me to check logs,REMINDER
need reminder for release.,REMINDER
check the logs,TASK
deploy to staging,TASK
set reminder for client call,REMINDER
sounds good,NO_INTENT
Looks good to me.,NO_INTENT
Close the ticket,TASK
Meeting with QA post lunch,EVENT
Haha okay,NO_INTENT
Update environment configs,TASK
Noted,NO_INTENT
Looks good to me,NO_INTENT
Need a reminder for demo,REMINDER
Makes sense.,NO_INTENT
Set reminder for client call,REMINDER
deploy to staging,TASK
sprint planning tomorrow,EVENT
noted,NO_INTENT
Tech discussion at 3 PM.,EVENT
Need reminder for release,REMINDER
Tech discussion at 3 PM,EVENT
Run regression tests,TASK
Makes sense,NO_INTENT
Deploy to staging,TASK
Quick call now,EVENT
Daily scrum at 11,EVENT
Reminder to push code,REMINDER
Need a reminder for demo,REMINDER
Interview moved to Monday,EVENT
Set reminder for client call,REMINDER
planning session this evening,EVENT
Looks good to me.,NO_INTENT
daily scrum at 11.,EVENT
Demo scheduled for Friday,EVENT
Prod issue call in 10 mins.,EVENT
close the ticket,TASK
Complete the test cases,TASK
we discussed this earlier,NO_INTENT
Tech discussion at 3 PM,EVENT
set a reminder for standup.,REMINDER
Haha okay,NO_INTENT
Meeting with QA post lunch,EVENT
Standup at 10am.,EVENT
Planning session this evening.,EVENT
Set a reminder for standup,REMINDER
Done already,NO_INTENT
Remind me to deploy after lunch,REMINDER
Complete the test cases,TASK
Ping me to review PR.,REMINDER
Remind me to update Jira,REMINDER
Prod issue call in 10 mins,EVENT
remind me to update jira,REMINDER
makes sense,NO_INTENT
Run regression tests.,TASK
planning session this evening,EVENT
demo scheduled for friday.,EVENT
We discussed this earlier,NO_INTENT
need a reminder for demo.,REMINDER
Meeting with QA post lunch,EVENT
Complete the test cases.,TASK
Ping me to review PR,REMINDER
Meeting with QA post lunch,EVENT
Push the code to main,TASK
lol that’s funny.,NO_INTENT
Okay got it,NO_INTENT
planning session this evening,EVENT
Need a reminder for demo.,REMINDER
Cool,NO_INTENT
Tech discussion at 3 PM,EVENT
daily scrum at 11.,EVENT
Run regression tests,TASK
Review the PR.,TASK
Need reminder for release.,REMINDER
Release call tonight.,EVENT
Remind me to submit timesheet,REMINDER
No issues so far,NO_INTENT
All good from my side,NO_INTENT
Remind me to submit timesheet.,REMINDER
Review the PR,TASK
Don’t let me forget the meeting,REMINDER
Set a reminder for standup.,REMINDER
prepare slides for demo,TASK
Don’t let me forget the meeting,REMINDER
Quick call now,EVENT
Set a reminder for standup,REMINDER
I was on leave yesterday,NO_INTENT
Need reminder for release,REMINDER
update environment configs.,TASK
Done already.,NO_INTENT
Fix the prod bug,TASK
Please remind me before EOD.,REMINDER
Set a reminder for standup,REMINDER
All good from my side,NO_INTENT
Please remind me before EOD,REMINDER
Raise a Jira ticket,TASK
Validate API responses.,TASK
Don’t let me forget the meeting,REMINDER
Ping me to review PR,REMINDER
Check the logs,TASK
No issues so far,NO_INTENT
quick call now,EVENT
All good from my side,NO_INTENT
Remind me to submit timesheet,REMINDER
client call tomorrow,EVENT
Quick call now,EVENT
Sounds good,NO_INTENT
Reminder to push code,REMINDER
Standup at 10am.,EVENT
Demo scheduled for Friday.,EVENT
I was on leave yesterday,NO_INTENT
1:1 with manager today.,EVENT
Finish the feature today,TASK
Can you remind me later,REMINDER
Remind me to deploy after lunch.,REMINDER
Complete the test cases.,TASK
Sprint planning tomorrow,EVENT
Noted,NO_INTENT
Sprint planning tomorrow,EVENT
Townhall next week,EVENT
Can you remind me later,REMINDER
Looks good to me,NO_INTENT
Need reminder for release.,REMINDER
1:1 with manager today,EVENT
check the logs,TASK
Check the logs,TASK
Planning session this evening,EVENT
Release call tonight,EVENT
Looks good to me,NO_INTENT
Thanks,NO_INTENT
Makes sense.,NO_INTENT
Set reminder for client call,REMINDER
Yep,NO_INTENT
Daily scrum at 11,EVENT
Remind me to check logs.,REMINDER
Looks good to me.,NO_INTENT
Remind me to update Jira.,REMINDER
Can you remind me later,REMINDER
Review the PR,TASK
interview moved to monday,EVENT
noted,NO_INTENT
Sounds good.,NO_INTENT
Push the code to main,TASK
Okay got it,NO_INTENT
Sounds good,NO_INTENT
Merge the branch,TASK
Finish the feature today,TASK
We discussed this earlier,NO_INTENT
check the logs.,TASK
Set reminder for client call.,REMINDER
Noted,NO_INTENT
Raise a Jira ticket.,TASK
All good from my side,NO_INTENT
Need reminder for release,REMINDER
We discussed this earlier,NO_INTENT
Looks good to me,NO_INTENT
Don’t let me forget the meeting,REMINDER
Please remind me before EOD,REMINDER
Remind me to update Jira,REMINDER
set a reminder for standup,REMINDER
All good from my side,NO_INTENT
Ping me to review PR,REMINDER
Update the doc in Confluence,TASK
finish the feature today,TASK
Meeting with QA post lunch,EVENT
1:1 with manager today,EVENT
Set a reminder for standup,REMINDER
Release call tonight,EVENT
Demo scheduled for Friday,EVENT
Done already.,NO_INTENT
Finish the feature today,TASK
Remind me about PR review,REMINDER
Daily scrum at 11,EVENT
Release call tonight,EVENT
Close the ticket,TASK
Deploy to staging,TASK
1:1 with manager today.,EVENT
Haha okay,NO_INTENT
lol that’s funny,NO_INTENT
please remind me before eod,REMINDER
push the code to main,TASK
looks good to me,NO_INTENT
Fix the prod bug,TASK
Remind me to update Jira,REMINDER
prepare slides for demo,TASK
Validate API responses,TASK
Validate API responses,TASK
Quick call now,EVENT
Fix the prod bug,TASK
1:1 with manager today,EVENT
Need reminder for release.,REMINDER
review the pr.,TASK
Prod issue call in 10 mins,EVENT
Prod issue call in 10 mins,EVENT
meeting with qa post lunch,EVENT
Update the doc in Confluence,TASK
Cool,NO_INTENT
Sounds good.,NO_INTENT
Quick call now.,EVENT
Need a reminder for demo.,REMINDER
all good from my side.,NO_INTENT
Daily scrum at 11.,EVENT
Update the doc in Confluence,TASK
merge the branch,TASK
Don’t let me forget the meeting.,REMINDER
Please remind me before EOD.,REMINDER
raise a jira ticket,TASK
Haha okay,NO_INTENT
remind me to check logs.,REMINDER
Yep,NO_INTENT
Looks good to me.,NO_INTENT
Don’t let me forget the meeting.,REMINDER
1:1 with manager today,EVENT
Don’t let me forget the meeting,REMINDER
all good from my side,NO_INTENT
Remind me to update Jira.,REMINDER
Interview moved to Monday.,EVENT
Townhall next week,EVENT
yep.,NO_INTENT
Check the logs.,TASK
Remind me to submit timesheet,REMINDER
raise a jira ticket,TASK
update environment configs,TASK
Okay got it,NO_INTENT
Noted.,NO_INTENT
Sounds good,NO_INTENT
Remind me to update Jira.,REMINDER
Validate API responses,TASK
Sounds good,NO_INTENT
remind me to update jira.,REMINDER
Meeting with QA post lunch.,EVENT
finish the feature today,TASK
Let’s sync at 4 today.,EVENT
deploy to staging,TASK
please remind me before eod,REMINDER
Push the code to main,TASK
Meeting with QA post lunch,EVENT
Update environment configs,TASK
Don’t let me forget the meeting,REMINDER
Complete the test cases.,TASK
Demo scheduled for Friday.,EVENT
I was on leave yesterday.,NO_INTENT
Haha okay.,NO_INTENT
Cool,NO_INTENT
Tech discussion at 3 PM.,EVENT
prod issue call in 10 mins.,EVENT
Don’t let me forget the meeting.,REMINDER
lol that’s funny,NO_INTENT
Complete the test cases,TASK
Remind me to submit timesheet.,REMINDER
lol that’s funny,NO_INTENT
Remind me to check logs,REMINDER
Reminder for sprint retro,REMINDER
Update the doc in Confluence,TASK
Can you remind me later,REMINDER
Prod issue call in 10 mins.,EVENT
Okay got it.,NO_INTENT
Can you remind me later.,REMINDER
Tech discussion at 3 PM,EVENT
remind me to submit timesheet.,REMINDER
Reminder for sprint retro,REMINDER
Validate API responses.,TASK
Finish the feature today,TASK
Client call tomorrow,EVENT
No issues so far,NO_INTENT
lol that’s funny,NO_INTENT
Remind me to check logs,REMINDER
Client call tomorrow,EVENT
Daily scrum at 11,EVENT
Townhall next week,EVENT
Fix the prod bug,TASK
Planning session this evening,EVENT
Update environment configs,TASK
Cool.,NO_INTENT
Fix the prod bug,TASK
raise a jira ticket,TASK
Daily scrum at 11,EVENT
Looks good to me,NO_INTENT
Reminder to push code.,REMINDER
no issues so far,NO_INTENT
Quick call now.,EVENT
Push the code to main,TASK
Ping me to review PR,REMINDER
Fix the prod bug,TASK
Remind me to deploy after lunch,REMINDER
Client call tomorrow.,EVENT
Finish the feature today.,TASK
I was on leave yesterday,NO_INTENT
Ping me to review PR,REMINDER
lol that’s funny,NO_INTENT
Daily scrum at 11,EVENT
prepare slides for demo.,TASK
Meeting with QA post lunch.,EVENT
need a reminder for demo.,REMINDER
Remind me to check logs.,REMINDER
lol that’s funny,NO_INTENT
Done already.,NO_INTENT
Planning session this evening,EVENT
Client call tomorrow.,EVENT
Remind me to submit timesheet,REMINDER
Tech discussion at 3 PM,EVENT
Yep,NO_INTENT
close the ticket.,TASK
Okay got it,NO_INTENT
Remind me to deploy after lunch.,REMINDER
Complete the test cases,TASK
Validate API responses.,TASK
Set a reminder for standup,REMINDER
Check the logs,TASK
Client call tomorrow.,EVENT
Done already,NO_INTENT
Reminder to push code,REMINDER
Fix the prod bug,TASK
Done already,NO_INTENT
Set reminder for client call,REMINDER
Planning session this evening,EVENT
Set a reminder for standup,REMINDER
Done already,NO_INTENT
Fix the prod bug.,TASK
thanks.,NO_INTENT
Sprint planning tomorrow,EVENT
Sprint planning tomorrow,EVENT
1:1 with manager today,EVENT
Update the doc in Confluence,TASK
Prod issue call in 10 mins.,EVENT
Sprint planning tomorrow,EVENT
cool,NO_INTENT
Remind me about PR review.,REMINDER
Merge the branch.,TASK
Need a reminder for demo,REMINDER
Check the logs.,TASK
Push the code to main,TASK
Push the code to main,TASK
Validate API responses,TASK
Haha okay,NO_INTENT
Update the doc in Confluence.,TASK
let’s sync at 4 today,EVENT
cool,NO_INTENT
Don’t let me forget the meeting,REMINDER
Complete the test cases,TASK
Set a reminder for standup,REMINDER
Update environment configs,TASK
Haha okay.,NO_INTENT
Push the code to main,TASK
Can you remind me later,REMINDER
Quick call now,EVENT
finish the feature today,TASK
close the ticket,TASK
Daily scrum at 11,EVENT
Ping me to review PR,REMINDER
Reminder for sprint retro,REMINDER
Check the logs.,TASK
Done already,NO_INTENT
interview moved to monday,EVENT
Interview moved to Monday.,EVENT
planning session this evening,EVENT
Check the logs.,TASK
Let’s sync at 4 today,EVENT
Demo scheduled for Friday,EVENT
We discussed this earlier,NO_INTENT
Don’t let me forget the meeting.,REMINDER
Close the ticket,TASK
Noted,NO_INTENT
All good from my side,NO_INTENT
Okay got it,NO_INTENT
We discussed this earlier,NO_INTENT
deploy to staging,TASK
Interview moved to Monday.,EVENT
Yep.,NO_INTENT
Meeting with QA post lunch.,EVENT
Looks good to me,NO_INTENT
Set reminder for client call,REMINDER
validate api responses,TASK
Noted.,NO_INTENT
please remind me before eod,REMINDER
Demo scheduled for Friday,EVENT
Remind me to check logs,REMINDER
Remind me to deploy after lunch.,REMINDER
Raise a Jira ticket,TASK
Quick call now,EVENT
Noted.,NO_INTENT
Run regression tests.,TASK
run regression tests.,TASK
validate api responses,TASK
Okay got it.,NO_INTENT
Okay got it,NO_INTENT
Deploy to staging.,TASK
Prepare slides for demo.,TASK
Interview moved to Monday,EVENT
Raise a Jira ticket.,TASK
i was on leave yesterday,NO_INTENT
1:1 with manager today.,EVENT
Sounds good,NO_INTENT
Ping me to review PR,REMINDER
Sprint planning tomorrow,EVENT
Deploy to staging,TASK
no issues so far,NO_INTENT
remind me to update jira.,REMINDER
prod issue call in 10 mins,EVENT
I was on leave yesterday.,NO_INTENT
Complete the test cases,TASK
Push the code to main,TASK
Okay got it,NO_INTENT
demo scheduled for friday,EVENT
Need reminder for release.,REMINDER
Can you remind me later,REMINDER
haha okay,NO_INTENT
Reminder to push code,REMINDER
Validate API responses,TASK
remind me to deploy after lunch.,REMINDER
Makes sense,NO_INTENT
Remind me to check logs.,REMINDER
done already,NO_INTENT
1:1 with manager today.,EVENT
Noted,NO_INTENT
Run regression tests.,TASK
set a reminder for standup.,REMINDER
standup at 10am,EVENT
Done already,NO_INTENT
Release call tonight,EVENT
client call tomorrow.,EVENT
Fix the prod bug,TASK
haha okay,NO_INTENT
planning session this evening,EVENT
All good from my side,NO_INTENT
Yep,NO_INTENT
Let’s sync at 4 today,EVENT
Reminder for sprint retro.,REMINDER
Reminder to push code,REMINDER
Need a reminder for demo,REMINDER
No issues so far.,NO_INTENT
Complete the test cases,TASK
Update environment configs,TASK
Cool,NO_INTENT
Done already.,NO_INTENT
Quick call now.,EVENT
Set reminder for client call,REMINDER
Yep,NO_INTENT
Update the doc in Confluence.,TASK
Don’t let me forget the meeting,REMINDER
Don’t let me forget the meeting,REMINDER
Fix the prod bug,TASK
Haha okay,NO_INTENT
Need reminder for release.,REMINDER
Quick call now.,EVENT
Thanks.,NO_INTENT
let’s sync at 4 today.,EVENT
Update environment configs,TASK
Yep.,NO_INTENT
prepare slides for demo,TASK
Meeting with QA post lunch.,EVENT
All good from my side,NO_INTENT
can you remind me later.,REMINDER
Remind me to update Jira.,REMINDER
thanks.,NO_INTENT
All good from my side,NO_INTENT
Need reminder for release.,REMINDER
I was on leave yesterday,NO_INTENT
Remind me to update Jira,REMINDER
lol that’s funny,NO_INTENT
Ping me to review PR,REMINDER
Tech discussion at 3 PM.,EVENT
Complete the test cases,TASK
update the doc in confluence,TASK
Standup at 10am,EVENT
Quick call now.,EVENT
reminder for sprint retro,REMINDER
Remind me to deploy after lunch.,REMINDER
Set a reminder for standup,REMINDER
Complete the test cases.,TASK
no issues so far,NO_INTENT
Validate API responses,TASK
Ping me to review PR,REMINDER
Tech discussion at 3 PM,EVENT
Merge the branch,TASK
remind me about pr review.,REMINDER
no issues so far.,NO_INTENT
Remind me about PR review,REMINDER
Quick call now,EVENT
Don’t let me forget the meeting,REMINDER
Noted,NO_INTENT
Can you remind me later.,REMINDER
Reminder for sprint retro,REMINDER
Please remind me before EOD,REMINDER
I was on leave yesterday,NO_INTENT
remind me to check logs,REMINDER
We discussed this earlier.,NO_INTENT
Yep,NO_INTENT
Tech discussion at 3 PM.,EVENT
Check the logs,TASK
Interview moved to Monday.,EVENT
Need a reminder for demo,REMINDER
Release call tonight,EVENT
Cool,NO_INTENT
thanks.,NO_INTENT
Townhall next week.,EVENT
We discussed this earlier,NO_INTENT
Meeting with QA post lunch,EVENT
sounds good,NO_INTENT
Raise a Jira ticket,TASK
lol that’s funny,NO_INTENT
Remind me to submit timesheet.,REMINDER
Remind me to check logs,REMINDER
Makes sense,NO_INTENT
Update environment configs.,TASK
Reminder for sprint retro,REMINDER
Yep.,NO_INTENT
sprint planning tomorrow,EVENT
Finish the feature today.,TASK
no issues so far,NO_INTENT
planning session this evening,EVENT
Prepare slides for demo,TASK
lol that’s funny.,NO_INTENT
we discussed this earlier,NO_INTENT
can you remind me later,REMINDER
Set a reminder for standup.,REMINDER
Check the logs.,TASK
Ping me to review PR.,REMINDER
Run regression tests,TASK
Reminder to push code,REMINDER
Fix the prod bug.,TASK
Deploy to staging,TASK
Review the PR,TASK
prod issue call in 10 mins,EVENT
Noted,NO_INTENT
makes sense.,NO_INTENT
Sprint planning tomorrow,EVENT
Run regression tests.,TASK
Review the PR,TASK
Can you remind me later,REMINDER
remind me to deploy after lunch,REMINDER
1:1 with manager today,EVENT
okay got it,NO_INTENT
update environment configs,TASK
Prepare slides for demo.,TASK
Can you remind me later.,REMINDER
validate api responses.,TASK
Done already,NO_INTENT
Push the code to main.,TASK
Set a reminder for standup,REMINDER
lol that’s funny.,NO_INTENT
Set a reminder for standup,REMINDER
Noted,NO_INTENT
Let’s sync at 4 today.,EVENT
Need reminder for release,REMINDER
Close the ticket.,TASK
Run regression tests,TASK
Set a reminder for standup.,REMINDER
Noted,NO_INTENT
Close the ticket,TASK
Demo scheduled for Friday,EVENT
Push the code to main,TASK
Set a reminder for standup,REMINDER
Push the code to main,TASK
Quick call now,EVENT
Need reminder for release,REMINDER
noted,NO_INTENT
Deploy to staging,TASK
Don’t let me forget the meeting,REMINDER
Tech discussion at 3 PM,EVENT
Don’t let me forget the meeting,REMINDER
Remind me to update Jira.,REMINDER
Merge the branch,TASK
Validate API responses.,TASK
Complete the test cases.,TASK
Remind me to check logs,REMINDER
No issues so far,NO_INTENT
Validate API responses,TASK
We discussed this earlier.,NO_INTENT
run regression tests,TASK
Daily scrum at 11.,EVENT
Close the ticket,TASK
Release call tonight,EVENT
Remind me to deploy after lunch,REMINDER
Makes sense,NO_INTENT
Check the logs,TASK
Interview moved to Monday.,EVENT
update environment configs,TASK
Demo scheduled for Friday.,EVENT
Update environment configs,TASK
push the code to main,TASK
Ping me to review PR.,REMINDER
Quick call now,EVENT
Ping me to review PR,REMINDER
Standup at 10am.,EVENT
Quick call now.,EVENT
all good from my side.,NO_INTENT
remind me to check logs.,REMINDER
Please remind me before EOD.,REMINDER
haha okay,NO_INTENT
Finish the feature today,TASK
Remind me to deploy after lunch,REMINDER
Review the PR,TASK
Remind me to deploy after lunch.,REMINDER
Prepare slides for demo.,TASK
Release call tonight.,EVENT
Reminder for sprint retro,REMINDER
Complete the test cases,TASK
Update the doc in Confluence,TASK
Planning session this evening,EVENT
Standup at 10am,EVENT
standup at 10am.,EVENT
Quick call now,EVENT
Remind me to check logs,REMINDER
Can you remind me later,REMINDER
Can you remind me later,REMINDER
Update environment configs,TASK
Need reminder for release,REMINDER
Please remind me before EOD,REMINDER
Check the logs.,TASK
1:1 with manager today.,EVENT
planning session this evening,EVENT
Looks good to me,NO_INTENT
interview moved to monday,EVENT
Meeting with QA post lunch,EVENT
Okay got it.,NO_INTENT
Daily scrum at 11,EVENT
Planning session this evening.,EVENT
I was on leave yesterday,NO_INTENT
Sprint planning tomorrow,EVENT
No issues so far.,NO_INTENT
Release call tonight,EVENT
thanks,NO_INTENT
Can you remind me later.,REMINDER
Raise a Jira ticket.,TASK
No issues so far,NO_INTENT
lol that’s funny,NO_INTENT
Client call tomorrow,EVENT
set reminder for client call,REMINDER
Planning session this evening,EVENT
update the doc in confluence,TASK
We discussed this earlier,NO_INTENT
Client call tomorrow,EVENT
Interview moved to Monday,EVENT
remind me to submit timesheet,REMINDER
Can you remind me later,REMINDER
No issues so far,NO_INTENT
i was on leave yesterday,NO_INTENT
i was on leave yesterday,NO_INTENT
lol that’s funny,NO_INTENT
Close the ticket,TASK
Demo scheduled for Friday,EVENT
Reminder for sprint retro,REMINDER
remind me to check logs,REMINDER
Review the PR,TASK
Makes sense,NO_INTENT
I was on leave yesterday.,NO_INTENT
remind me to update jira,REMINDER
Validate API responses,TASK
prod issue call in 10 mins,EVENT
Update environment configs.,TASK
Validate API responses,TASK
Set a reminder for standup,REMINDER
Remind me about PR review,REMINDER
Daily scrum at 11,EVENT
Run regression tests,TASK
Sprint planning tomorrow.,EVENT
Please remind me before EOD,REMINDER
Review the PR,TASK
Can you remind me later,REMINDER
prepare slides for demo,TASK
I was on leave yesterday,NO_INTENT
prod issue call in 10 mins,EVENT
demo scheduled for friday.,EVENT
Noted,NO_INTENT
raise a jira ticket,TASK
Need reminder for release,REMINDER
looks good to me,NO_INTENT
Close the ticket,TASK
update the doc in confluence,TASK
quick call now,EVENT
need a reminder for demo.,REMINDER
looks good to me,NO_INTENT
Remind me to deploy after lunch.,REMINDER
Meeting with QA post lunch,EVENT
Remind me to deploy after lunch,REMINDER
planning session this evening,EVENT
Reminder for sprint retro,REMINDER
Remind me to deploy after lunch,REMINDER
Deploy to staging.,TASK
Remind me to submit timesheet,REMINDER
Noted.,NO_INTENT
Merge the branch,TASK
sounds good,NO_INTENT
ping me to review pr.,REMINDER
All good from my side.,NO_INTENT
Update environment configs,TASK
1:1 with manager today,EVENT
Can you remind me later.,REMINDER
please remind me before eod,REMINDER
Set reminder for client call.,REMINDER
remind me to submit timesheet,REMINDER
Thanks.,NO_INTENT
Okay got it,NO_INTENT
need reminder for release,REMINDER
I was on leave yesterday,NO_INTENT
Planning session this evening.,EVENT
Prod issue call in 10 mins,EVENT
Yep,NO_INTENT
lol that’s funny,NO_INTENT
Remind me to submit timesheet,REMINDER
Sounds good,NO_INTENT
don’t let me forget the meeting,REMINDER
Daily scrum at 11,EVENT
Ping me to review PR,REMINDER
Tech discussion at 3 PM,EVENT
Release call tonight,EVENT
Update environment configs.,TASK
Reminder for sprint retro,REMINDER
Interview moved to Monday,EVENT
All good from my side.,NO_INTENT
Validate API responses.,TASK
Reminder for sprint retro,REMINDER
Remind me to check logs,REMINDER
Cool,NO_INTENT
We discussed this earlier,NO_INTENT
prod issue call in 10 mins,EVENT
Release call tonight,EVENT
Update environment configs,TASK
finish the feature today,TASK
Interview moved to Monday,EVENT
Meeting with QA post lunch,EVENT
Set reminder for client call,REMINDER
No issues so far,NO_INTENT
Done already.,NO_INTENT
please remind me before eod.,REMINDER
ping me to review pr.,REMINDER
tech discussion at 3 pm,EVENT
Ping me to review PR.,REMINDER
Finish the feature today,TASK
update environment configs,TASK
okay got it,NO_INTENT
yep.,NO_INTENT
Quick call now.,EVENT
Need a reminder for demo.,REMINDER
Ping me to review PR,REMINDER
Review the PR,TASK
Update the doc in Confluence,TASK
Don’t let me forget the meeting,REMINDER
Tech discussion at 3 PM,EVENT
Townhall next week,EVENT
Meeting with QA post lunch,EVENT
Remind me to deploy after lunch,REMINDER
All good from my side,NO_INTENT
standup at 10am,EVENT
Planning session this evening,EVENT
meeting with qa post lunch,EVENT
remind me to update jira,REMINDER
Check the logs,TASK
prepare slides for demo,TASK
Interview moved to Monday,EVENT
Client call tomorrow,EVENT
client call tomorrow,EVENT
Merge the branch,TASK
close the ticket,TASK
Cool.,NO_INTENT
Townhall next week,EVENT
update the doc in confluence,TASK
demo scheduled for friday,EVENT
Okay got it.,NO_INTENT
Sprint planning tomorrow,EVENT
I was on leave yesterday.,NO_INTENT
Looks good to me.,NO_INTENT
sounds good,NO_INTENT
cool.,NO_INTENT
i was on leave yesterday,NO_INTENT
All good from my side.,NO_INTENT
Yep,NO_INTENT
validate api responses,TASK
reminder to push code,REMINDER
Raise a Jira ticket.,TASK
Review the PR,TASK
Makes sense,NO_INTENT
Daily scrum at 11.,EVENT
reminder to push code,REMINDER
all good from my side,NO_INTENT
Thanks,NO_INTENT
Daily scrum at 11,EVENT
1:1 with manager today.,EVENT
Release call tonight,EVENT
Standup at 10am.,EVENT
Fix the prod bug,TASK
Remind me to deploy after lunch,REMINDER
Daily scrum at 11.,EVENT
Update environment configs.,TASK
Daily scrum at 11.,EVENT
Remind me to submit timesheet.,REMINDER
Remind me about PR review,REMINDER
Update the doc in Confluence.,TASK
Remind me to deploy after lunch.,REMINDER
remind me to check logs,REMINDER
cool.,NO_INTENT
Update environment configs,TASK
Okay got it,NO_INTENT
Thanks,NO_INTENT
Sounds good.,NO_INTENT
Thanks,NO_INTENT
meeting with qa post lunch,EVENT
Ping me to review PR.,REMINDER
raise a jira ticket,TASK
Check the logs,TASK
Remind me about PR review,REMINDER
Push the code to main,TASK
update environment configs,TASK
Townhall next week,EVENT
Meeting with QA post lunch.,EVENT
1:1 with manager today,EVENT
Townhall next week,EVENT
Meeting with QA post lunch,EVENT
yep,NO_INTENT
Don’t let me forget the meeting,REMINDER
Can you remind me later,REMINDER
Ping me to review PR,REMINDER
No issues so far,NO_INTENT
deploy to staging,TASK
meeting with qa post lunch.,EVENT
Standup at 10am.,EVENT
Noted,NO_INTENT
Remind me to deploy after lunch.,REMINDER
Push the code to main,TASK
push the code to main,TASK
Tech discussion at 3 PM,EVENT
Finish the feature today,TASK
Interview moved to Monday.,EVENT
Push the code to main,TASK
Remind me to update Jira,REMINDER
Daily scrum at 11,EVENT
No issues so far,NO_INTENT
Remind me to submit timesheet,REMINDER
can you remind me later,REMINDER
Standup at 10am.,EVENT
Remind me to deploy after lunch,REMINDER
Remind me to submit timesheet,REMINDER
Can you remind me later,REMINDER
Demo scheduled for Friday,EVENT
we discussed this earlier,NO_INTENT
haha okay,NO_INTENT
update the doc in confluence.,TASK
Sounds good.,NO_INTENT
Daily scrum at 11.,EVENT
Haha okay.,NO_INTENT
Don’t let me forget the meeting,REMINDER
Release call tonight,EVENT
Planning session this evening,EVENT
Run regression tests.,TASK
Run regression tests.,TASK
Release call tonight,EVENT
Cool.,NO_INTENT
Please remind me before EOD,REMINDER
Okay got it.,NO_INTENT
Planning session this evening,EVENT
Can you remind me later,REMINDER
Sprint planning tomorrow,EVENT
Check the logs.,TASK
Ping me to review PR.,REMINDER
Merge the branch.,TASK
raise a jira ticket.,TASK
Looks good to me,NO_INTENT
Release call tonight.,EVENT
1:1 with manager today.,EVENT
Sounds good,NO_INTENT
Client call tomorrow.,EVENT
Thanks.,NO_INTENT
Daily scrum at 11,EVENT
Daily scrum at 11,EVENT
Quick call now,EVENT
Townhall next week.,EVENT
Prod issue call in 10 mins,EVENT
Daily scrum at 11,EVENT
Tech discussion at 3 PM.,EVENT
i was on leave yesterday,NO_INTENT
demo scheduled for friday,EVENT
Prod issue call in 10 mins,EVENT
demo scheduled for friday,EVENT
Raise a Jira ticket,TASK
check the logs,TASK
Remind me about PR review,REMINDER
Need reminder for release,REMINDER
Ping me to review PR.,REMINDER
Cool,NO_INTENT
Deploy to staging,TASK
I was on leave yesterday,NO_INTENT
Update the doc in Confluence,TASK
client call tomorrow,EVENT
Ping me to review PR.,REMINDER
Close the ticket,TASK
complete the test cases,TASK
We discussed this earlier,NO_INTENT
Can you remind me later,REMINDER
Cool,NO_INTENT
Update the doc in Confluence,TASK
Remind me to check logs,REMINDER
Raise a Jira ticket.,TASK
Release call tonight,EVENT
Deploy to staging,TASK
Looks good to me,NO_INTENT
Check the logs,TASK
i was on leave yesterday.,NO_INTENT
Fix the prod bug,TASK
meeting with qa post lunch,EVENT
Okay got it,NO_INTENT
Let’s sync at 4 today,EVENT
Run regression tests,TASK
Complete the test cases.,TASK
Remind me about PR review,REMINDER
Remind me to check logs.,REMINDER
Review the PR,TASK
I was on leave yesterday,NO_INTENT
finish the feature today,TASK
Yep,NO_INTENT
Makes sense.,NO_INTENT
Please remind me before EOD.,REMINDER
Prod issue call in 10 mins,EVENT
Client call tomorrow.,EVENT
Interview moved to Monday,EVENT
Don’t let me forget the meeting,REMINDER
planning session this evening,EVENT
ping me to review pr.,REMINDER
please remind me before eod,REMINDER
Cool,NO_INTENT
Townhall next week.,EVENT
Fix the prod bug,TASK
Reminder to push code,REMINDER
Demo scheduled for Friday,EVENT
Update the doc in Confluence.,TASK
Client call tomorrow,EVENT
we discussed this earlier,NO_INTENT
daily scrum at 11,EVENT
We discussed this earlier,NO_INTENT
Need reminder for release.,REMINDER
Review the PR.,TASK
Ping me to review PR.,REMINDER
Review the PR.,TASK
Set a reminder for standup,REMINDER
noted,NO_INTENT
finish the feature today,TASK
Yep,NO_INTENT
Don’t let me forget the meeting.,REMINDER
Sounds good.,NO_INTENT
Makes sense,NO_INTENT
Deploy to staging.,TASK
complete the test cases.,TASK
Review the PR,TASK
Interview moved to Monday,EVENT
Cool,NO_INTENT
let’s sync at 4 today.,EVENT
1:1 with manager today.,EVENT
Noted.,NO_INTENT
Client call tomorrow,EVENT
Interview moved to Monday.,EVENT
Don’t let me forget the meeting.,REMINDER
yep,NO_INTENT
set a reminder for standup.,REMINDER
Review the PR,TASK
Interview moved to Monday,EVENT
We discussed this earlier.,NO_INTENT
done already,NO_INTENT
Noted.,NO_INTENT
No issues so far,NO_INTENT
Merge the branch.,TASK
thanks,NO_INTENT
thanks,NO_INTENT
Thanks.,NO_INTENT
Let’s sync at 4 today.,EVENT
Okay got it.,NO_INTENT
Validate API responses,TASK
Planning session this evening,EVENT
Noted.,NO_INTENT
merge the branch,TASK
Haha okay,NO_INTENT
Let’s sync at 4 today,EVENT
Daily scrum at 11,EVENT
Sprint planning tomorrow,EVENT
Let’s sync at 4 today,EVENT
Prod issue call in 10 mins.,EVENT
Planning session this evening.,EVENT
Makes sense,NO_INTENT
raise a jira ticket.,TASK
Push the code to main,TASK
Noted.,NO_INTENT
Set reminder for client call,REMINDER
Validate API responses,TASK
set reminder for client call.,REMINDER
Done already,NO_INTENT
Please remind me before EOD,REMINDER
Remind me to update Jira,REMINDER
Sprint planning tomorrow,EVENT
Ping me to review PR,REMINDER
1:1 with manager today,EVENT
Reminder for sprint retro,REMINDER
Tech discussion at 3 PM.,EVENT
update environment configs,TASK
Reminder for sprint retro.,REMINDER
can you remind me later.,REMINDER
Don’t let me forget the meeting,REMINDER
Let’s sync at 4 today,EVENT
Push the code to main.,TASK
Prepare slides for demo.,TASK
Noted,NO_INTENT
Townhall next week,EVENT
Update environment configs,TASK
1:1 with manager today.,EVENT
Reminder to push code.,REMINDER
Don’t let me forget the meeting,REMINDER
Remind me about PR review,REMINDER
Standup at 10am,EVENT
Reminder for sprint retro.,REMINDER
No issues so far.,NO_INTENT
Let’s sync at 4 today.,EVENT
Finish the feature today,TASK
Let’s sync at 4 today,EVENT
All good from my side,NO_INTENT
Remind me to submit timesheet,REMINDER
Run regression tests,TASK
1:1 with manager today.,EVENT
Haha okay,NO_INTENT
need a reminder for demo.,REMINDER
Remind me to update Jira.,REMINDER
Daily scrum at 11,EVENT
Remind me to check logs,REMINDER
Meeting with QA post lunch.,EVENT
Update the doc in Confluence,TASK
Deploy to staging,TASK
Set a reminder for standup,REMINDER
Validate API responses,TASK
raise a jira ticket.,TASK
Haha okay,NO_INTENT
Raise a Jira ticket,TASK
Merge the branch,TASK
Remind me to update Jira.,REMINDER
Haha okay,NO_INTENT
1:1 with manager today.,EVENT
Let’s sync at 4 today,EVENT
close the ticket.,TASK
meeting with qa post lunch,EVENT
Push the code to main.,TASK
No issues so far,NO_INTENT
Remind me to update Jira,REMINDER
Reminder to push code,REMINDER
push the code to main,TASK
Tech discussion at 3 PM,EVENT
Remind me to update Jira,REMINDER
Daily scrum at 11,EVENT
sprint planning tomorrow,EVENT
Haha okay.,NO_INTENT
I was on leave yesterday,NO_INTENT
Validate API responses,TASK
Push the code to main,TASK
Cool,NO_INTENT
set reminder for client call.,REMINDER
Complete the test cases.,TASK
Don’t let me forget the meeting,REMINDER
Reminder to push code.,REMINDER
Release call tonight,EVENT
Demo scheduled for Friday.,EVENT
Makes sense,NO_INTENT
Review the PR,TASK
Release call tonight.,EVENT
Sprint planning tomorrow,EVENT
Planning session this evening.,EVENT
no issues so far.,NO_INTENT
Release call tonight,EVENT
1:1 with manager today,EVENT
client call tomorrow,EVENT
Townhall next week,EVENT
Can you remind me later,REMINDER
I was on leave yesterday.,NO_INTENT
Remind me to check logs,REMINDER
Validate API responses,TASK
Noted,NO_INTENT
Can you remind me later,REMINDER
Raise a Jira ticket,TASK
Prod issue call in 10 mins,EVENT
Set a reminder for standup.,REMINDER
lol that’s funny,NO_INTENT
Meeting with QA post lunch,EVENT
Fix the prod bug.,TASK
Cool,NO_INTENT
Sounds good,NO_INTENT
set a reminder for standup.,REMINDER
Merge the branch,TASK
Update the doc in Confluence.,TASK
Please remind me before EOD,REMINDER
Deploy to staging,TASK
Finish the feature today,TASK
Noted.,NO_INTENT
Tech discussion at 3 PM.,EVENT
Remind me about PR review,REMINDER
okay got it,NO_INTENT
Thanks,NO_INTENT
reminder for sprint retro,REMINDER
Update environment configs,TASK
Need reminder for release,REMINDER
Validate API responses,TASK
Set reminder for client call.,REMINDER
Don’t let me forget the meeting.,REMINDER
daily scrum at 11,EVENT
standup at 10am,EVENT
1:1 with manager today,EVENT
Quick call now,EVENT
Don’t let me forget the meeting,REMINDER
Remind me to submit timesheet,REMINDER
Can you remind me later,REMINDER
Need a reminder for demo.,REMINDER
Let’s sync at 4 today,EVENT
Remind me to deploy after lunch,REMINDER
Raise a Jira ticket.,TASK
Demo scheduled for Friday,EVENT
i was on leave yesterday,NO_INTENT
Run regression tests,TASK
quick call now,EVENT
Done already.,NO_INTENT
Please remind me before EOD,REMINDER
yep,NO_INTENT
check the logs,TASK
Noted,NO_INTENT
Remind me to update Jira,REMINDER
Standup at 10am,EVENT
quick call now,EVENT
Reminder for sprint retro,REMINDER
Update the doc in Confluence.,TASK
Prod issue call in 10 mins,EVENT
Sprint planning tomorrow,EVENT
Merge the branch,TASK
Run regression tests,TASK
Set a reminder for standup,REMINDER
update the doc in confluence.,TASK
Makes sense,NO_INTENT
Meeting with QA post lunch,EVENT
need a reminder for demo.,REMINDER
Sounds good,NO_INTENT
Standup at 10am.,EVENT
meeting with qa post lunch.,EVENT
Don’t let me forget the meeting,REMINDER
Makes sense,NO_INTENT
Don’t let me forget the meeting.,REMINDER
Review the PR,TASK
Standup at 10am,EVENT
deploy to staging,TASK
Don’t let me forget the meeting.,REMINDER
sprint planning tomorrow,EVENT
noted,NO_INTENT
Makes sense.,NO_INTENT
Fix the prod bug,TASK
Planning session this evening,EVENT
Remind me to check logs.,REMINDER
Client call tomorrow,EVENT
Reminder to push code.,REMINDER
I was on leave yesterday,NO_INTENT
Thanks,NO_INTENT
Yep.,NO_INTENT
Need reminder for release,REMINDER
Remind me to submit timesheet,REMINDER
Raise a Jira ticket.,TASK
Fix the prod bug,TASK
Complete the test cases,TASK
Done already,NO_INTENT
Daily scrum at 11,EVENT
Quick call now,EVENT
1:1 with manager today.,EVENT
All good from my side,NO_INTENT
can you remind me later.,REMINDER
Check the logs,TASK
Sounds good.,NO_INTENT
Haha okay,NO_INTENT
Demo scheduled for Friday,EVENT
Need reminder for release.,REMINDER
Ping me to review PR,REMINDER
Remind me to update Jira.,REMINDER
Prepare slides for demo,TASK
Push the code to main,TASK
Looks good to me.,NO_INTENT
Let’s sync at 4 today,EVENT
Prepare slides for demo,TASK
sounds good,NO_INTENT
set reminder for client call,REMINDER
Raise a Jira ticket.,TASK
Client call tomorrow,EVENT
Client call tomorrow.,EVENT
Haha okay.,NO_INTENT
Validate API responses,TASK
Done already,NO_INTENT
Deploy to staging.,TASK
Deploy to staging.,TASK
Update the doc in Confluence,TASK
We discussed this earlier,NO_INTENT
Validate API responses,TASK
Daily scrum at 11.,EVENT
Reminder for sprint retro,REMINDER
Noted,NO_INTENT
Update environment configs.,TASK
can you remind me later,REMINDER
Planning session this evening,EVENT
Okay got it,NO_INTENT
Push the code to main,TASK
Ping me to review PR,REMINDER
need a reminder for demo,REMINDER
Prepare slides for demo,TASK
Remind me to submit timesheet.,REMINDER
1:1 with manager today.,EVENT
Complete the test cases,TASK
Close the ticket,TASK
Check the logs.,TASK
Interview moved to Monday,EVENT
Set reminder for client call.,REMINDER
Release call tonight.,EVENT
Remind me to check logs,REMINDER
okay got it,NO_INTENT
Let’s sync at 4 today,EVENT
Need reminder for release,REMINDER
Update the doc in Confluence.,TASK
Push the code to main,TASK
don’t let me forget the meeting,REMINDER
Looks good to me.,NO_INTENT
Remind me to deploy after lunch,REMINDER
Can you remind me later,REMINDER
Merge the branch,TASK
Don’t let me forget the meeting.,REMINDER
townhall next week,EVENT
Daily scrum at 11.,EVENT
remind me to update jira,REMINDER
lol that’s funny.,NO_INTENT
We discussed this earlier.,NO_INTENT
Thanks.,NO_INTENT
Prod issue call in 10 mins,EVENT
Sprint planning tomorrow,EVENT
Please remind me before EOD.,REMINDER
We discussed this earlier,NO_INTENT
Looks good to me.,NO_INTENT
remind me about pr review,REMINDER
Sounds good,NO_INTENT
Close the ticket,TASK
Deploy to staging,TASK
Quick call now,EVENT
Done already,NO_INTENT
Meeting with QA post lunch,EVENT
Push the code to main,TASK
Prepare slides for demo,TASK
townhall next week,EVENT
validate api responses.,TASK
lol that’s funny,NO_INTENT
Looks good to me.,NO_INTENT
Close the ticket,TASK
Standup at 10am,EVENT
Please remind me before EOD,REMINDER
Update environment configs,TASK
Meeting with QA post lunch,EVENT
Check the logs,TASK
Reminder for sprint retro,REMINDER
sprint planning tomorrow.,EVENT
Need reminder for release,REMINDER
1:1 with manager today,EVENT
Haha okay,NO_INTENT
cool.,NO_INTENT
standup at 10am.,EVENT
Remind me to check logs.,REMINDER
Prod issue call in 10 mins,EVENT
Sounds good.,NO_INTENT
Check the logs,TASK
Remind me to deploy after lunch,REMINDER
interview moved to monday.,EVENT
Planning session this evening,EVENT
Quick call now,EVENT
Makes sense,NO_INTENT
all good from my side,NO_INTENT
Thanks.,NO_INTENT
Interview moved to Monday.,EVENT
Update environment configs,TASK
Set a reminder for standup.,REMINDER
Set a reminder for standup,REMINDER
Push the code to main.,TASK
Interview moved to Monday,EVENT
okay got it.,NO_INTENT
looks good to me,NO_INTENT
Deploy to staging.,TASK
Update environment configs,TASK
All good from my side.,NO_INTENT
Complete the test cases,TASK
Check the logs,TASK
Release call tonight,EVENT
Remind me to update Jira.,REMINDER
Remind me to check logs,REMINDER
Prod issue call in 10 mins,EVENT
Fix the prod bug,TASK
Demo scheduled for Friday.,EVENT
lol that’s funny,NO_INTENT
Haha okay,NO_INTENT
Quick call now.,EVENT
Daily scrum at 11,EVENT
lol that’s funny,NO_INTENT
close the ticket.,TASK
Ping me to review PR,REMINDER
check the logs,TASK
Push the code to main,TASK
Haha okay.,NO_INTENT
tech discussion at 3 pm,EVENT
prepare slides for demo,TASK
Okay got it.,NO_INTENT
run regression tests.,TASK
Standup at 10am,EVENT
Please remind me before EOD,REMINDER
Raise a Jira ticket.,TASK
Set reminder for client call,REMINDER
quick call now,EVENT
Haha okay,NO_INTENT
Reminder to push code,REMINDER
Noted.,NO_INTENT
Thanks.,NO_INTENT
Makes sense.,NO_INTENT
All good from my side,NO_INTENT
Close the ticket.,TASK
looks good to me,NO_INTENT
Okay got it.,NO_INTENT
Okay got it,NO_INTENT
sprint planning tomorrow,EVENT
lol that’s funny.,NO_INTENT
Townhall next week.,EVENT
Remind me to deploy after lunch.,REMINDER
Deploy to staging.,TASK
I was on leave yesterday,NO_INTENT
Cool.,NO_INTENT
interview moved to monday,EVENT
Check the logs,TASK
Remind me to submit timesheet,REMINDER
Sprint planning tomorrow.,EVENT
Release call tonight.,EVENT
We discussed this earlier,NO_INTENT
let’s sync at 4 today,EVENT
Looks good to me,NO_INTENT
Don’t let me forget the meeting,REMINDER
Okay got it.,NO_INTENT
Done already.,NO_INTENT
Demo scheduled for Friday,EVENT
We discussed this earlier,NO_INTENT
Close the ticket,TASK
Reminder for sprint retro,REMINDER
Interview moved to Monday,EVENT
Standup at 10am,EVENT
push the code to main,TASK
prepare slides for demo.,TASK
Okay got it,NO_INTENT
Remind me to deploy after lunch,REMINDER
Quick call now,EVENT
Sprint planning tomorrow,EVENT
Please remind me before EOD.,REMINDER
Daily scrum at 11.,EVENT
Remind me about PR review,REMINDER
Release call tonight.,EVENT
We discussed this earlier,NO_INTENT
Check the logs.,TASK
Validate API responses,TASK
finish the feature today.,TASK
Townhall next week,EVENT
we discussed this earlier.,NO_INTENT
1:1 with manager today,EVENT
townhall next week,EVENT
Complete the test cases,TASK
Townhall next week.,EVENT
We discussed this earlier,NO_INTENT
townhall next week,EVENT
Meeting with QA post lunch,EVENT
prepare slides for demo.,TASK
release call tonight,EVENT
Haha okay,NO_INTENT
Release call tonight,EVENT
Validate API responses,TASK
Need a reminder for demo.,REMINDER
We discussed this earlier,NO_INTENT
Planning session this evening,EVENT
Reminder to push code,REMINDER
I was on leave yesterday,NO_INTENT
Remind me to update Jira.,REMINDER
Prepare slides for demo,TASK
Release call tonight,EVENT
Remind me to submit timesheet,REMINDER
lol that’s funny,NO_INTENT
Ping me to review PR,REMINDER
Meeting with QA post lunch,EVENT
Please remind me before EOD,REMINDER
Interview moved to Monday,EVENT
Run regression tests.,TASK
update the doc in confluence,TASK
Ping me to review PR,REMINDER
remind me about pr review,REMINDER
Daily scrum at 11.,EVENT
Set reminder for client call,REMINDER
No issues so far.,NO_INTENT
Finish the feature today,TASK
All good from my side.,NO_INTENT
Ping me to review PR.,REMINDER
No issues so far,NO_INTENT
Standup at 10am,EVENT
Don’t let me forget the meeting,REMINDER
Don’t let me forget the meeting,REMINDER
prod issue call in 10 mins.,EVENT
Makes sense,NO_INTENT
Need a reminder for demo,REMINDER
Remind me to deploy after lunch.,REMINDER
Complete the test cases,TASK
Complete the test cases,TASK
Please remind me before EOD,REMINDER
Looks good to me,NO_INTENT
haha okay,NO_INTENT
Remind me about PR review.,REMINDER
fix the prod bug.,TASK
Remind me to submit timesheet,REMINDER
Remind me to check logs.,REMINDER
Push the code to main.,TASK
Ping me to review PR,REMINDER
Planning session this evening,EVENT
lol that’s funny,NO_INTENT
Need a reminder for demo,REMINDER
Merge the branch,TASK
Need a reminder for demo,REMINDER
ping me to review pr,REMINDER
don’t let me forget the meeting,REMINDER
Review the PR.,TASK
lol that’s funny.,NO_INTENT
Close the ticket,TASK
Townhall next week.,EVENT
Interview moved to Monday,EVENT
lol that’s funny.,NO_INTENT
Run regression tests.,TASK
Noted.,NO_INTENT
Remind me to submit timesheet,REMINDER
need reminder for release,REMINDER
Need a reminder for demo,REMINDER
Prod issue call in 10 mins.,EVENT
all good from my side,NO_INTENT
Push the code to main.,TASK
Complete the test cases,TASK
Set reminder for client call,REMINDER
Done already.,NO_INTENT
Noted,NO_INTENT
Complete the test cases.,TASK
Planning session this evening,EVENT
Please remind me before EOD,REMINDER
Deploy to staging,TASK
tech discussion at 3 pm,EVENT
Update the doc in Confluence,TASK
Fix the prod bug.,TASK
Ping me to review PR,REMINDER
Update environment configs,TASK
We discussed this earlier.,NO_INTENT
Meeting with QA post lunch.,EVENT
Interview moved to Monday.,EVENT
Let’s sync at 4 today.,EVENT
Need a reminder for demo,REMINDER
1:1 with manager today,EVENT
yep,NO_INTENT
Run regression tests.,TASK
Prepare slides for demo,TASK
reminder for sprint retro.,REMINDER
all good from my side.,NO_INTENT
Don’t let me forget the meeting,REMINDER
Need a reminder for demo.,REMINDER
Finish the feature today,TASK
Set reminder for client call.,REMINDER
Sounds good.,NO_INTENT
client call tomorrow,EVENT
Remind me to submit timesheet,REMINDER
We discussed this earlier,NO_INTENT
1:1 with manager today.,EVENT
i was on leave yesterday,NO_INTENT
I was on leave yesterday.,NO_INTENT
run regression tests.,TASK
run regression tests,TASK
Validate API responses,TASK
Remind me to check logs,REMINDER
Reminder for sprint retro,REMINDER
Set reminder for client call,REMINDER
Check the logs,TASK
Finish the feature today,TASK
Need a reminder for demo,REMINDER
Cool,NO_INTENT
Reminder to push code,REMINDER
Can you remind me later,REMINDER
Cool,NO_INTENT
Don’t let me forget the meeting,REMINDER
Haha okay,NO_INTENT
Interview moved to Monday,EVENT
1:1 with manager today.,EVENT
Client call tomorrow.,EVENT
Raise a Jira ticket.,TASK
prepare slides for demo,TASK
lol that’s funny.,NO_INTENT
Ping me to review PR,REMINDER
Makes sense,NO_INTENT
Prepare slides for demo.,TASK
Done already.,NO_INTENT
Set reminder for client call,REMINDER
Remind me to check logs,REMINDER
Makes sense,NO_INTENT
Release call tonight,EVENT
let’s sync at 4 today,EVENT
don’t let me forget the meeting,REMINDER
haha okay.,NO_INTENT
Let’s sync at 4 today.,EVENT
Update the doc in Confluence,TASK
All good from my side,NO_INTENT
Let’s sync at 4 today,EVENT
Remind me to update Jira.,REMINDER
Meeting with QA post lunch.,EVENT
We discussed this earlier,NO_INTENT
Reminder to push code,REMINDER
Fix the prod bug.,TASK
Reminder to push code.,REMINDER
Demo scheduled for Friday,EVENT
reminder for sprint retro,REMINDER
Remind me to update Jira,REMINDER
Complete the test cases.,TASK
Planning session this evening,EVENT
Daily scrum at 11,EVENT
Prepare slides for demo,TASK
Validate API responses.,TASK
remind me to submit timesheet,REMINDER
Reminder to push code,REMINDER
client call tomorrow,EVENT
update environment configs,TASK
Looks good to me,NO_INTENT
Remind me to deploy after lunch.,REMINDER
I was on leave yesterday.,NO_INTENT
Validate API responses,TASK
Review the PR,TASK
Standup at 10am,EVENT
Tech discussion at 3 PM.,EVENT
Need a reminder for demo.,REMINDER
Looks good to me.,NO_INTENT
sprint planning tomorrow,EVENT
Meeting with QA post lunch,EVENT
Close the ticket.,TASK
All good from my side,NO_INTENT
Ping me to review PR,REMINDER
1:1 with manager today.,EVENT
Need a reminder for demo,REMINDER
Makes sense,NO_INTENT
Don’t let me forget the meeting,REMINDER
remind me to update jira,REMINDER
Planning session this evening,EVENT
Reminder for sprint retro,REMINDER
quick call now.,EVENT
All good from my side,NO_INTENT
sounds good,NO_INTENT
Validate API responses,TASK
Review the PR,TASK
deploy to staging,TASK
Release call tonight,EVENT
Looks good to me.,NO_INTENT
Update environment configs,TASK
Prepare slides for demo,TASK
I was on leave yesterday,NO_INTENT
lol that’s funny,NO_INTENT
Sounds good,NO_INTENT
All good from my side,NO_INTENT
Need a reminder for demo.,REMINDER
Noted.,NO_INTENT
Don’t let me forget the meeting.,REMINDER
close the ticket,TASK
Remind me to submit timesheet,REMINDER
Need reminder for release.,REMINDER
Set reminder for client call,REMINDER
Noted,NO_INTENT
Thanks,NO_INTENT
No issues so far,NO_INTENT
Raise a Jira ticket,TASK
Need a reminder for demo,REMINDER
Looks good to me.,NO_INTENT
thanks,NO_INTENT
Reminder for sprint retro,REMINDER
All good from my side,NO_INTENT
Quick call now,EVENT
haha okay,NO_INTENT
no issues so far,NO_INTENT
client call tomorrow,EVENT
Merge the branch.,TASK
interview moved to monday.,EVENT
deploy to staging,TASK
remind me to submit timesheet,REMINDER
review the pr,TASK
haha okay.,NO_INTENT
Cool,NO_INTENT
Please remind me before EOD,REMINDER
reminder for sprint retro,REMINDER
Thanks,NO_INTENT
Planning session this evening,EVENT
Cool,NO_INTENT
Cool,NO_INTENT
Review the PR.,TASK
All good from my side,NO_INTENT
lol that’s funny,NO_INTENT
need a reminder for demo,REMINDER
Remind me to update Jira,REMINDER
Planning session this evening,EVENT
Merge the branch,TASK
remind me about pr review.,REMINDER
check the logs,TASK
Interview moved to Monday,EVENT
tech discussion at 3 pm,EVENT
Check the logs.,TASK
Finish the feature today.,TASK
Okay got it,NO_INTENT
planning session this evening.,EVENT
Set a reminder for standup,REMINDER
Haha okay,NO_INTENT
Validate API responses,TASK
Done already,NO_INTENT
remind me to check logs.,REMINDER
Need reminder for release,REMINDER
Let’s sync at 4 today,EVENT
Deploy to staging,TASK
Let’s sync at 4 today,EVENT
Need a reminder for demo,REMINDER
Reminder to push code,REMINDER
Let’s sync at 4 today,EVENT
Prepare slides for demo.,TASK
reminder for sprint retro.,REMINDER
tech discussion at 3 pm,EVENT
Yep,NO_INTENT
Sounds good,NO_INTENT
Standup at 10am.,EVENT
Validate API responses,TASK
Daily scrum at 11,EVENT
prod issue call in 10 mins.,EVENT
Yep,NO_INTENT
Okay got it,NO_INTENT
Noted,NO_INTENT
Complete the test cases,TASK
Interview moved to Monday,EVENT
All good from my side,NO_INTENT
Update environment configs,TASK
Client call tomorrow,EVENT
tech discussion at 3 pm.,EVENT
Looks good to me,NO_INTENT
no issues so far.,NO_INTENT
cool.,NO_INTENT
Fix the prod bug.,TASK
Done already,NO_INTENT
Need a reminder for demo,REMINDER
Townhall next week,EVENT
I was on leave yesterday,NO_INTENT
Deploy to staging.,TASK
Okay got it,NO_INTENT
remind me about pr review.,REMINDER
We discussed this earlier,NO_INTENT
Update environment configs.,TASK
Run regression tests,TASK
haha okay,NO_INTENT
Sprint planning tomorrow.,EVENT
Tech discussion at 3 PM,EVENT
Update the doc in Confluence.,TASK
Okay got it,NO_INTENT
lol that’s funny,NO_INTENT
Run regression tests,TASK
Reminder to push code,REMINDER
Remind me about PR review,REMINDER
Quick call now,EVENT
done already,NO_INTENT
All good from my side,NO_INTENT
Finish the feature today.,TASK
Quick call now,EVENT
Noted,NO_INTENT
Please remind me before EOD,REMINDER
Set a reminder for standup,REMINDER
Raise a Jira ticket,TASK
Sounds good,NO_INTENT
we discussed this earlier.,NO_INTENT
Meeting with QA post lunch.,EVENT
Update environment configs,TASK
remind me about pr review,REMINDER
1:1 with manager today.,EVENT
Remind me about PR review,REMINDER
need a reminder for demo,REMINDER
Remind me about PR review,REMINDER
Validate API responses.,TASK
Raise a Jira ticket.,TASK
Remind me to deploy after lunch.,REMINDER
merge the branch,TASK
haha okay,NO_INTENT
Meeting with QA post lunch,EVENT
Merge the branch,TASK
Okay got it,NO_INTENT
Tech discussion at 3 PM.,EVENT
I was on leave yesterday,NO_INTENT
Complete the test cases.,TASK
Remind me to check logs,REMINDER
Planning session this evening,EVENT
planning session this evening,EVENT
Tech discussion at 3 PM.,EVENT
Looks good to me.,NO_INTENT
Yep,NO_INTENT
Set reminder for client call,REMINDER
Prepare slides for demo,TASK
Prod issue call in 10 mins,EVENT
Can you remind me later,REMINDER
Fix the prod bug,TASK
Don’t let me forget the meeting,REMINDER
Validate API responses,TASK
We discussed this earlier,NO_INTENT
interview moved to monday,EVENT
Meeting with QA post lunch,EVENT
Set reminder for client call,REMINDER
Let’s sync at 4 today.,EVENT
Meeting with QA post lunch.,EVENT
Daily scrum at 11.,EVENT
standup at 10am,EVENT
close the ticket,TASK
Push the code to main,TASK
All good from my side.,NO_INTENT
I was on leave yesterday.,NO_INTENT
Please remind me before EOD.,REMINDER
daily scrum at 11,EVENT
Tech discussion at 3 PM,EVENT
Complete the test cases,TASK
Tech discussion at 3 PM.,EVENT
Quick call now,EVENT
Looks good to me,NO_INTENT
planning session this evening.,EVENT
Thanks,NO_INTENT
Remind me to submit timesheet.,REMINDER
can you remind me later,REMINDER
Need a reminder for demo.,REMINDER
Interview moved to Monday,EVENT
Yep.,NO_INTENT
Interview moved to Monday.,EVENT
We discussed this earlier,NO_INTENT
Thanks,NO_INTENT
Deploy to staging,TASK
No issues so far,NO_INTENT
Daily scrum at 11.,EVENT
Remind me to submit timesheet,REMINDER
Prepare slides for demo,TASK
Check the logs.,TASK
Close the ticket.,TASK
Need a reminder for demo.,REMINDER
Thanks,NO_INTENT
Demo scheduled for Friday,EVENT
Remind me to deploy after lunch.,REMINDER
sounds good,NO_INTENT
cool.,NO_INTENT
Ping me to review PR,REMINDER
All good from my side,NO_INTENT
looks good to me,NO_INTENT
All good from my side,NO_INTENT
Okay got it,NO_INTENT
Release call tonight.,EVENT
Okay got it,NO_INTENT
push the code to main,TASK
No issues so far,NO_INTENT
Prepare slides for demo,TASK
Sprint planning tomorrow,EVENT
sprint planning tomorrow,EVENT
Okay got it,NO_INTENT
Release call tonight,EVENT
Remind me to submit timesheet,REMINDER
let’s sync at 4 today,EVENT
Set a reminder for standup.,REMINDER
done already,NO_INTENT
remind me to update jira,REMINDER
Demo scheduled for Friday,EVENT
Reminder to push code.,REMINDER
1:1 with manager today,EVENT
Raise a Jira ticket,TASK
Finish the feature today.,TASK
We discussed this earlier,NO_INTENT
Update the doc in Confluence,TASK
Okay got it,NO_INTENT
Meeting with QA post lunch,EVENT
No issues so far,NO_INTENT
noted,NO_INTENT
Let’s sync at 4 today,EVENT
Reminder for sprint retro,REMINDER
yep,NO_INTENT
looks good to me,NO_INTENT
Remind me about PR review,REMINDER
Review the PR,TASK
Prod issue call in 10 mins,EVENT
Thanks,NO_INTENT
Tech discussion at 3 PM,EVENT
review the pr.,TASK
Validate API responses,TASK
all good from my side,NO_INTENT
Remind me to submit timesheet,REMINDER
Remind me to check logs.,REMINDER
Interview moved to Monday,EVENT
Haha okay.,NO_INTENT
client call tomorrow.,EVENT
Release call tonight,EVENT
please remind me before eod,REMINDER
Close the ticket,TASK
we discussed this earlier,NO_INTENT
I was on leave yesterday,NO_INTENT
need a reminder for demo,REMINDER
Looks good to me.,NO_INTENT
haha okay.,NO_INTENT
Can you remind me later.,REMINDER
Reminder to push code.,REMINDER
Check the logs,TASK
Tech discussion at 3 PM,EVENT
Release call tonight.,EVENT
Makes sense,NO_INTENT
set a reminder for standup,REMINDER
Update the doc in Confluence.,TASK
Yep,NO_INTENT
Planning session this evening.,EVENT
Let’s sync at 4 today.,EVENT
Update the doc in Confluence,TASK
thanks,NO_INTENT
Finish the feature today.,TASK
Push the code to main,TASK
thanks,NO_INTENT
push the code to main,TASK
Run regression tests.,TASK
Remind me to submit timesheet,REMINDER
meeting with qa post lunch,EVENT
Check the logs.,TASK
finish the feature today,TASK
Let’s sync at 4 today,EVENT
Remind me to deploy after lunch,REMINDER
Don’t let me forget the meeting,REMINDER
Fix the prod bug,TASK
Townhall next week,EVENT
Update the doc in Confluence.,TASK
Daily scrum at 11,EVENT
Merge the branch,TASK
Reminder for sprint retro,REMINDER
Remind me about PR review.,REMINDER
Ping me to review PR,REMINDER
Don’t let me forget the meeting.,REMINDER
Client call tomorrow.,EVENT
Release call tonight,EVENT
Remind me to submit timesheet,REMINDER
reminder to push code,REMINDER
Done already.,NO_INTENT
Remind me to check logs,REMINDER
Reminder for sprint retro,REMINDER
Remind me to check logs,REMINDER
Need a reminder for demo.,REMINDER
i was on leave yesterday.,NO_INTENT
check the logs.,TASK
Townhall next week,EVENT
Remind me to check logs,REMINDER
Remind me to deploy after lunch.,REMINDER
Prepare slides for demo,TASK
Daily scrum at 11,EVENT
demo scheduled for friday,EVENT
Finish the feature today,TASK
need reminder for release.,REMINDER
Run regression tests.,TASK
1:1 with manager today.,EVENT
Demo scheduled for Friday.,EVENT
Release call tonight,EVENT
Thanks,NO_INTENT
Need a reminder for demo.,REMINDER
Sounds good,NO_INTENT
Okay got it,NO_INTENT
reminder to push code,REMINDER
Update the doc in Confluence,TASK
Tech discussion at 3 PM.,EVENT
Makes sense.,NO_INTENT
Remind me to submit timesheet,REMINDER
sprint planning tomorrow.,EVENT
We discussed this earlier.,NO_INTENT
Fix the prod bug.,TASK
Raise a Jira ticket,TASK
Complete the test cases,TASK
Finish the feature today,TASK
complete the test cases,TASK
Interview moved to Monday.,EVENT
Yep,NO_INTENT
Looks good to me,NO_INTENT
Run regression tests,TASK
Daily scrum at 11,EVENT
All good from my side,NO_INTENT
Remind me to deploy after lunch,REMINDER
Standup at 10am,EVENT
Finish the feature today.,TASK
Can you remind me later,REMINDER
Update environment configs,TASK
Review the PR.,TASK
Release call tonight.,EVENT
cool.,NO_INTENT
complete the test cases.,TASK
all good from my side.,NO_INTENT
Prepare slides for demo,TASK
need a reminder for demo,REMINDER
Cool,NO_INTENT
Client call tomorrow,EVENT
Remind me to check logs,REMINDER
Tech discussion at 3 PM,EVENT
Please remind me before EOD.,REMINDER
Prepare slides for demo,TASK
lol that’s funny,NO_INTENT
Set reminder for client call,REMINDER
Need reminder for release,REMINDER
Merge the branch,TASK
Noted.,NO_INTENT
Demo scheduled for Friday,EVENT
Validate API responses,TASK
We discussed this earlier.,NO_INTENT
Client call tomorrow,EVENT
Makes sense,NO_INTENT
check the logs,TASK
Fix the prod bug,TASK
Update the doc in Confluence,TASK
Need reminder for release,REMINDER
check the logs,TASK
Fix the prod bug.,TASK
Push the code to main.,TASK
I was on leave yesterday,NO_INTENT
Sounds good,NO_INTENT
Okay got it.,NO_INTENT
Release call tonight,EVENT
Client call tomorrow,EVENT
Release call tonight,EVENT
meeting with qa post lunch,EVENT
Update the doc in Confluence.,TASK
cool.,NO_INTENT
Okay got it.,NO_INTENT
prepare slides for demo.,TASK
Update the doc in Confluence,TASK
Let’s sync at 4 today,EVENT
Cool,NO_INTENT
need a reminder for demo,REMINDER
Remind me about PR review.,REMINDER
No issues so far.,NO_INTENT
Demo scheduled for Friday,EVENT
Close the ticket,TASK
Update the doc in Confluence,TASK
townhall next week,EVENT
We discussed this earlier,NO_INTENT
Sprint planning tomorrow.,EVENT
Remind me to submit timesheet.,REMINDER
prepare slides for demo,TASK
Remind me to update Jira,REMINDER
Demo scheduled for Friday,EVENT
lol that’s funny.,NO_INTENT
Please remind me before EOD,REMINDER
All good from my side,NO_INTENT
reminder to push code,REMINDER
Sprint planning tomorrow.,EVENT
Townhall next week,EVENT
Deploy to staging.,TASK
Remind me about PR review,REMINDER
okay got it.,NO_INTENT
complete the test cases.,TASK
Deploy to staging,TASK
Finish the feature today.,TASK
Remind me to update Jira.,REMINDER
Don’t let me forget the meeting,REMINDER
Need reminder for release,REMINDER
Ping me to review PR.,REMINDER
1:1 with manager today,EVENT
Yep,NO_INTENT
Looks good to me,NO_INTENT
Standup at 10am,EVENT
Need a reminder for demo.,REMINDER
Complete the test cases,TASK
Update the doc in Confluence.,TASK
Prepare slides for demo,TASK
remind me about pr review.,REMINDER
Please remind me before EOD,REMINDER
Run regression tests,TASK
Release call tonight,EVENT
Townhall next week,EVENT
close the ticket,TASK
Noted,NO_INTENT
prepare slides for demo,TASK
Update the doc in Confluence,TASK
Push the code to main,TASK
Tech discussion at 3 PM.,EVENT
Can you remind me later,REMINDER
Review the PR,TASK
Validate API responses,TASK
remind me to check logs,REMINDER
Set reminder for client call,REMINDER
close the ticket.,TASK
Ping me to review PR.,REMINDER
haha okay,NO_INTENT
Reminder for sprint retro,REMINDER
Review the PR,TASK
Planning session this evening,EVENT
Finish the feature today,TASK
Sprint planning tomorrow,EVENT
lol that’s funny,NO_INTENT
please remind me before eod.,REMINDER
Prod issue call in 10 mins,EVENT
Let’s sync at 4 today.,EVENT
Reminder for sprint retro,REMINDER
Daily scrum at 11,EVENT
Complete the test cases,TASK
We discussed this earlier.,NO_INTENT
Raise a Jira ticket,TASK
sounds good.,NO_INTENT
client call tomorrow,EVENT
Remind me to deploy after lunch,REMINDER
townhall next week.,EVENT
Thanks,NO_INTENT
Client call tomorrow,EVENT
Noted,NO_INTENT
no issues so far.,NO_INTENT
Tech discussion at 3 PM.,EVENT
Finish the feature today.,TASK
Fix the prod bug,TASK
All good from my side.,NO_INTENT
Meeting with QA post lunch,EVENT
Done already.,NO_INTENT
Makes sense,NO_INTENT
Finish the feature today,TASK
Deploy to staging.,TASK
1:1 with manager today,EVENT
Remind me to update Jira.,REMINDER
No issues so far.,NO_INTENT
All good from my side.,NO_INTENT
Daily scrum at 11.,EVENT
sprint planning tomorrow.,EVENT
tech discussion at 3 pm,EVENT
Don’t let me forget the meeting,REMINDER
sprint planning tomorrow,EVENT
can you remind me later,REMINDER
Quick call now,EVENT
1:1 with manager today,EVENT
complete the test cases,TASK
Ping me to review PR,REMINDER
Update the doc in Confluence,TASK
Remind me to submit timesheet,REMINDER
Finish the feature today.,TASK
deploy to staging,TASK
Okay got it,NO_INTENT
Daily scrum at 11.,EVENT
complete the test cases,TASK
Set a reminder for standup,REMINDER
Validate API responses.,TASK
Finish the feature today,TASK
run regression tests,TASK
Let’s sync at 4 today.,EVENT
Planning session this evening,EVENT
Can you remind me later.,REMINDER
Can you remind me later,REMINDER
Haha okay.,NO_INTENT
Remind me to deploy after lunch,REMINDER
Noted.,NO_INTENT
Prepare slides for demo,TASK
set a reminder for standup,REMINDER
Reminder to push code,REMINDER
Client call tomorrow.,EVENT
Townhall next week.,EVENT
I was on leave yesterday,NO_INTENT
Can you remind me later,REMINDER
Validate API responses,TASK
Run regression tests,TASK
noted,NO_INTENT
Looks good to me.,NO_INTENT
Client call tomorrow,EVENT
Update environment configs,TASK
planning session this evening,EVENT
Remind me to submit timesheet,REMINDER
townhall next week,EVENT
Interview moved to Monday,EVENT
Fix the prod bug,TASK
Remind me to submit timesheet.,REMINDER
Prepare slides for demo,TASK
Planning session this evening,EVENT
Finish the feature today.,TASK
Reminder for sprint retro,REMINDER
Tech discussion at 3 PM,EVENT
Remind me to submit timesheet,REMINDER
Merge the branch,TASK
Townhall next week,EVENT
Set a reminder for standup,REMINDER
Remind me about PR review,REMINDER
All good from my side.,NO_INTENT
Sprint planning tomorrow,EVENT
I was on leave yesterday.,NO_INTENT
check the logs,TASK
Meeting with QA post lunch.,EVENT
noted,NO_INTENT
Update environment configs,TASK
Set a reminder for standup,REMINDER
1:1 with manager today.,EVENT
all good from my side,NO_INTENT
Prepare slides for demo,TASK
Sprint planning tomorrow,EVENT
all good from my side.,NO_INTENT
Interview moved to Monday.,EVENT
Daily scrum at 11,EVENT
Update the doc in Confluence.,TASK
Daily scrum at 11,EVENT
Okay got it,NO_INTENT
Let’s sync at 4 today,EVENT
reminder for sprint retro,REMINDER
Remind me to submit timesheet.,REMINDER
Client call tomorrow,EVENT
haha okay,NO_INTENT
Sprint planning tomorrow,EVENT
Reminder for sprint retro.,REMINDER
merge the branch,TASK
Daily scrum at 11,EVENT
Remind me to check logs.,REMINDER
Update the doc in Confluence,TASK
Client call tomorrow,EVENT
cool,NO_INTENT
Client call tomorrow,EVENT
Planning session this evening,EVENT
Need a reminder for demo,REMINDER
Cool,NO_INTENT
update environment configs,TASK
remind me to submit timesheet,REMINDER
Close the ticket,TASK
Check the logs,TASK
Reminder for sprint retro,REMINDER
Run regression tests,TASK
can you remind me later,REMINDER
Need a reminder for demo,REMINDER
Interview moved to Monday,EVENT
Don’t let me forget the meeting.,REMINDER
Prepare slides for demo,TASK
yep.,NO_INTENT
Meeting with QA post lunch,EVENT
Set reminder for client call.,REMINDER
Planning session this evening.,EVENT
Okay got it,NO_INTENT
prepare slides for demo.,TASK
lol that’s funny,NO_INTENT
lol that’s funny,NO_INTENT
noted.,NO_INTENT
Can you remind me later.,REMINDER
quick call now,EVENT
Let’s sync at 4 today,EVENT
No issues so far,NO_INTENT
lol that’s funny,NO_INTENT
Remind me to update Jira.,REMINDER
Fix the prod bug,TASK
Townhall next week,EVENT
done already.,NO_INTENT
Prepare slides for demo,TASK
Sounds good.,NO_INTENT
Interview moved to Monday,EVENT
Review the PR,TASK
Cool,NO_INTENT
Raise a Jira ticket,TASK
Noted,NO_INTENT
Ping me to review PR.,REMINDER
Noted,NO_INTENT
Quick call now,EVENT
Prepare slides for demo,TASK
looks good to me,NO_INTENT
close the ticket,TASK
Townhall next week,EVENT
Let’s sync at 4 today,EVENT
Okay got it.,NO_INTENT
Okay got it.,NO_INTENT
Yep,NO_INTENT
Push the code to main.,TASK
Thanks.,NO_INTENT
I was on leave yesterday,NO_INTENT
Sounds good.,NO_INTENT
Reminder for sprint retro,REMINDER
Release call tonight,EVENT
Update environment configs,TASK
remind me to update jira.,REMINDER
Done already,NO_INTENT
Set a reminder for standup,REMINDER
deploy to staging,TASK
Ping me to review PR,REMINDER
Townhall next week.,EVENT
Townhall next week.,EVENT
Daily scrum at 11,EVENT
Reminder to push code.,REMINDER
Run regression tests,TASK
reminder to push code,REMINDER
Remind me to update Jira,REMINDER
Remind me to deploy after lunch,REMINDER
All good from my side.,NO_INTENT
can you remind me later,REMINDER
Meeting with QA post lunch.,EVENT
demo scheduled for friday,EVENT
Need a reminder for demo,REMINDER
Thanks,NO_INTENT
Run regression tests,TASK
can you remind me later,REMINDER
Release call tonight,EVENT
We discussed this earlier,NO_INTENT
All good from my side,NO_INTENT
Done already.,NO_INTENT
townhall next week.,EVENT
Need a reminder for demo.,REMINDER
Haha okay,NO_INTENT
Merge the branch,TASK
deploy to staging,TASK
Set reminder for client call.,REMINDER
Planning session this evening,EVENT
all good from my side.,NO_INTENT
Done already,NO_INTENT
remind me to update jira,REMINDER
client call tomorrow,EVENT
Client call tomorrow,EVENT
Raise a Jira ticket.,TASK
Prod issue call in 10 mins,EVENT
No issues so far.,NO_INTENT
Set a reminder for standup,REMINDER
check the logs.,TASK
Update environment configs,TASK
remind me to update jira,REMINDER
We discussed this earlier.,NO_INTENT
lol that’s funny,NO_INTENT
Sounds good.,NO_INTENT
Daily scrum at 11,EVENT
noted,NO_INTENT
daily scrum at 11,EVENT
planning session this evening,EVENT
Don’t let me forget the meeting.,REMINDER
Reminder for sprint retro.,REMINDER
Update the doc in Confluence,TASK
Finish the feature today.,TASK
Please remind me before EOD,REMINDER
Need a reminder for demo,REMINDER
fix the prod bug,TASK
Close the ticket,TASK
Remind me about PR review,REMINDER
Reminder for sprint retro.,REMINDER
Validate API responses,TASK
complete the test cases,TASK
Prepare slides for demo,TASK
Complete the test cases.,TASK
Deploy to staging,TASK
Prod issue call in 10 mins,EVENT
I was on leave yesterday,NO_INTENT
Cool,NO_INTENT
Haha okay.,NO_INTENT
Client call tomorrow,EVENT
Planning session this evening,EVENT
close the ticket,TASK
Set a reminder for standup,REMINDER
Update the doc in Confluence,TASK
Remind me about PR review,REMINDER
reminder to push code,REMINDER
Standup at 10am,EVENT
Need reminder for release,REMINDER
Don’t let me forget the meeting,REMINDER
quick call now.,EVENT
Haha okay,NO_INTENT
interview moved to monday,EVENT
Let’s sync at 4 today.,EVENT
Prepare slides for demo,TASK
Push the code to main.,TASK
cool,NO_INTENT
Done already,NO_INTENT
Client call tomorrow,EVENT
tech discussion at 3 pm,EVENT
Set reminder for client call,REMINDER
I was on leave yesterday,NO_INTENT
Reminder to push code,REMINDER
Review the PR,TASK
Remind me to check logs.,REMINDER
Review the PR,TASK
Set a reminder for standup,REMINDER
okay got it,NO_INTENT
daily scrum at 11,EVENT
Finish the feature today.,TASK
Remind me to update Jira.,REMINDER
haha okay,NO_INTENT
Close the ticket,TASK
Fix the prod bug.,TASK
run regression tests,TASK
Remind me to submit timesheet,REMINDER
Update environment configs,TASK
Prod issue call in 10 mins.,EVENT
Sprint planning tomorrow,EVENT
don’t let me forget the meeting,REMINDER
Haha okay,NO_INTENT
We discussed this earlier,NO_INTENT
Remind me to submit timesheet,REMINDER
Client call tomorrow,EVENT
validate api responses.,TASK
Close the ticket,TASK
Haha okay.,NO_INTENT
We discussed this earlier,NO_INTENT
Review the PR,TASK
Please remind me before EOD,REMINDER
deploy to staging.,TASK
Deploy to staging.,TASK
Set reminder for client call.,REMINDER
Merge the branch,TASK
Haha okay.,NO_INTENT
Can you remind me later,REMINDER
Update environment configs.,TASK
Thanks,NO_INTENT
sprint planning tomorrow,EVENT
Set reminder for client call.,REMINDER
I was on leave yesterday,NO_INTENT
Meeting with QA post lunch,EVENT
Standup at 10am,EVENT
Need a reminder for demo,REMINDER
Townhall next week.,EVENT
Review the PR.,TASK
Reminder for sprint retro,REMINDER
Need reminder for release,REMINDER
1:1 with manager today,EVENT
Remind me to check logs,REMINDER
Remind me to check logs,REMINDER
thanks,NO_INTENT
Cool.,NO_INTENT
Quick call now.,EVENT
1:1 with manager today,EVENT
Update environment configs.,TASK
Meeting with QA post lunch,EVENT
no issues so far,NO_INTENT
Daily scrum at 11,EVENT
Finish the feature today.,TASK
Makes sense,NO_INTENT
validate api responses.,TASK
Update environment configs,TASK
Need a reminder for demo,REMINDER
looks good to me,NO_INTENT
Validate API responses,TASK
Can you remind me later,REMINDER
deploy to staging,TASK
Set a reminder for standup,REMINDER
Prepare slides for demo,TASK
run regression tests,TASK
finish the feature today,TASK
Thanks,NO_INTENT
please remind me before eod.,REMINDER
Raise a Jira ticket.,TASK
sprint planning tomorrow,EVENT
set a reminder for standup,REMINDER
Merge the branch,TASK
1:1 with manager today,EVENT
complete the test cases.,TASK
Fix the prod bug,TASK
Yep,NO_INTENT
Set reminder for client call,REMINDER
Prepare slides for demo,TASK
We discussed this earlier.,NO_INTENT
Done already,NO_INTENT
Interview moved to Monday,EVENT
Thanks,NO_INTENT
Can you remind me later.,REMINDER
I was on leave yesterday,NO_INTENT
Looks good to me,NO_INTENT
Validate API responses,TASK
Noted,NO_INTENT
Close the ticket,TASK
quick call now,EVENT
Daily scrum at 11,EVENT
Meeting with QA post lunch,EVENT
Check the logs.,TASK
Makes sense.,NO_INTENT
Tech discussion at 3 PM.,EVENT
Prod issue call in 10 mins,EVENT
Planning session this evening,EVENT
merge the branch.,TASK
Need a reminder for demo,REMINDER
Standup at 10am.,EVENT
Looks good to me,NO_INTENT
Daily scrum at 11.,EVENT
Planning session this evening,EVENT
Looks good to me,NO_INTENT
validate api responses,TASK
Ping me to review PR,REMINDER
Noted.,NO_INTENT
remind me to deploy after lunch.,REMINDER
lol that’s funny,NO_INTENT
Looks good to me.,NO_INTENT
Raise a Jira ticket,TASK
Done already,NO_INTENT
Fix the prod bug,TASK
Merge the branch,TASK
sounds good.,NO_INTENT
Planning session this evening,EVENT
Reminder to push code,REMINDER
Can you remind me later,REMINDER
All good from my side,NO_INTENT
noted,NO_INTENT
Remind me about PR review,REMINDER
meeting with qa post lunch,EVENT
Merge the branch,TASK
Update environment configs.,TASK
Need reminder for release.,REMINDER
Demo scheduled for Friday,EVENT
Looks good to me,NO_INTENT
Release call tonight.,EVENT
Need a reminder for demo,REMINDER
Planning session this evening,EVENT
Push the code to main,TASK
Don’t let me forget the meeting.,REMINDER
Please remind me before EOD,REMINDER
don’t let me forget the meeting.,REMINDER
Need reminder for release,REMINDER
looks good to me,NO_INTENT
Remind me about PR review,REMINDER
Sprint planning tomorrow,EVENT
need reminder for release,REMINDER
Makes sense.,NO_INTENT
Don’t let me forget the meeting,REMINDER
Prod issue call in 10 mins,EVENT
Finish the feature today,TASK
Cool.,NO_INTENT
Client call tomorrow.,EVENT
No issues so far,NO_INTENT
Check the logs,TASK
noted,NO_INTENT
Reminder to push code.,REMINDER
Makes sense.,NO_INTENT
Check the logs.,TASK
Release call tonight,EVENT
Looks good to me,NO_INTENT
push the code to main.,TASK
Deploy to staging,TASK
Raise a Jira ticket,TASK
We discussed this earlier.,NO_INTENT
All good from my side.,NO_INTENT
Remind me to check logs,REMINDER
Interview moved to Monday,EVENT
Complete the test cases,TASK
Remind me to update Jira,REMINDER
Makes sense,NO_INTENT
Finish the feature today,TASK
Update the doc in Confluence.,TASK
Thanks,NO_INTENT
Raise a Jira ticket,TASK
prod issue call in 10 mins.,EVENT
Validate API responses.,TASK
Looks good to me,NO_INTENT
Can you remind me later.,REMINDER
validate api responses.,TASK
Need reminder for release,REMINDER
interview moved to monday,EVENT
Can you remind me later,REMINDER
Prepare slides for demo,TASK
validate api responses.,TASK
Sounds good,NO_INTENT
Sounds good.,NO_INTENT
Run regression tests,TASK
Validate API responses.,TASK
need a reminder for demo,REMINDER
1:1 with manager today.,EVENT
Looks good to me,NO_INTENT
Looks good to me,NO_INTENT
Need reminder for release,REMINDER
Townhall next week.,EVENT
Reminder to push code,REMINDER
Remind me to submit timesheet,REMINDER
Set a reminder for standup,REMINDER
Remind me to submit timesheet,REMINDER
Validate API responses,TASK
Haha okay,NO_INTENT
Remind me to submit timesheet.,REMINDER
Prepare slides for demo,TASK
Quick call now,EVENT
Meeting with QA post lunch,EVENT
Cool,NO_INTENT
Meeting with QA post lunch,EVENT
Sprint planning tomorrow,EVENT
All good from my side.,NO_INTENT
sounds good,NO_INTENT
Raise a Jira ticket,TASK
remind me to update jira,REMINDER
Push the code to main,TASK
Prod issue call in 10 mins,EVENT
Set reminder for client call,REMINDER
Remind me about PR review.,REMINDER
Update the doc in Confluence.,TASK
Noted,NO_INTENT
Prod issue call in 10 mins,EVENT
Remind me to check logs,REMINDER
lol that’s funny,NO_INTENT
1:1 with manager today,EVENT
interview moved to monday,EVENT
Please remind me before EOD,REMINDER
Cool,NO_INTENT
Finish the feature today,TASK
Run regression tests.,TASK
Quick call now.,EVENT
No issues so far.,NO_INTENT
We discussed this earlier.,NO_INTENT
sounds good,NO_INTENT
fix the prod bug.,TASK
Remind me to deploy after lunch,REMINDER
Update the doc in Confluence.,TASK
Please remind me before EOD,REMINDER
Need reminder for release,REMINDER
set a reminder for standup,REMINDER
Finish the feature today,TASK
All good from my side,NO_INTENT
Meeting with QA post lunch,EVENT
cool,NO_INTENT
let’s sync at 4 today.,EVENT
Makes sense,NO_INTENT
Run regression tests,TASK
Raise a Jira ticket.,TASK
Update environment configs.,TASK
Complete the test cases.,TASK
Push the code to main,TASK
Deploy to staging,TASK
Need a reminder for demo,REMINDER
I was on leave yesterday.,NO_INTENT
We discussed this earlier.,NO_INTENT
Run regression tests,TASK
lol that’s funny,NO_INTENT
Remind me about PR review,REMINDER
Noted,NO_INTENT
Set reminder for client call,REMINDER
Done already,NO_INTENT
ping me to review pr,REMINDER
Complete the test cases,TASK
Demo scheduled for Friday.,EVENT
Yep,NO_INTENT
Prepare slides for demo.,TASK
Remind me to submit timesheet,REMINDER
Merge the branch,TASK
Demo scheduled for Friday,EVENT
No issues so far.,NO_INTENT
Don’t let me forget the meeting.,REMINDER
Yep,NO_INTENT
No issues so far.,NO_INTENT
Standup at 10am,EVENT
Deploy to staging,TASK
Run regression tests,TASK
All good from my side,NO_INTENT
run regression tests,TASK
Planning session this evening.,EVENT
lol that’s funny,NO_INTENT
let’s sync at 4 today,EVENT
Noted.,NO_INTENT
Sounds good,NO_INTENT
Demo scheduled for Friday,EVENT
close the ticket,TASK
Makes sense,NO_INTENT
1:1 with manager today.,EVENT
sounds good.,NO_INTENT
review the pr,TASK
Interview moved to Monday,EVENT
Validate API responses,TASK
Please remind me before EOD,REMINDER
Set reminder for client call,REMINDER
yep,NO_INTENT
Haha okay,NO_INTENT
Prepare slides for demo,TASK
Prepare slides for demo,TASK
Need a reminder for demo,REMINDER
Can you remind me later.,REMINDER
finish the feature today,TASK
Need reminder for release.,REMINDER
Update the doc in Confluence.,TASK
remind me to update jira.,REMINDER
Standup at 10am.,EVENT
daily scrum at 11,EVENT
lol that’s funny,NO_INTENT
Prepare slides for demo,TASK
Push the code to main,TASK
Validate API responses,TASK
Sounds good,NO_INTENT
Release call tonight.,EVENT
Noted.,NO_INTENT
Makes sense,NO_INTENT
Remind me about PR review.,REMINDER
validate api responses,TASK
Okay got it,NO_INTENT
Release call tonight.,EVENT
need reminder for release.,REMINDER
Demo scheduled for Friday.,EVENT
Complete the test cases.,TASK
We discussed this earlier,NO_INTENT
Set reminder for client call.,REMINDER
raise a jira ticket,TASK
Update environment configs,TASK
Raise a Jira ticket.,TASK
no issues so far.,NO_INTENT
Set a reminder for standup,REMINDER
Interview moved to Monday,EVENT
Sprint planning tomorrow.,EVENT
Yep.,NO_INTENT
Please remind me before EOD.,REMINDER
Finish the feature today.,TASK
Need reminder for release.,REMINDER
Push the code to main.,TASK
Prod issue call in 10 mins,EVENT
Daily scrum at 11,EVENT
cool,NO_INTENT
Release call tonight,EVENT
Merge the branch,TASK
Can you remind me later,REMINDER
done already,NO_INTENT
close the ticket.,TASK
1:1 with manager today,EVENT
run regression tests,TASK
Okay got it,NO_INTENT
haha okay,NO_INTENT
Remind me to deploy after lunch,REMINDER
Deploy to staging,TASK
Let’s sync at 4 today,EVENT
check the logs,TASK
Remind me to update Jira,REMINDER
reminder to push code,REMINDER
Update the doc in Confluence.,TASK
Update environment configs.,TASK
Sprint planning tomorrow.,EVENT
thanks,NO_INTENT
Merge the branch,TASK
I was on leave yesterday.,NO_INTENT
Cool.,NO_INTENT
Review the PR.,TASK
Remind me about PR review,REMINDER
Validate API responses,TASK
Ping me to review PR.,REMINDER
Update the doc in Confluence,TASK
Planning session this evening,EVENT
Standup at 10am,EVENT
Yep,NO_INTENT
Remind me to submit timesheet.,REMINDER
Need reminder for release,REMINDER
Remind me about PR review,REMINDER
Standup at 10am,EVENT
haha okay,NO_INTENT
Standup at 10am.,EVENT
Okay got it.,NO_INTENT
Townhall next week.,EVENT
Demo scheduled for Friday,EVENT
Merge the branch,TASK
remind me to deploy after lunch.,REMINDER
All good from my side.,NO_INTENT
No issues so far,NO_INTENT
Release call tonight,EVENT
yep.,NO_INTENT
Fix the prod bug,TASK
Close the ticket.,TASK
lol that’s funny,NO_INTENT
Remind me about PR review,REMINDER
update environment configs,TASK
Set reminder for client call.,REMINDER
haha okay.,NO_INTENT
Cool.,NO_INTENT
Cool.,NO_INTENT
Release call tonight,EVENT
Daily scrum at 11.,EVENT
Remind me to deploy after lunch,REMINDER
Don’t let me forget the meeting,REMINDER
Reminder for sprint retro,REMINDER
No issues so far.,NO_INTENT
No issues so far,NO_INTENT
Update environment configs,TASK
Sprint planning tomorrow,EVENT
Townhall next week,EVENT
Reminder for sprint retro.,REMINDER
Merge the branch.,TASK
Tech discussion at 3 PM,EVENT
meeting with qa post lunch,EVENT
Please remind me before EOD.,REMINDER
Okay got it,NO_INTENT
finish the feature today.,TASK
Please remind me before EOD,REMINDER
okay got it.,NO_INTENT
Townhall next week,EVENT
1:1 with manager today,EVENT
Can you remind me later,REMINDER
Check the logs,TASK
Yep.,NO_INTENT
Close the ticket.,TASK
Raise a Jira ticket,TASK
Daily scrum at 11,EVENT
Merge the branch.,TASK
Run regression tests,TASK
Deploy to staging.,TASK
Townhall next week,EVENT
Finish the feature today,TASK
Review the PR.,TASK
Prepare slides for demo,TASK
Remind me to deploy after lunch,REMINDER
remind me to check logs.,REMINDER
push the code to main,TASK
Haha okay,NO_INTENT
Update environment configs,TASK
No issues so far.,NO_INTENT
release call tonight,EVENT
Daily scrum at 11.,EVENT
Finish the feature today.,TASK
Check the logs,TASK
Validate API responses,TASK
Remind me to deploy after lunch,REMINDER
merge the branch.,TASK
Sounds good,NO_INTENT
Can you remind me later,REMINDER
1:1 with manager today.,EVENT
1:1 with manager today,EVENT
Set a reminder for standup,REMINDER
Merge the branch.,TASK
all good from my side.,NO_INTENT
Can you remind me later,REMINDER
Yep,NO_INTENT
i was on leave yesterday.,NO_INTENT
remind me to check logs,REMINDER
Check the logs.,TASK
Complete the test cases,TASK
update the doc in confluence,TASK
Noted,NO_INTENT
Let’s sync at 4 today,EVENT
Set a reminder for standup,REMINDER
Push the code to main,TASK
Reminder for sprint retro,REMINDER
Demo scheduled for Friday,EVENT
prod issue call in 10 mins,EVENT
Close the ticket,TASK
No issues so far,NO_INTENT
Sounds good.,NO_INTENT
check the logs,TASK
Makes sense,NO_INTENT
Remind me to deploy after lunch,REMINDER
Remind me to submit timesheet,REMINDER
Done already.,NO_INTENT
Ping me to review PR,REMINDER
Looks good to me,NO_INTENT
Merge the branch.,TASK
Ping me to review PR.,REMINDER
Validate API responses.,TASK
1:1 with manager today,EVENT
lol that’s funny,NO_INTENT
We discussed this earlier.,NO_INTENT
Raise a Jira ticket.,TASK
sounds good,NO_INTENT
Merge the branch,TASK
Don’t let me forget the meeting,REMINDER
Makes sense,NO_INTENT
Prepare slides for demo,TASK
Run regression tests,TASK
looks good to me,NO_INTENT
looks good to me.,NO_INTENT
raise a jira ticket.,TASK
Client call tomorrow,EVENT
Reminder for sprint retro,REMINDER
Push the code to main,TASK
Reminder to push code,REMINDER
Remind me to check logs,REMINDER
Ping me to review PR.,REMINDER
Looks good to me,NO_INTENT
Quick call now,EVENT
standup at 10am.,EVENT
no issues so far,NO_INTENT
Ping me to review PR,REMINDER
All good from my side,NO_INTENT
Don’t let me forget the meeting.,REMINDER
Ping me to review PR.,REMINDER
Makes sense,NO_INTENT
Prepare slides for demo,TASK
Remind me to update Jira,REMINDER
Thanks,NO_INTENT
Sprint planning tomorrow,EVENT
Update the doc in Confluence.,TASK
Review the PR,TASK
check the logs.,TASK
Okay got it,NO_INTENT
Finish the feature today,TASK
i was on leave yesterday.,NO_INTENT
done already.,NO_INTENT
Need a reminder for demo,REMINDER
All good from my side,NO_INTENT
Client call tomorrow,EVENT
No issues so far.,NO_INTENT
Raise a Jira ticket,TASK
Townhall next week.,EVENT
Reminder to push code,REMINDER
Complete the test cases,TASK
I was on leave yesterday,NO_INTENT
1:1 with manager today,EVENT
Don’t let me forget the meeting,REMINDER
Done already.,NO_INTENT
Push the code to main,TASK
1:1 with manager today.,EVENT
Fix the prod bug,TASK
Okay got it,NO_INTENT
remind me to check logs.,REMINDER
i was on leave yesterday,NO_INTENT
Meeting with QA post lunch,EVENT
Run regression tests.,TASK
Deploy to staging,TASK
Remind me about PR review,REMINDER
Review the PR,TASK
1:1 with manager today,EVENT
Sounds good.,NO_INTENT
Makes sense.,NO_INTENT
Thanks,NO_INTENT
Let’s sync at 4 today,EVENT
sounds good.,NO_INTENT
Let’s sync at 4 today,EVENT
Raise a Jira ticket.,TASK
Remind me about PR review,REMINDER
sounds good.,NO_INTENT
Please remind me before EOD,REMINDER
Looks good to me,NO_INTENT
please remind me before eod,REMINDER
Check the logs.,TASK
No issues so far.,NO_INTENT
Sounds good.,NO_INTENT
Remind me to update Jira,REMINDER
Demo scheduled for Friday,EVENT
we discussed this earlier,NO_INTENT
remind me to submit timesheet,REMINDER
Interview moved to Monday,EVENT
Noted,NO_INTENT
Don’t let me forget the meeting,REMINDER
Standup at 10am,EVENT
Cool,NO_INTENT
client call tomorrow,EVENT
Update environment configs.,TASK
Need a reminder for demo,REMINDER
Makes sense,NO_INTENT
No issues so far,NO_INTENT
Remind me to submit timesheet,REMINDER
Meeting with QA post lunch,EVENT
merge the branch,TASK
Done already.,NO_INTENT
Remind me to submit timesheet,REMINDER
1:1 with manager today.,EVENT
Quick call now,EVENT
Looks good to me,NO_INTENT
Noted,NO_INTENT
Demo scheduled for Friday.,EVENT
Townhall next week,EVENT
Review the PR.,TASK
Release call tonight,EVENT
Merge the branch.,TASK
Set a reminder for standup,REMINDER
Release call tonight,EVENT
Reminder for sprint retro,REMINDER
check the logs.,TASK
Update the doc in Confluence.,TASK
Fix the prod bug,TASK
Review the PR.,TASK
Sounds good,NO_INTENT
Thanks.,NO_INTENT
Cool.,NO_INTENT
Haha okay,NO_INTENT
I was on leave yesterday,NO_INTENT
Thanks,NO_INTENT
Can you remind me later,REMINDER
client call tomorrow,EVENT
Complete the test cases.,TASK
Run regression tests,TASK
Validate API responses.,TASK
Update the doc in Confluence,TASK
1:1 with manager today,EVENT
Tech discussion at 3 PM,EVENT
Remind me to check logs,REMINDER
Remind me to check logs.,REMINDER
Check the logs,TASK
run regression tests.,TASK
Validate API responses.,TASK
lol that’s funny.,NO_INTENT
i was on leave yesterday,NO_INTENT
Noted,NO_INTENT
planning session this evening,EVENT
remind me to deploy after lunch,REMINDER
Prod issue call in 10 mins,EVENT
Okay got it,NO_INTENT
Demo scheduled for Friday,EVENT
Close the ticket,TASK
no issues so far.,NO_INTENT
Update the doc in Confluence.,TASK
Review the PR.,TASK
reminder for sprint retro,REMINDER
Haha okay,NO_INTENT
Remind me to check logs,REMINDER
Prepare slides for demo.,TASK
Merge the branch.,TASK
Let’s sync at 4 today,EVENT
Remind me to deploy after lunch,REMINDER
Please remind me before EOD,REMINDER
Remind me about PR review,REMINDER
Daily scrum at 11,EVENT
Thanks,NO_INTENT
Please remind me before EOD,REMINDER
1:1 with manager today,EVENT
Merge the branch,TASK
Sprint planning tomorrow,EVENT
complete the test cases,TASK
We discussed this earlier,NO_INTENT
sprint planning tomorrow,EVENT
Interview moved to Monday,EVENT
Cool,NO_INTENT
