input_text,target_text
Tell Rohit to schedule the client meeting,Schedule the client meeting
Ping Rohit and plan the next sprint tasks,Plan the next sprint tasks
Message Sanjay to confirm interview timings,Confirm interview timings
Text Rahul to book the conference room,Book the conference room
Text Isha to check the bug fixes,Check the bug fixes
Ping Isha and prepare the meeting notes,Prepare the meeting notes
Ask Priya if they can share the new code files,Can you share the new code files?
Ask Rina to send the invoice to finance,Send the invoice to finance
Ping Meera and finalize the budget report,Finalize the budget report
Ping Sneha and schedule the client meeting,Schedule the client meeting
Request Rohit to prepare the meeting notes,Prepare the meeting notes
Ask Isha if they can push the changes to GitHub,Can you push the changes to GitHub?
Text John to review the latest pull request,Review the latest pull request
Ask Rina to prepare the meeting notes,Prepare the meeting notes
Tell Divya to book the conference room,Book the conference room
Request Isha to check the bug fixes,Check the bug fixes
Ask Rahul to schedule the client meeting,Schedule the client meeting
Remind Isha to send the invoice to finance,Send the invoice to finance
Tell Sanjay to book the conference room,Book the conference room
Ping Karan and upload the test results,Upload the test results
Ask Divya if they can schedule the client meeting,Can you schedule the client meeting?
Ask Sneha to send the invoice to finance,Send the invoice to finance
Ping Priya and review the presentation slides,Review the presentation slides
Ask Rohit if they can finalize the budget report,Can you finalize the budget report?
Remind Sneha to update the deployment plan,Update the deployment plan
Ask Meera if they can review the presentation slides,Can you review the presentation slides?
Text Neha to check the bug fixes,Check the bug fixes
Inform Alex to send a summary of today’s meeting,Send a summary of today’s meeting
Send a message to Neha to finalize the budget report,Finalize the budget report
Ping John and finalize the budget report,Finalize the budget report
Tell Karan to review the presentation slides,Review the presentation slides
Send a message to Meera to check the bug fixes,Check the bug fixes
Ask Rina if they can prepare the meeting notes,Can you prepare the meeting notes?
Ping John and prepare the meeting notes,Prepare the meeting notes
Message Sanjay to review the presentation slides,Review the presentation slides
Ping Rahul and push the changes to GitHub,Push the changes to GitHub
Message Meera to book the conference room,Book the conference room
Message Neha to submit the daily report,Submit the daily report
Tell Rohit to schedule the client meeting,Schedule the client meeting
Request Rina to share the new code files,Share the new code files
Request Rina to share the new code files,Share the new code files
Ask Riya to confirm interview timings,Confirm interview timings
Send a message to Riya to review the latest pull request,Review the latest pull request
Ping Karan and bring the laptop tomorrow,Bring the laptop tomorrow
Text Rina to send the invoice to finance,Send the invoice to finance
Remind Priya to upload the test results,Upload the test results
Tell Rina to send me the project update,Send me the project update
Send a message to Neha to review the latest pull request,Review the latest pull request
Message Sneha to send me the project update,Send me the project update
Tell Sneha to prepare the meeting notes,Prepare the meeting notes
Ask Rohit if they can prepare the meeting notes,Can you prepare the meeting notes?
Ping Alex and finalize the budget report,Finalize the budget report
Ask Rahul if they can push the changes to GitHub,Can you push the changes to GitHub?
Message Sneha to submit the daily report,Submit the daily report
Text Neha to review the presentation slides,Review the presentation slides
Remind Rina to book the conference room,Book the conference room
Tell Neha to share the onboarding document,Share the onboarding document
Remind Alex to bring the laptop tomorrow,Bring the laptop tomorrow
Ask Meera if they can book the conference room,Can you book the conference room?
Send a message to Rahul to prepare the meeting notes,Prepare the meeting notes
Message Divya to book the conference room,Book the conference room
Remind Neha to send me the project update,Send me the project update
Text Sanjay to push the changes to GitHub,Push the changes to GitHub
Send a message to Isha to prepare the meeting notes,Prepare the meeting notes
Ask Isha if they can submit the daily report,Can you submit the daily report?
Request Karan to confirm interview timings,Confirm interview timings
Ask Alex to draft the new proposal,Draft the new proposal
Send a message to Priya to send me the project update,Send me the project update
Ping Isha and plan the next sprint tasks,Plan the next sprint tasks
Ask Sanjay to send a summary of today’s meeting,Send a summary of today’s meeting
Tell Neha to send the invoice to finance,Send the invoice to finance
Ping Priya and finalize the budget report,Finalize the budget report
Ask Ankit to submit the daily report,Submit the daily report
Text Divya to schedule the client meeting,Schedule the client meeting
Inform Priya to review the presentation slides,Review the presentation slides
Remind Rohit to plan the next sprint tasks,Plan the next sprint tasks
Ping Rohit and share the new code files,Share the new code files
Ask Rina to review the presentation slides,Review the presentation slides
Inform Rohit to prepare the meeting notes,Prepare the meeting notes
Remind Ankit to plan the next sprint tasks,Plan the next sprint tasks
Message Rohit to draft the new proposal,Draft the new proposal
Ask Meera if they can send the invoice to finance,Can you send the invoice to finance?
Text Priya to confirm interview timings,Confirm interview timings
Ask Meera to update the deployment plan,Update the deployment plan
Request Sneha to plan the next sprint tasks,Plan the next sprint tasks
Ask Riya to draft the new proposal,Draft the new proposal
Message Neha to prepare the meeting notes,Prepare the meeting notes
Request Riya to plan the next sprint tasks,Plan the next sprint tasks
Remind Ankit to share the onboarding document,Share the onboarding document
Ask Rina to push the changes to GitHub,Push the changes to GitHub
Ping Ankit and plan the next sprint tasks,Plan the next sprint tasks
Tell Sanjay to draft the new proposal,Draft the new proposal
Send a message to Karan to submit the daily report,Submit the daily report
Request Priya to book the conference room,Book the conference room
Tell Rahul to draft the new proposal,Draft the new proposal
Ping Rohit and schedule the client meeting,Schedule the client meeting
Ask Ankit to share the new code files,Share the new code files
Remind John to plan the next sprint tasks,Plan the next sprint tasks
Tell Meera to send me the project update,Send me the project update
Text Priya to submit the daily report,Submit the daily report
Ask Rina if they can finalize the budget report,Can you finalize the budget report?
Ask Sneha to confirm interview timings,Confirm interview timings
Request Riya to submit the daily report,Submit the daily report
Message Priya to send the invoice to finance,Send the invoice to finance
Request Priya to review the presentation slides,Review the presentation slides
Inform Riya to upload the test results,Upload the test results
Ask Neha to send me the project update,Send me the project update
Text Priya to plan the next sprint tasks,Plan the next sprint tasks
Message Rohit to send me the project update,Send me the project update
Request Ankit to finalize the budget report,Finalize the budget report
Text Priya to check the bug fixes,Check the bug fixes
Request Karan to draft the new proposal,Draft the new proposal
Ask Neha to submit the daily report,Submit the daily report
Send a message to Neha to update the deployment plan,Update the deployment plan
Request Isha to schedule the client meeting,Schedule the client meeting
Tell Isha to draft the new proposal,Draft the new proposal
Send a message to Riya to plan the next sprint tasks,Plan the next sprint tasks
Tell Sneha to submit the daily report,Submit the daily report
Remind Rohit to update the deployment plan,Update the deployment plan
Remind Alex to update the deployment plan,Update the deployment plan
Ask Meera if they can schedule the client meeting,Can you schedule the client meeting?
Remind Rohit to push the changes to GitHub,Push the changes to GitHub
Send a message to Sneha to confirm interview timings,Confirm interview timings
Ping Sanjay and schedule the client meeting,Schedule the client meeting
Request Sanjay to upload the test results,Upload the test results
Remind Ankit to book the conference room,Book the conference room
Message Riya to send the invoice to finance,Send the invoice to finance
Ask Rohit if they can finalize the budget report,Can you finalize the budget report?
Remind Divya to review the presentation slides,Review the presentation slides
Text Priya to submit the daily report,Submit the daily report
Request Sanjay to review the latest pull request,Review the latest pull request
Inform Sanjay to finalize the budget report,Finalize the budget report
Request Isha to prepare the meeting notes,Prepare the meeting notes
Ask John to update the deployment plan,Update the deployment plan
Request Karan to send a summary of today’s meeting,Send a summary of today’s meeting
Ask Meera to send me the project update,Send me the project update
Ask Karan if they can share the new code files,Can you share the new code files?
Tell Isha to review the presentation slides,Review the presentation slides
Inform Meera to share the onboarding document,Share the onboarding document
Tell Sneha to send a summary of today’s meeting,Send a summary of today’s meeting
Ping Rahul and review the presentation slides,Review the presentation slides
Remind Rohit to finalize the budget report,Finalize the budget report
Tell Karan to share the new code files,Share the new code files
Ask Riya if they can finalize the budget report,Can you finalize the budget report?
Ask Alex to send me the project update,Send me the project update
Ask Karan to plan the next sprint tasks,Plan the next sprint tasks
Remind Sneha to finalize the budget report,Finalize the budget report
Inform Ankit to schedule the client meeting,Schedule the client meeting
Ask Rina if they can check the bug fixes,Can you check the bug fixes?
Message Rohit to plan the next sprint tasks,Plan the next sprint tasks
Ask John to bring the laptop tomorrow,Bring the laptop tomorrow
Ping Ankit and send me the project update,Send me the project update
Tell John to send a summary of today’s meeting,Send a summary of today’s meeting
Message Rina to share the onboarding document,Share the onboarding document
Tell John to submit the daily report,Submit the daily report
Send a message to Alex to confirm interview timings,Confirm interview timings
Ping Sneha and upload the test results,Upload the test results
Remind Rina to share the onboarding document,Share the onboarding document
Message Karan to bring the laptop tomorrow,Bring the laptop tomorrow
Ping Riya and submit the daily report,Submit the daily report
Inform Karan to push the changes to GitHub,Push the changes to GitHub
Inform Rina to upload the test results,Upload the test results
Tell Neha to review the presentation slides,Review the presentation slides
Tell Ankit to send a summary of today’s meeting,Send a summary of today’s meeting
Ping Divya and share the onboarding document,Share the onboarding document
Ask Isha if they can confirm interview timings,Can you confirm interview timings?
Send a message to Neha to send me the project update,Send me the project update
Ask Riya if they can share the new code files,Can you share the new code files?
Ask Rahul if they can review the latest pull request,Can you review the latest pull request?
Ask Rohit to draft the new proposal,Draft the new proposal
Inform Alex to send the invoice to finance,Send the invoice to finance
Message Rahul to schedule the client meeting,Schedule the client meeting
Send a message to Alex to book the conference room,Book the conference room
Ping Isha and send me the project update,Send me the project update
Remind Divya to schedule the client meeting,Schedule the client meeting
Text John to prepare the meeting notes,Prepare the meeting notes
Ask Isha if they can send a summary of today’s meeting,Can you send a summary of today’s meeting?
Ask Alex if they can prepare the meeting notes,Can you prepare the meeting notes?
Request Meera to send me the project update,Send me the project update
Send a message to Rohit to review the latest pull request,Review the latest pull request
Inform Riya to send a summary of today’s meeting,Send a summary of today’s meeting
Ask Neha if they can review the latest pull request,Can you review the latest pull request?
Ask Sanjay if they can plan the next sprint tasks,Can you plan the next sprint tasks?
Request Sanjay to prepare the meeting notes,Prepare the meeting notes
Ask Neha if they can update the deployment plan,Can you update the deployment plan?
Request Rina to submit the daily report,Submit the daily report
Request Karan to upload the test results,Upload the test results
Ask Rohit to share the new code files,Share the new code files
Ping Sneha and book the conference room,Book the conference room
Ask Divya to confirm interview timings,Confirm interview timings
Inform Meera to review the presentation slides,Review the presentation slides
Ask Sanjay if they can check the bug fixes,Can you check the bug fixes?
Text Sanjay to send me the project update,Send me the project update
Request Sneha to send a summary of today’s meeting,Send a summary of today’s meeting
Inform Meera to send a summary of today’s meeting,Send a summary of today’s meeting
Ask Rahul if they can schedule the client meeting,Can you schedule the client meeting?
Request Riya to check the bug fixes,Check the bug fixes
Ping Karan and send a summary of today’s meeting,Send a summary of today’s meeting
Tell Sanjay to upload the test results,Upload the test results
Ask Rohit if they can submit the daily report,Can you submit the daily report?
Ping Isha and send me the project update,Send me the project update
Message Riya to confirm interview timings,Confirm interview timings
Inform Isha to book the conference room,Book the conference room
Tell Priya to push the changes to GitHub,Push the changes to GitHub
Tell Rohit to send me the project update,Send me the project update
Text Alex to draft the new proposal,Draft the new proposal
Inform John to upload the test results,Upload the test results
Ask Rohit to schedule the client meeting,Schedule the client meeting
Ping Priya and check the bug fixes,Check the bug fixes
Ask Rina if they can confirm interview timings,Can you confirm interview timings?
Request Riya to finalize the budget report,Finalize the budget report
Inform Divya to prepare the meeting notes,Prepare the meeting notes
Remind Karan to book the conference room,Book the conference room
Ping Rahul and plan the next sprint tasks,Plan the next sprint tasks
Ask Karan if they can plan the next sprint tasks,Can you plan the next sprint tasks?
Remind Rina to upload the test results,Upload the test results
Ask John if they can check the bug fixes,Can you check the bug fixes?
Tell Isha to confirm interview timings,Confirm interview timings
Ask Priya if they can review the latest pull request,Can you review the latest pull request?
Ask Priya if they can bring the laptop tomorrow,Can you bring the laptop tomorrow?
Tell Isha to review the presentation slides,Review the presentation slides
Tell Divya to confirm interview timings,Confirm interview timings
Inform Sanjay to schedule the client meeting,Schedule the client meeting
Ask Sneha if they can push the changes to GitHub,Can you push the changes to GitHub?
Text Alex to share the new code files,Share the new code files
Ask Rohit to finalize the budget report,Finalize the budget report
Send a message to Neha to send me the project update,Send me the project update
Remind Riya to upload the test results,Upload the test results
Send a message to Divya to schedule the client meeting,Schedule the client meeting
Inform Alex to share the new code files,Share the new code files
Ask Ankit if they can bring the laptop tomorrow,Can you bring the laptop tomorrow?
Ask Riya if they can prepare the meeting notes,Can you prepare the meeting notes?
Ask Karan to send a summary of today’s meeting,Send a summary of today’s meeting
Inform Rina to confirm interview timings,Confirm interview timings
Ping Rina and push the changes to GitHub,Push the changes to GitHub
Message Rohit to share the onboarding document,Share the onboarding document
Remind Isha to send a summary of today’s meeting,Send a summary of today’s meeting
Inform Rahul to send the invoice to finance,Send the invoice to finance
Request John to send me the project update,Send me the project update
Inform Priya to send the invoice to finance,Send the invoice to finance
Request Priya to finalize the budget report,Finalize the budget report
Message Karan to finalize the budget report,Finalize the budget report
Request Rahul to share the new code files,Share the new code files
Ask Rohit if they can submit the daily report,Can you submit the daily report?
Request Riya to plan the next sprint tasks,Plan the next sprint tasks
Message Ankit to send a summary of today’s meeting,Send a summary of today’s meeting
Inform Rohit to bring the laptop tomorrow,Bring the laptop tomorrow
Ask Ankit if they can draft the new proposal,Can you draft the new proposal?
Ping Divya and send the invoice to finance,Send the invoice to finance
Inform Meera to prepare the meeting notes,Prepare the meeting notes
Send a message to Divya to bring the laptop tomorrow,Bring the laptop tomorrow
Remind Ankit to submit the daily report,Submit the daily report
Message Divya to confirm interview timings,Confirm interview timings
Ask Sneha to schedule the client meeting,Schedule the client meeting
Ask Neha to review the presentation slides,Review the presentation slides
Ask John to confirm interview timings,Confirm interview timings
Send a message to Neha to review the presentation slides,Review the presentation slides
Tell Neha to push the changes to GitHub,Push the changes to GitHub
Text Isha to review the presentation slides,Review the presentation slides
Text Sneha to send me the project update,Send me the project update
Text Neha to book the conference room,Book the conference room
Request Rahul to check the bug fixes,Check the bug fixes
Text Sneha to share the onboarding document,Share the onboarding document
Inform Riya to plan the next sprint tasks,Plan the next sprint tasks
Remind Rohit to review the latest pull request,Review the latest pull request
Remind Ankit to bring the laptop tomorrow,Bring the laptop tomorrow
Message Rina to review the latest pull request,Review the latest pull request
Ping Neha and bring the laptop tomorrow,Bring the laptop tomorrow
Send a message to Sneha to submit the daily report,Submit the daily report
Ask Ankit if they can draft the new proposal,Can you draft the new proposal?
Ask Rina to share the onboarding document,Share the onboarding document
Ping Priya and send me the project update,Send me the project update
Send a message to Ankit to update the deployment plan,Update the deployment plan
Inform Sneha to send me the project update,Send me the project update
Tell Neha to send the invoice to finance,Send the invoice to finance
Remind Divya to send the invoice to finance,Send the invoice to finance
Ask Neha if they can check the bug fixes,Can you check the bug fixes?
Request Rina to update the deployment plan,Update the deployment plan
Text Ankit to schedule the client meeting,Schedule the client meeting
Remind Rahul to share the onboarding document,Share the onboarding document
Ask Neha if they can schedule the client meeting,Can you schedule the client meeting?
Ask Rina if they can submit the daily report,Can you submit the daily report?
Send a message to Ankit to review the presentation slides,Review the presentation slides
Request Rina to push the changes to GitHub,Push the changes to GitHub
Inform Sneha to review the latest pull request,Review the latest pull request
Request Meera to send me the project update,Send me the project update
Message Isha to upload the test results,Upload the test results
Remind Isha to plan the next sprint tasks,Plan the next sprint tasks
Inform Ankit to bring the laptop tomorrow,Bring the laptop tomorrow
Ask Neha to update the deployment plan,Update the deployment plan
Request Divya to submit the daily report,Submit the daily report
Request Rohit to push the changes to GitHub,Push the changes to GitHub
Send a message to Riya to finalize the budget report,Finalize the budget report
Remind Isha to submit the daily report,Submit the daily report
Inform Divya to share the new code files,Share the new code files
Ping John and submit the daily report,Submit the daily report
Text Meera to check the bug fixes,Check the bug fixes
Message Karan to bring the laptop tomorrow,Bring the laptop tomorrow
Ask Isha if they can check the bug fixes,Can you check the bug fixes?
Text John to prepare the meeting notes,Prepare the meeting notes
Message Sneha to finalize the budget report,Finalize the budget report
Text Riya to send me the project update,Send me the project update
Inform Riya to prepare the meeting notes,Prepare the meeting notes
Message Sneha to upload the test results,Upload the test results
Request Meera to review the presentation slides,Review the presentation slides
Ping Karan and send a summary of today’s meeting,Send a summary of today’s meeting
Request Sanjay to send the invoice to finance,Send the invoice to finance
Ask Ankit if they can push the changes to GitHub,Can you push the changes to GitHub?
Ask Meera to draft the new proposal,Draft the new proposal
Request Rina to upload the test results,Upload the test results
Send a message to Alex to book the conference room,Book the conference room
Request Karan to draft the new proposal,Draft the new proposal
Request Divya to book the conference room,Book the conference room
Request Sneha to upload the test results,Upload the test results
Inform Isha to push the changes to GitHub,Push the changes to GitHub
Ping Riya and draft the new proposal,Draft the new proposal
Remind Riya to send me the project update,Send me the project update
Ask Sneha to check the bug fixes,Check the bug fixes
Ask John if they can update the deployment plan,Can you update the deployment plan?
Ask Sanjay if they can finalize the budget report,Can you finalize the budget report?
Text Riya to book the conference room,Book the conference room
Ping Ankit and push the changes to GitHub,Push the changes to GitHub
Request Meera to update the deployment plan,Update the deployment plan
Ask Priya to finalize the budget report,Finalize the budget report
Request Karan to send me the project update,Send me the project update
Text Riya to share the onboarding document,Share the onboarding document
Send a message to John to confirm interview timings,Confirm interview timings
Send a message to Divya to share the onboarding document,Share the onboarding document
Text Ankit to schedule the client meeting,Schedule the client meeting
Text Meera to send a summary of today’s meeting,Send a summary of today’s meeting
Send a message to Rahul to finalize the budget report,Finalize the budget report
Message Sanjay to upload the test results,Upload the test results
Ask Ankit if they can submit the daily report,Can you submit the daily report?
Remind Rahul to draft the new proposal,Draft the new proposal
Ping John and review the presentation slides,Review the presentation slides
Inform Karan to send me the project update,Send me the project update
Message Rahul to review the presentation slides,Review the presentation slides
Text Sanjay to submit the daily report,Submit the daily report
Request Ankit to finalize the budget report,Finalize the budget report
Ping Isha and prepare the meeting notes,Prepare the meeting notes
Send a message to Riya to send a summary of today’s meeting,Send a summary of today’s meeting
Ping Sneha and share the new code files,Share the new code files
Tell Sanjay to push the changes to GitHub,Push the changes to GitHub
Ask Priya to push the changes to GitHub,Push the changes to GitHub
Inform Rina to update the deployment plan,Update the deployment plan
Text Priya to share the new code files,Share the new code files
Text Priya to prepare the meeting notes,Prepare the meeting notes
Message Alex to plan the next sprint tasks,Plan the next sprint tasks
Message Meera to send me the project update,Send me the project update
Ask Alex if they can plan the next sprint tasks,Can you plan the next sprint tasks?
Ask Meera to prepare the meeting notes,Prepare the meeting notes
Ask Sanjay to plan the next sprint tasks,Plan the next sprint tasks
Tell Divya to send me the project update,Send me the project update
Text Rina to send a summary of today’s meeting,Send a summary of today’s meeting
Ask Rahul if they can share the onboarding document,Can you share the onboarding document?
Remind Meera to review the latest pull request,Review the latest pull request
Tell Karan to send me the project update,Send me the project update
Ping Priya and prepare the meeting notes,Prepare the meeting notes
Message Meera to update the deployment plan,Update the deployment plan
Ping Rahul and send the invoice to finance,Send the invoice to finance
Inform Priya to draft the new proposal,Draft the new proposal
Ask Meera to plan the next sprint tasks,Plan the next sprint tasks
Ping Rahul and share the onboarding document,Share the onboarding document
Request Karan to plan the next sprint tasks,Plan the next sprint tasks
Ask Meera if they can share the onboarding document,Can you share the onboarding document?
Inform Rahul to review the latest pull request,Review the latest pull request
Tell John to send a summary of today’s meeting,Send a summary of today’s meeting
Remind Rina to review the presentation slides,Review the presentation slides
Ask Isha to share the new code files,Share the new code files
Ask Divya to submit the daily report,Submit the daily report
Inform Neha to confirm interview timings,Confirm interview timings
Text Neha to upload the test results,Upload the test results
Ping Rahul and share the new code files,Share the new code files
Message Divya to share the onboarding document,Share the onboarding document
Send a message to John to update the deployment plan,Update the deployment plan
Remind Sanjay to send the invoice to finance,Send the invoice to finance
Inform Rohit to review the latest pull request,Review the latest pull request
Ask Meera to update the deployment plan,Update the deployment plan
Message Alex to bring the laptop tomorrow,Bring the laptop tomorrow
Request Sanjay to bring the laptop tomorrow,Bring the laptop tomorrow
Message Priya to bring the laptop tomorrow,Bring the laptop tomorrow
Ping John and share the onboarding document,Share the onboarding document
Message Sanjay to book the conference room,Book the conference room
Ping John and share the new code files,Share the new code files
Text Sneha to draft the new proposal,Draft the new proposal
Ping John and check the bug fixes,Check the bug fixes
Text Divya to send me the project update,Send me the project update
Ask Meera to review the latest pull request,Review the latest pull request
Ask Isha if they can schedule the client meeting,Can you schedule the client meeting?
Remind Priya to review the presentation slides,Review the presentation slides
Text Ankit to confirm interview timings,Confirm interview timings
Send a message to Karan to share the new code files,Share the new code files
Send a message to Sneha to review the presentation slides,Review the presentation slides
Request Rahul to bring the laptop tomorrow,Bring the laptop tomorrow
Text Isha to send me the project update,Send me the project update
Inform Rina to review the presentation slides,Review the presentation slides
Ask Riya to draft the new proposal,Draft the new proposal
Ping Meera and review the presentation slides,Review the presentation slides
Ask Priya if they can send the invoice to finance,Can you send the invoice to finance?
Send a message to Isha to schedule the client meeting,Schedule the client meeting
Remind Karan to share the new code files,Share the new code files
Tell Sneha to upload the test results,Upload the test results
Ask Rahul to finalize the budget report,Finalize the budget report
Text John to push the changes to GitHub,Push the changes to GitHub
Ask Rohit if they can send the invoice to finance,Can you send the invoice to finance?
Tell Karan to plan the next sprint tasks,Plan the next sprint tasks
Ask Priya if they can bring the laptop tomorrow,Can you bring the laptop tomorrow?
Remind Karan to schedule the client meeting,Schedule the client meeting
Inform Meera to share the onboarding document,Share the onboarding document
Message John to review the latest pull request,Review the latest pull request
Ask Rina to push the changes to GitHub,Push the changes to GitHub
Send a message to Meera to send a summary of today’s meeting,Send a summary of today’s meeting
Ask Karan if they can send the invoice to finance,Can you send the invoice to finance?
Ping Priya and draft the new proposal,Draft the new proposal
Text Priya to check the bug fixes,Check the bug fixes
Text Rohit to send the invoice to finance,Send the invoice to finance
Text Rahul to check the bug fixes,Check the bug fixes
Inform Rina to schedule the client meeting,Schedule the client meeting
Inform Alex to send a summary of today’s meeting,Send a summary of today’s meeting
Ask Neha if they can submit the daily report,Can you submit the daily report?
Ask Rohit to prepare the meeting notes,Prepare the meeting notes
Inform Neha to share the new code files,Share the new code files
Request Rohit to review the presentation slides,Review the presentation slides
Remind John to check the bug fixes,Check the bug fixes
Ask Ankit if they can schedule the client meeting,Can you schedule the client meeting?
Send a message to Neha to confirm interview timings,Confirm interview timings
Remind Ankit to schedule the client meeting,Schedule the client meeting
Remind Rohit to plan the next sprint tasks,Plan the next sprint tasks
Remind Rina to submit the daily report,Submit the daily report
Send a message to Riya to send the invoice to finance,Send the invoice to finance
Send a message to Riya to draft the new proposal,Draft the new proposal
Message Sanjay to push the changes to GitHub,Push the changes to GitHub
Request Rahul to share the new code files,Share the new code files
Inform Riya to bring the laptop tomorrow,Bring the laptop tomorrow
Ping Meera and review the presentation slides,Review the presentation slides
Text Neha to send the invoice to finance,Send the invoice to finance
Send a message to Isha to check the bug fixes,Check the bug fixes
Message Rahul to upload the test results,Upload the test results
Tell Riya to share the onboarding document,Share the onboarding document
Text Riya to review the latest pull request,Review the latest pull request
Text Rahul to review the presentation slides,Review the presentation slides
Request Priya to push the changes to GitHub,Push the changes to GitHub
Text Rahul to finalize the budget report,Finalize the budget report
Ask Alex to update the deployment plan,Update the deployment plan
Send a message to Rahul to review the latest pull request,Review the latest pull request
Ping Priya and schedule the client meeting,Schedule the client meeting
Request Rina to review the latest pull request,Review the latest pull request
Ask Karan if they can review the latest pull request,Can you review the latest pull request?
Remind Ankit to submit the daily report,Submit the daily report
Ping Karan and send me the project update,Send me the project update
Tell Rohit to submit the daily report,Submit the daily report
Tell Sanjay to draft the new proposal,Draft the new proposal
Inform Meera to send me the project update,Send me the project update
Remind Neha to confirm interview timings,Confirm interview timings
Remind Riya to schedule the client meeting,Schedule the client meeting
Request Rohit to submit the daily report,Submit the daily report
Remind Riya to review the presentation slides,Review the presentation slides
Ask Sanjay to send me the project update,Send me the project update
Inform Priya to send a summary of today’s meeting,Send a summary of today’s meeting
Ping Isha and share the onboarding document,Share the onboarding document
Ask Ankit to upload the test results,Upload the test results
Remind Sneha to confirm interview timings,Confirm interview timings
Remind Rohit to review the latest pull request,Review the latest pull request
Ask Rahul to submit the daily report,Submit the daily report
Message Sanjay to bring the laptop tomorrow,Bring the laptop tomorrow
Text Priya to schedule the client meeting,Schedule the client meeting
Send a message to Meera to push the changes to GitHub,Push the changes to GitHub
Ping Riya and send the invoice to finance,Send the invoice to finance
Send a message to Rahul to share the new code files,Share the new code files
Message Neha to share the new code files,Share the new code files
Send a message to Karan to prepare the meeting notes,Prepare the meeting notes
Inform Divya to review the presentation slides,Review the presentation slides
Tell Divya to send a summary of today’s meeting,Send a summary of today’s meeting
Request Divya to send the invoice to finance,Send the invoice to finance
Send a message to Karan to finalize the budget report,Finalize the budget report
Ask Rohit to schedule the client meeting,Schedule the client meeting
Request Karan to draft the new proposal,Draft the new proposal
Text Rahul to book the conference room,Book the conference room
Send a message to Karan to book the conference room,Book the conference room
Ping John and send the invoice to finance,Send the invoice to finance
Tell Rina to check the bug fixes,Check the bug fixes
Tell Meera to bring the laptop tomorrow,Bring the laptop tomorrow
Tell Rahul to schedule the client meeting,Schedule the client meeting
Inform Neha to review the latest pull request,Review the latest pull request
Remind Isha to update the deployment plan,Update the deployment plan
Remind Meera to prepare the meeting notes,Prepare the meeting notes
Remind Rohit to draft the new proposal,Draft the new proposal
Ask Sneha to finalize the budget report,Finalize the budget report
Request Sneha to review the presentation slides,Review the presentation slides
Request Rahul to review the latest pull request,Review the latest pull request
Send a message to Rahul to finalize the budget report,Finalize the budget report
Inform Rahul to upload the test results,Upload the test results
Request Rina to update the deployment plan,Update the deployment plan
Request Priya to finalize the budget report,Finalize the budget report
Ping Rina and upload the test results,Upload the test results
Ping Isha and submit the daily report,Submit the daily report
Text Priya to send a summary of today’s meeting,Send a summary of today’s meeting
Request Isha to book the conference room,Book the conference room
Remind Neha to book the conference room,Book the conference room
Inform John to share the onboarding document,Share the onboarding document
Remind Neha to prepare the meeting notes,Prepare the meeting notes
Send a message to Rohit to share the onboarding document,Share the onboarding document
Ping Priya and prepare the meeting notes,Prepare the meeting notes
Ping Rohit and bring the laptop tomorrow,Bring the laptop tomorrow
Request Sanjay to review the latest pull request,Review the latest pull request
Remind Rahul to submit the daily report,Submit the daily report
Remind Riya to send me the project update,Send me the project update
Remind Ankit to finalize the budget report,Finalize the budget report
Ask John to upload the test results,Upload the test results
Tell Priya to send a summary of today’s meeting,Send a summary of today’s meeting
Inform Sanjay to push the changes to GitHub,Push the changes to GitHub
Ask Rohit if they can schedule the client meeting,Can you schedule the client meeting?
Message Sneha to send the invoice to finance,Send the invoice to finance
Inform Rohit to plan the next sprint tasks,Plan the next sprint tasks
Send a message to Alex to push the changes to GitHub,Push the changes to GitHub
Request Karan to confirm interview timings,Confirm interview timings
Message Neha to schedule the client meeting,Schedule the client meeting
Message Meera to share the onboarding document,Share the onboarding document
Request Rina to finalize the budget report,Finalize the budget report
Ask Meera to update the deployment plan,Update the deployment plan
Inform Divya to schedule the client meeting,Schedule the client meeting
Ask Rohit to check the bug fixes,Check the bug fixes
Tell Riya to send the invoice to finance,Send the invoice to finance
Request Rohit to send the invoice to finance,Send the invoice to finance
Ask Divya if they can bring the laptop tomorrow,Can you bring the laptop tomorrow?
Tell Rahul to share the new code files,Share the new code files
Ping Sneha and schedule the client meeting,Schedule the client meeting
Send a message to Karan to share the onboarding document,Share the onboarding document
Ask Rahul if they can update the deployment plan,Can you update the deployment plan?
Send a message to Ankit to check the bug fixes,Check the bug fixes
Message Divya to review the presentation slides,Review the presentation slides
Ping Rina and schedule the client meeting,Schedule the client meeting
Text Isha to send me the project update,Send me the project update
Remind Sneha to review the presentation slides,Review the presentation slides
Inform Neha to send a summary of today’s meeting,Send a summary of today’s meeting
Ask Priya to send the invoice to finance,Send the invoice to finance
Ping Riya and schedule the client meeting,Schedule the client meeting
Request Ankit to draft the new proposal,Draft the new proposal
Message Sneha to finalize the budget report,Finalize the budget report
Ask Isha if they can push the changes to GitHub,Can you push the changes to GitHub?
Inform Alex to confirm interview timings,Confirm interview timings
Ask Alex if they can finalize the budget report,Can you finalize the budget report?
Ping Priya and send a summary of today’s meeting,Send a summary of today’s meeting
Message Meera to draft the new proposal,Draft the new proposal
Remind John to upload the test results,Upload the test results
Remind Karan to update the deployment plan,Update the deployment plan
Send a message to Rohit to prepare the meeting notes,Prepare the meeting notes
Request Divya to push the changes to GitHub,Push the changes to GitHub
Ping Sneha and share the new code files,Share the new code files
Text Divya to share the onboarding document,Share the onboarding document
Ping John and review the presentation slides,Review the presentation slides
Ping Meera and upload the test results,Upload the test results
Tell Isha to update the deployment plan,Update the deployment plan
Text Neha to review the latest pull request,Review the latest pull request
Tell Rina to schedule the client meeting,Schedule the client meeting
Message Ankit to schedule the client meeting,Schedule the client meeting
Message Sneha to book the conference room,Book the conference room
Message Divya to bring the laptop tomorrow,Bring the laptop tomorrow
Request Karan to confirm interview timings,Confirm interview timings
Ask Rahul if they can review the latest pull request,Can you review the latest pull request?
Send a message to Divya to schedule the client meeting,Schedule the client meeting
Request Sanjay to share the onboarding document,Share the onboarding document
Message Neha to draft the new proposal,Draft the new proposal
Inform Alex to review the latest pull request,Review the latest pull request
Request Sneha to send me the project update,Send me the project update
Tell John to draft the new proposal,Draft the new proposal
Send a message to Rohit to finalize the budget report,Finalize the budget report
Request Divya to bring the laptop tomorrow,Bring the laptop tomorrow
Ask Sneha to review the latest pull request,Review the latest pull request
Ask Alex to finalize the budget report,Finalize the budget report
Ping Neha and send a summary of today’s meeting,Send a summary of today’s meeting
Ping Neha and share the new code files,Share the new code files
Ping Priya and push the changes to GitHub,Push the changes to GitHub
Ping Priya and draft the new proposal,Draft the new proposal
Ask Meera if they can send a summary of today’s meeting,Can you send a summary of today’s meeting?
Inform Ankit to plan the next sprint tasks,Plan the next sprint tasks
Text Rohit to share the new code files,Share the new code files
Ask Isha to check the bug fixes,Check the bug fixes
Request Karan to upload the test results,Upload the test results
Ping Rohit and update the deployment plan,Update the deployment plan
Message Riya to confirm interview timings,Confirm interview timings
Ask Neha to check the bug fixes,Check the bug fixes
Message John to confirm interview timings,Confirm interview timings
Request Alex to confirm interview timings,Confirm interview timings
Ask Rina to submit the daily report,Submit the daily report
Remind Rina to review the presentation slides,Review the presentation slides
Ping Rahul and schedule the client meeting,Schedule the client meeting
Message Riya to review the latest pull request,Review the latest pull request
Message Rahul to book the conference room,Book the conference room
Send a message to Karan to upload the test results,Upload the test results
Remind Rina to book the conference room,Book the conference room
Ask Alex to plan the next sprint tasks,Plan the next sprint tasks
Ping Rohit and review the latest pull request,Review the latest pull request
Message Isha to upload the test results,Upload the test results
Ping Rohit and submit the daily report,Submit the daily report
Message Rina to confirm interview timings,Confirm interview timings
Ping Meera and prepare the meeting notes,Prepare the meeting notes
Ping Isha and prepare the meeting notes,Prepare the meeting notes
Text Priya to finalize the budget report,Finalize the budget report
Ask Neha to book the conference room,Book the conference room
Send a message to Priya to update the deployment plan,Update the deployment plan
Text Neha to check the bug fixes,Check the bug fixes
Remind Sanjay to draft the new proposal,Draft the new proposal
Text Priya to draft the new proposal,Draft the new proposal
Tell Neha to send the invoice to finance,Send the invoice to finance
Text Sneha to send the invoice to finance,Send the invoice to finance
Remind Sneha to share the onboarding document,Share the onboarding document
Inform Rohit to book the conference room,Book the conference room
Inform Priya to update the deployment plan,Update the deployment plan
Request Riya to share the new code files,Share the new code files
Inform Sanjay to share the onboarding document,Share the onboarding document
Request Karan to send me the project update,Send me the project update
Text Meera to push the changes to GitHub,Push the changes to GitHub
Ask Rina to confirm interview timings,Confirm interview timings
Send a message to Priya to send me the project update,Send me the project update
Remind Rohit to confirm interview timings,Confirm interview timings
Tell Alex to bring the laptop tomorrow,Bring the laptop tomorrow
Tell Riya to push the changes to GitHub,Push the changes to GitHub
Ask Ankit if they can plan the next sprint tasks,Can you plan the next sprint tasks?
Send a message to Sanjay to prepare the meeting notes,Prepare the meeting notes
Send a message to Rahul to review the latest pull request,Review the latest pull request
Ask Sneha to schedule the client meeting,Schedule the client meeting
Request Neha to draft the new proposal,Draft the new proposal
Ping Meera and share the new code files,Share the new code files
Inform Rohit to bring the laptop tomorrow,Bring the laptop tomorrow
Ask Rohit if they can confirm interview timings,Can you confirm interview timings?
Inform Sanjay to review the presentation slides,Review the presentation slides
Ask Rohit to update the deployment plan,Update the deployment plan
Ask Alex if they can send me the project update,Can you send me the project update?
Inform Rohit to share the new code files,Share the new code files
Send a message to Sanjay to draft the new proposal,Draft the new proposal
Ping Priya and update the deployment plan,Update the deployment plan
Ping Rina and bring the laptop tomorrow,Bring the laptop tomorrow
Ping Isha and book the conference room,Book the conference room
Remind Priya to share the new code files,Share the new code files
Tell Neha to book the conference room,Book the conference room
Send a message to Alex to check the bug fixes,Check the bug fixes
Ping Ankit and bring the laptop tomorrow,Bring the laptop tomorrow
Request Rahul to share the new code files,Share the new code files
Send a message to Rohit to prepare the meeting notes,Prepare the meeting notes
Tell Rina to push the changes to GitHub,Push the changes to GitHub
Ping Riya and finalize the budget report,Finalize the budget report
Ask Sanjay if they can update the deployment plan,Can you update the deployment plan?
Text Divya to finalize the budget report,Finalize the budget report
Ask Divya if they can submit the daily report,Can you submit the daily report?
Message Isha to draft the new proposal,Draft the new proposal
Inform Sanjay to plan the next sprint tasks,Plan the next sprint tasks
Ping Rina and prepare the meeting notes,Prepare the meeting notes
Ask Riya to push the changes to GitHub,Push the changes to GitHub
Inform Rohit to check the bug fixes,Check the bug fixes
Message Sanjay to draft the new proposal,Draft the new proposal
Ask John if they can schedule the client meeting,Can you schedule the client meeting?
Inform Sneha to push the changes to GitHub,Push the changes to GitHub
Text Rohit to draft the new proposal,Draft the new proposal
Text Priya to submit the daily report,Submit the daily report
Ask Karan to update the deployment plan,Update the deployment plan
Tell Priya to review the presentation slides,Review the presentation slides
Tell Isha to push the changes to GitHub,Push the changes to GitHub
Send a message to Karan to upload the test results,Upload the test results
Remind Karan to send a summary of today’s meeting,Send a summary of today’s meeting
Ping Rahul and bring the laptop tomorrow,Bring the laptop tomorrow
Remind John to bring the laptop tomorrow,Bring the laptop tomorrow
Send a message to Meera to send me the project update,Send me the project update
Ask Priya to update the deployment plan,Update the deployment plan
Tell Meera to share the onboarding document,Share the onboarding document
Message Riya to review the presentation slides,Review the presentation slides
Remind John to upload the test results,Upload the test results
Text Riya to send the invoice to finance,Send the invoice to finance
Tell Sanjay to prepare the meeting notes,Prepare the meeting notes
Tell Isha to book the conference room,Book the conference room
Ask Rohit to upload the test results,Upload the test results
Inform Meera to finalize the budget report,Finalize the budget report
Ask Riya if they can book the conference room,Can you book the conference room?
Ask Sanjay if they can review the presentation slides,Can you review the presentation slides?
Remind John to send a summary of today’s meeting,Send a summary of today’s meeting
Ask Neha if they can push the changes to GitHub,Can you push the changes to GitHub?
Message Sneha to send me the project update,Send me the project update
Ask Alex to review the presentation slides,Review the presentation slides
Inform Isha to bring the laptop tomorrow,Bring the laptop tomorrow
Send a message to Alex to plan the next sprint tasks,Plan the next sprint tasks
Remind Sanjay to share the new code files,Share the new code files
Tell Sneha to update the deployment plan,Update the deployment plan
Ask Riya to plan the next sprint tasks,Plan the next sprint tasks
Ping Isha and schedule the client meeting,Schedule the client meeting
Text Isha to send the invoice to finance,Send the invoice to finance
Message Riya to book the conference room,Book the conference room
Ask Sneha to send the invoice to finance,Send the invoice to finance
Ask Alex if they can push the changes to GitHub,Can you push the changes to GitHub?
Ping Riya and update the deployment plan,Update the deployment plan
Request Rahul to finalize the budget report,Finalize the budget report
Inform Priya to submit the daily report,Submit the daily report
Message Priya to book the conference room,Book the conference room
Ask Rahul to draft the new proposal,Draft the new proposal
Send a message to Priya to prepare the meeting notes,Prepare the meeting notes
Tell Rina to send a summary of today’s meeting,Send a summary of today’s meeting
Send a message to Ankit to plan the next sprint tasks,Plan the next sprint tasks
Ask Meera if they can send me the project update,Can you send me the project update?
Text Rahul to submit the daily report,Submit the daily report
Send a message to Riya to send me the project update,Send me the project update
Tell Sanjay to plan the next sprint tasks,Plan the next sprint tasks
Request Sanjay to send a summary of today’s meeting,Send a summary of today’s meeting
Ask Ankit to send the invoice to finance,Send the invoice to finance
Text Alex to draft the new proposal,Draft the new proposal
Tell Priya to bring the laptop tomorrow,Bring the laptop tomorrow
Inform Rahul to send me the project update,Send me the project update
Request Priya to review the presentation slides,Review the presentation slides
Message Rahul to bring the laptop tomorrow,Bring the laptop tomorrow
Ask Riya if they can check the bug fixes,Can you check the bug fixes?
Remind Isha to draft the new proposal,Draft the new proposal
Inform Ankit to check the bug fixes,Check the bug fixes
Request Neha to book the conference room,Book the conference room
Message Priya to review the latest pull request,Review the latest pull request
Tell Neha to submit the daily report,Submit the daily report
Ping Priya and send me the project update,Send me the project update
Ping Riya and finalize the budget report,Finalize the budget report
Text Priya to send me the project update,Send me the project update
Ping Rohit and review the presentation slides,Review the presentation slides
Request Riya to plan the next sprint tasks,Plan the next sprint tasks
Ask Sanjay if they can update the deployment plan,Can you update the deployment plan?
Inform Rina to draft the new proposal,Draft the new proposal
Ask Riya if they can prepare the meeting notes,Can you prepare the meeting notes?
Send a message to Ankit to review the latest pull request,Review the latest pull request
Text Sneha to book the conference room,Book the conference room
Send a message to Meera to review the latest pull request,Review the latest pull request
Message Sanjay to check the bug fixes,Check the bug fixes
Ping Rina and share the onboarding document,Share the onboarding document
Ask Isha if they can send me the project update,Can you send me the project update?
Send a message to Karan to prepare the meeting notes,Prepare the meeting notes
Ask Divya if they can review the latest pull request,Can you review the latest pull request?
Ask Sanjay if they can finalize the budget report,Can you finalize the budget report?
Text Sanjay to draft the new proposal,Draft the new proposal
Request John to check the bug fixes,Check the bug fixes
Text Neha to send the invoice to finance,Send the invoice to finance
Message Ankit to send a summary of today’s meeting,Send a summary of today’s meeting
Inform Rohit to bring the laptop tomorrow,Bring the laptop tomorrow
Send a message to John to confirm interview timings,Confirm interview timings
Inform John to plan the next sprint tasks,Plan the next sprint tasks
Text John to review the presentation slides,Review the presentation slides
Text Priya to check the bug fixes,Check the bug fixes
Tell Neha to send me the project update,Send me the project update
Request Rina to share the onboarding document,Share the onboarding document
Message Neha to share the onboarding document,Share the onboarding document
Ping Isha and prepare the meeting notes,Prepare the meeting notes
Tell John to confirm interview timings,Confirm interview timings
Inform Priya to review the latest pull request,Review the latest pull request
Ask Sanjay to share the onboarding document,Share the onboarding document
Request Priya to push the changes to GitHub,Push the changes to GitHub
Tell Karan to confirm interview timings,Confirm interview timings
Ask Rahul to share the new code files,Share the new code files
Request Priya to push the changes to GitHub,Push the changes to GitHub
Tell Isha to finalize the budget report,Finalize the budget report
Send a message to Sneha to send the invoice to finance,Send the invoice to finance
Ask Meera to push the changes to GitHub,Push the changes to GitHub
Request Sneha to send a summary of today’s meeting,Send a summary of today’s meeting
Ask Divya if they can review the latest pull request,Can you review the latest pull request?
Tell Ankit to upload the test results,Upload the test results
Send a message to Rohit to plan the next sprint tasks,Plan the next sprint tasks
Ask Ankit if they can push the changes to GitHub,Can you push the changes to GitHub?
Ask Alex to submit the daily report,Submit the daily report
Ask Sneha if they can review the presentation slides,Can you review the presentation slides?
Ask Karan if they can submit the daily report,Can you submit the daily report?
Remind John to share the new code files,Share the new code files
Text Neha to push the changes to GitHub,Push the changes to GitHub
Send a message to John to send me the project update,Send me the project update
Message Ankit to send the invoice to finance,Send the invoice to finance
Text Isha to prepare the meeting notes,Prepare the meeting notes
Message Riya to review the latest pull request,Review the latest pull request
Inform Rohit to plan the next sprint tasks,Plan the next sprint tasks
Ask Rahul to draft the new proposal,Draft the new proposal
Message Rina to send me the project update,Send me the project update
Message Meera to upload the test results,Upload the test results
Request Rina to prepare the meeting notes,Prepare the meeting notes
Send a message to Neha to upload the test results,Upload the test results
Ask Isha to review the latest pull request,Review the latest pull request
Tell John to send a summary of today’s meeting,Send a summary of today’s meeting
Ping Rina and confirm interview timings,Confirm interview timings
Send a message to Rahul to update the deployment plan,Update the deployment plan
Ask Sanjay to review the presentation slides,Review the presentation slides
Request Neha to check the bug fixes,Check the bug fixes
Tell Rahul to share the new code files,Share the new code files
Message Isha to push the changes to GitHub,Push the changes to GitHub
Remind Ankit to send a summary of today’s meeting,Send a summary of today’s meeting
Ping Sneha and send the invoice to finance,Send the invoice to finance
Tell Riya to review the latest pull request,Review the latest pull request
Send a message to Rina to review the presentation slides,Review the presentation slides
Send a message to Alex to review the latest pull request,Review the latest pull request
Inform Alex to book the conference room,Book the conference room
Text Rina to send the invoice to finance,Send the invoice to finance
Ask Sneha if they can share the new code files,Can you share the new code files?
Tell Priya to schedule the client meeting,Schedule the client meeting
Message Sneha to draft the new proposal,Draft the new proposal
Ask Sanjay if they can share the new code files,Can you share the new code files?
Request Divya to send me the project update,Send me the project update
Send a message to Meera to finalize the budget report,Finalize the budget report
Tell Sanjay to review the latest pull request,Review the latest pull request
Message Alex to review the presentation slides,Review the presentation slides
Text Karan to prepare the meeting notes,Prepare the meeting notes
Text John to prepare the meeting notes,Prepare the meeting notes
Text Rohit to bring the laptop tomorrow,Bring the laptop tomorrow
Send a message to Riya to confirm interview timings,Confirm interview timings
Ask Priya to send a summary of today’s meeting,Send a summary of today’s meeting
Inform Isha to push the changes to GitHub,Push the changes to GitHub
Remind Divya to review the latest pull request,Review the latest pull request
Send a message to Karan to push the changes to GitHub,Push the changes to GitHub
Text Karan to bring the laptop tomorrow,Bring the laptop tomorrow
Inform Ankit to book the conference room,Book the conference room
Tell Sanjay to finalize the budget report,Finalize the budget report
Ask Sanjay if they can send the invoice to finance,Can you send the invoice to finance?
Remind Alex to finalize the budget report,Finalize the budget report
Ask Riya to draft the new proposal,Draft the new proposal
Tell Isha to update the deployment plan,Update the deployment plan
Text Divya to finalize the budget report,Finalize the budget report
Ask Karan to book the conference room,Book the conference room
Message Divya to send me the project update,Send me the project update
Message Divya to bring the laptop tomorrow,Bring the laptop tomorrow
Ask Isha to send the invoice to finance,Send the invoice to finance
Text Sneha to share the onboarding document,Share the onboarding document
Ping Meera and plan the next sprint tasks,Plan the next sprint tasks
Ping Rahul and check the bug fixes,Check the bug fixes
Tell Rohit to plan the next sprint tasks,Plan the next sprint tasks
Ping Meera and submit the daily report,Submit the daily report
Inform Riya to update the deployment plan,Update the deployment plan
Request Alex to push the changes to GitHub,Push the changes to GitHub
Ping Priya and share the new code files,Share the new code files
Ask Neha if they can share the onboarding document,Can you share the onboarding document?
Inform Rina to review the latest pull request,Review the latest pull request
Message John to finalize the budget report,Finalize the budget report
Text Rohit to finalize the budget report,Finalize the budget report
Inform Isha to send a summary of today’s meeting,Send a summary of today’s meeting
Inform Riya to submit the daily report,Submit the daily report
Request Isha to update the deployment plan,Update the deployment plan
Text Karan to prepare the meeting notes,Prepare the meeting notes
Request Divya to confirm interview timings,Confirm interview timings
Message Riya to book the conference room,Book the conference room
Inform Karan to upload the test results,Upload the test results
Request Rohit to confirm interview timings,Confirm interview timings
Text Priya to finalize the budget report,Finalize the budget report
Inform Alex to submit the daily report,Submit the daily report
Ask Meera to review the presentation slides,Review the presentation slides
Send a message to Sneha to share the onboarding document,Share the onboarding document
Send a message to Riya to book the conference room,Book the conference room
Text Sneha to review the presentation slides,Review the presentation slides
Remind Divya to send the invoice to finance,Send the invoice to finance
Text Priya to bring the laptop tomorrow,Bring the laptop tomorrow
Send a message to Alex to review the presentation slides,Review the presentation slides
Message Meera to book the conference room,Book the conference room
Ask Neha if they can send me the project update,Can you send me the project update?
Message John to prepare the meeting notes,Prepare the meeting notes
Request Sanjay to send the invoice to finance,Send the invoice to finance
Ask Riya to send a summary of today’s meeting,Send a summary of today’s meeting
Send a message to Riya to plan the next sprint tasks,Plan the next sprint tasks
Text Neha to bring the laptop tomorrow,Bring the laptop tomorrow
Tell Sanjay to submit the daily report,Submit the daily report
Message Divya to prepare the meeting notes,Prepare the meeting notes
Tell Rina to push the changes to GitHub,Push the changes to GitHub
Inform Riya to check the bug fixes,Check the bug fixes
Inform Divya to finalize the budget report,Finalize the budget report
Ask Divya to check the bug fixes,Check the bug fixes
Text Meera to draft the new proposal,Draft the new proposal
Ping Ankit and submit the daily report,Submit the daily report
Send a message to John to share the new code files,Share the new code files
Request John to share the new code files,Share the new code files
Inform Priya to check the bug fixes,Check the bug fixes
Ask Meera if they can share the onboarding document,Can you share the onboarding document?
Ask Priya if they can schedule the client meeting,Can you schedule the client meeting?
Inform Sanjay to plan the next sprint tasks,Plan the next sprint tasks
Inform Isha to share the onboarding document,Share the onboarding document
Inform Alex to schedule the client meeting,Schedule the client meeting
Tell Isha to draft the new proposal,Draft the new proposal
Inform Sneha to schedule the client meeting,Schedule the client meeting
Inform Priya to send me the project update,Send me the project update
Inform Priya to plan the next sprint tasks,Plan the next sprint tasks
Message Alex to send me the project update,Send me the project update
Message Karan to check the bug fixes,Check the bug fixes
Remind Sneha to schedule the client meeting,Schedule the client meeting
Remind Rina to plan the next sprint tasks,Plan the next sprint tasks
Remind Rahul to plan the next sprint tasks,Plan the next sprint tasks
Ask Rina if they can push the changes to GitHub,Can you push the changes to GitHub?
Tell Rina to review the latest pull request,Review the latest pull request
Ask Rohit to push the changes to GitHub,Push the changes to GitHub
Ping John and plan the next sprint tasks,Plan the next sprint tasks
Inform Sneha to share the new code files,Share the new code files
Send a message to Riya to bring the laptop tomorrow,Bring the laptop tomorrow
Ask Ankit to finalize the budget report,Finalize the budget report
Remind Rohit to review the presentation slides,Review the presentation slides
Text Karan to schedule the client meeting,Schedule the client meeting
Tell Riya to share the new code files,Share the new code files
Send a message to Alex to submit the daily report,Submit the daily report
Send a message to Divya to book the conference room,Book the conference room
Inform Riya to finalize the budget report,Finalize the budget report
Remind John to plan the next sprint tasks,Plan the next sprint tasks
Ping Neha and plan the next sprint tasks,Plan the next sprint tasks
Text Ankit to review the latest pull request,Review the latest pull request
Remind Meera to confirm interview timings,Confirm interview timings
Message Sanjay to check the bug fixes,Check the bug fixes
Text Rohit to check the bug fixes,Check the bug fixes
Send a message to Divya to push the changes to GitHub,Push the changes to GitHub
Request Sneha to check the bug fixes,Check the bug fixes
Ask Sneha to prepare the meeting notes,Prepare the meeting notes
Tell Priya to bring the laptop tomorrow,Bring the laptop tomorrow
Remind Divya to check the bug fixes,Check the bug fixes
Ask Neha if they can finalize the budget report,Can you finalize the budget report?
Tell Meera to review the latest pull request,Review the latest pull request
Ask Karan if they can push the changes to GitHub,Can you push the changes to GitHub?
Tell Rina to check the bug fixes,Check the bug fixes
Text Karan to schedule the client meeting,Schedule the client meeting
Ping Priya and send a summary of today’s meeting,Send a summary of today’s meeting
Ask Rohit to bring the laptop tomorrow,Bring the laptop tomorrow
Request John to submit the daily report,Submit the daily report
Request Rohit to send the invoice to finance,Send the invoice to finance
Text Isha to confirm interview timings,Confirm interview timings
Remind Sanjay to confirm interview timings,Confirm interview timings
Ping Sneha and finalize the budget report,Finalize the budget report
Tell Divya to share the onboarding document,Share the onboarding document
Ask Isha to plan the next sprint tasks,Plan the next sprint tasks
Ask Sneha if they can upload the test results,Can you upload the test results?
Tell Rahul to draft the new proposal,Draft the new proposal
Tell Alex to book the conference room,Book the conference room
Inform Sanjay to review the presentation slides,Review the presentation slides
Inform Priya to finalize the budget report,Finalize the budget report
Tell Isha to send the invoice to finance,Send the invoice to finance
Message Divya to finalize the budget report,Finalize the budget report
Message Sanjay to send a summary of today’s meeting,Send a summary of today’s meeting
Ask Alex if they can draft the new proposal,Can you draft the new proposal?
Inform Sanjay to share the onboarding document,Share the onboarding document
Inform John to send me the project update,Send me the project update
Message Meera to send the invoice to finance,Send the invoice to finance
Ping Meera and schedule the client meeting,Schedule the client meeting
Ask Divya to draft the new proposal,Draft the new proposal
Request Neha to prepare the meeting notes,Prepare the meeting notes
Request Sanjay to plan the next sprint tasks,Plan the next sprint tasks
Send a message to Riya to bring the laptop tomorrow,Bring the laptop tomorrow
Ping Meera and review the presentation slides,Review the presentation slides
Request Rahul to schedule the client meeting,Schedule the client meeting
Ask John if they can send the invoice to finance,Can you send the invoice to finance?
Tell Karan to share the onboarding document,Share the onboarding document
Ask Meera if they can bring the laptop tomorrow,Can you bring the laptop tomorrow?
Ask John to review the presentation slides,Review the presentation slides
Request Sneha to send the invoice to finance,Send the invoice to finance
Ask Sanjay to submit the daily report,Submit the daily report
Send a message to Rohit to push the changes to GitHub,Push the changes to GitHub
Inform John to update the deployment plan,Update the deployment plan
Text Karan to push the changes to GitHub,Push the changes to GitHub
Text Alex to draft the new proposal,Draft the new proposal
Tell Neha to confirm interview timings,Confirm interview timings
Send a message to Meera to share the new code files,Share the new code files
Ask Ankit to review the presentation slides,Review the presentation slides
Send a message to Rohit to submit the daily report,Submit the daily report
Ask John to book the conference room,Book the conference room
Text Rina to review the latest pull request,Review the latest pull request
Request Rina to send me the project update,Send me the project update
Ping Rina and send the invoice to finance,Send the invoice to finance
Tell Riya to send me the project update,Send me the project update
Ping Priya and send the invoice to finance,Send the invoice to finance
Ask Alex if they can draft the new proposal,Can you draft the new proposal?
Tell Isha to send me the project update,Send me the project update
Ask Sneha if they can update the deployment plan,Can you update the deployment plan?
Text John to upload the test results,Upload the test results
Tell Alex to book the conference room,Book the conference room
Inform Riya to finalize the budget report,Finalize the budget report
Remind Rina to review the latest pull request,Review the latest pull request
Remind Riya to update the deployment plan,Update the deployment plan
Request Karan to finalize the budget report,Finalize the budget report
Text Neha to bring the laptop tomorrow,Bring the laptop tomorrow
Remind Isha to plan the next sprint tasks,Plan the next sprint tasks
Inform Divya to share the onboarding document,Share the onboarding document
Text Ankit to confirm interview timings,Confirm interview timings
Send a message to Rohit to prepare the meeting notes,Prepare the meeting notes
Ask Rina if they can share the onboarding document,Can you share the onboarding document?
Ask Karan if they can draft the new proposal,Can you draft the new proposal?
Ask Divya if they can confirm interview timings,Can you confirm interview timings?
Remind Riya to schedule the client meeting,Schedule the client meeting
Ping Sneha and prepare the meeting notes,Prepare the meeting notes
Message Sanjay to update the deployment plan,Update the deployment plan
Text Alex to schedule the client meeting,Schedule the client meeting
Ping Sneha and schedule the client meeting,Schedule the client meeting
Message Sneha to check the bug fixes,Check the bug fixes
Ask Sneha if they can schedule the client meeting,Can you schedule the client meeting?
Request Rohit to schedule the client meeting,Schedule the client meeting
Ping Rahul and push the changes to GitHub,Push the changes to GitHub
Remind John to review the presentation slides,Review the presentation slides
Send a message to Divya to check the bug fixes,Check the bug fixes
Remind Rahul to book the conference room,Book the conference room
Tell Rina to review the presentation slides,Review the presentation slides
Inform Neha to upload the test results,Upload the test results
Remind Rohit to review the presentation slides,Review the presentation slides
Text Karan to check the bug fixes,Check the bug fixes
Ask Karan if they can finalize the budget report,Can you finalize the budget report?
Message Alex to plan the next sprint tasks,Plan the next sprint tasks
Request Riya to finalize the budget report,Finalize the budget report
Inform Sanjay to review the latest pull request,Review the latest pull request
Text Rohit to bring the laptop tomorrow,Bring the laptop tomorrow
Send a message to Rohit to upload the test results,Upload the test results
Request Karan to review the latest pull request,Review the latest pull request
Request Rahul to send the invoice to finance,Send the invoice to finance
Text Sanjay to check the bug fixes,Check the bug fixes
Text Sneha to send me the project update,Send me the project update
Message Sneha to bring the laptop tomorrow,Bring the laptop tomorrow
Message Priya to book the conference room,Book the conference room
Request Karan to draft the new proposal,Draft the new proposal
Message Sanjay to review the latest pull request,Review the latest pull request
Send a message to Priya to check the bug fixes,Check the bug fixes
Inform Isha to send the invoice to finance,Send the invoice to finance
Ask Alex if they can review the latest pull request,Can you review the latest pull request?
Remind Rohit to check the bug fixes,Check the bug fixes
Inform Karan to share the onboarding document,Share the onboarding document
Send a message to Meera to confirm interview timings,Confirm interview timings
Send a message to Neha to confirm interview timings,Confirm interview timings
Tell Sneha to finalize the budget report,Finalize the budget report
Message Divya to share the onboarding document,Share the onboarding document
Text Rahul to share the new code files,Share the new code files
Inform Rohit to share the onboarding document,Share the onboarding document
Ask Neha to share the onboarding document,Share the onboarding document
Ask Meera if they can upload the test results,Can you upload the test results?
Remind Neha to upload the test results,Upload the test results
Send a message to Priya to review the presentation slides,Review the presentation slides
Send a message to Divya to book the conference room,Book the conference room
Ask Riya to push the changes to GitHub,Push the changes to GitHub
Ask Rahul to finalize the budget report,Finalize the budget report
Text Neha to send the invoice to finance,Send the invoice to finance
Message Sneha to finalize the budget report,Finalize the budget report
Send a message to Alex to prepare the meeting notes,Prepare the meeting notes
Ask Sanjay to confirm interview timings,Confirm interview timings
Ask Neha if they can prepare the meeting notes,Can you prepare the meeting notes?
Request Karan to share the new code files,Share the new code files
Tell Neha to review the presentation slides,Review the presentation slides
Ask Divya to prepare the meeting notes,Prepare the meeting notes
Send a message to Priya to check the bug fixes,Check the bug fixes
Ask Sneha if they can confirm interview timings,Can you confirm interview timings?
Message John to share the onboarding document,Share the onboarding document
Inform Alex to review the latest pull request,Review the latest pull request
Ask Isha if they can review the presentation slides,Can you review the presentation slides?
Inform Priya to review the presentation slides,Review the presentation slides
Send a message to Rina to confirm interview timings,Confirm interview timings
Ask Riya if they can upload the test results,Can you upload the test results?
Inform John to confirm interview timings,Confirm interview timings
Tell Rina to finalize the budget report,Finalize the budget report
Send a message to Alex to finalize the budget report,Finalize the budget report
Remind Neha to send me the project update,Send me the project update
Ask Divya if they can send me the project update,Can you send me the project update?
Text John to book the conference room,Book the conference room
Ask Meera if they can send the invoice to finance,Can you send the invoice to finance?
Message Sanjay to check the bug fixes,Check the bug fixes
Ask Divya if they can prepare the meeting notes,Can you prepare the meeting notes?
Request Sneha to push the changes to GitHub,Push the changes to GitHub
Ping Ankit and review the presentation slides,Review the presentation slides
Send a message to Isha to bring the laptop tomorrow,Bring the laptop tomorrow
Inform Sanjay to push the changes to GitHub,Push the changes to GitHub
Text John to draft the new proposal,Draft the new proposal
Text Alex to send the invoice to finance,Send the invoice to finance
Ping Sanjay and bring the laptop tomorrow,Bring the laptop tomorrow
Remind Sanjay to review the presentation slides,Review the presentation slides
Text Rina to draft the new proposal,Draft the new proposal
Ping John and submit the daily report,Submit the daily report
Send a message to Riya to schedule the client meeting,Schedule the client meeting
Ping Sanjay and schedule the client meeting,Schedule the client meeting
Send a message to Rina to check the bug fixes,Check the bug fixes
Tell Rohit to send a summary of today’s meeting,Send a summary of today’s meeting
Message Neha to upload the test results,Upload the test results
Text Divya to upload the test results,Upload the test results
Ask Sanjay if they can share the new code files,Can you share the new code files?
Text Meera to submit the daily report,Submit the daily report
Message Isha to prepare the meeting notes,Prepare the meeting notes
Send a message to Ankit to submit the daily report,Submit the daily report
Tell Isha to send the invoice to finance,Send the invoice to finance
Ask Neha if they can draft the new proposal,Can you draft the new proposal?
Ask Ankit if they can share the new code files,Can you share the new code files?
Tell Priya to confirm interview timings,Confirm interview timings
Text Alex to submit the daily report,Submit the daily report
Message Priya to confirm interview timings,Confirm interview timings
Message Rahul to send me the project update,Send me the project update
Ask Ankit to send the invoice to finance,Send the invoice to finance
Message Rohit to finalize the budget report,Finalize the budget report
Send a message to Sneha to finalize the budget report,Finalize the budget report
Remind Rina to check the bug fixes,Check the bug fixes
Send a message to Alex to review the latest pull request,Review the latest pull request
Text Karan to upload the test results,Upload the test results
Remind Meera to upload the test results,Upload the test results
Remind Divya to upload the test results,Upload the test results
Message Ankit to schedule the client meeting,Schedule the client meeting
Remind Divya to send the invoice to finance,Send the invoice to finance
Remind Priya to push the changes to GitHub,Push the changes to GitHub
Ping Neha and schedule the client meeting,Schedule the client meeting
Inform John to push the changes to GitHub,Push the changes to GitHub
Remind Meera to review the latest pull request,Review the latest pull request
Send a message to John to push the changes to GitHub,Push the changes to GitHub
Text John to send a summary of today’s meeting,Send a summary of today’s meeting
Request Alex to finalize the budget report,Finalize the budget report
Remind Sneha to review the presentation slides,Review the presentation slides
Send a message to Isha to draft the new proposal,Draft the new proposal
Send a message to Divya to draft the new proposal,Draft the new proposal
Tell Sanjay to finalize the budget report,Finalize the budget report
Ask Rahul if they can submit the daily report,Can you submit the daily report?
Ask Rahul if they can share the onboarding document,Can you share the onboarding document?
Send a message to Meera to finalize the budget report,Finalize the budget report
Ask Ankit to send a summary of today’s meeting,Send a summary of today’s meeting
Ask Divya if they can share the onboarding document,Can you share the onboarding document?
Tell John to share the new code files,Share the new code files
Ping Isha and push the changes to GitHub,Push the changes to GitHub
Request Divya to book the conference room,Book the conference room
Tell Sneha to prepare the meeting notes,Prepare the meeting notes
Ping Neha and finalize the budget report,Finalize the budget report
Inform Alex to share the onboarding document,Share the onboarding document
Remind Alex to check the bug fixes,Check the bug fixes
Ask Priya to prepare the meeting notes,Prepare the meeting notes
Message Alex to review the presentation slides,Review the presentation slides
Message Riya to send a summary of today’s meeting,Send a summary of today’s meeting
Tell Sanjay to finalize the budget report,Finalize the budget report
Ask Ankit if they can finalize the budget report,Can you finalize the budget report?
Remind Karan to book the conference room,Book the conference room
Inform Meera to send a summary of today’s meeting,Send a summary of today’s meeting
Request Sneha to review the presentation slides,Review the presentation slides
Ask Priya if they can bring the laptop tomorrow,Can you bring the laptop tomorrow?
Inform Neha to review the presentation slides,Review the presentation slides
Request Divya to plan the next sprint tasks,Plan the next sprint tasks
Request Rina to upload the test results,Upload the test results
Ask Ankit if they can bring the laptop tomorrow,Can you bring the laptop tomorrow?
Ask Rina if they can send the invoice to finance,Can you send the invoice to finance?
Request Rina to push the changes to GitHub,Push the changes to GitHub
Tell Rina to update the deployment plan,Update the deployment plan
Tell Rahul to update the deployment plan,Update the deployment plan
Text Sneha to check the bug fixes,Check the bug fixes
Remind Rahul to review the latest pull request,Review the latest pull request
Text Rina to confirm interview timings,Confirm interview timings
Message Karan to update the deployment plan,Update the deployment plan
Tell Karan to review the presentation slides,Review the presentation slides
Remind Sneha to send the invoice to finance,Send the invoice to finance
Tell Meera to finalize the budget report,Finalize the budget report
Message Divya to submit the daily report,Submit the daily report
Ping Isha and upload the test results,Upload the test results
Ask Rina to update the deployment plan,Update the deployment plan
Ask Ankit to submit the daily report,Submit the daily report
Tell Divya to send me the project update,Send me the project update
Tell Rohit to review the latest pull request,Review the latest pull request
Remind Meera to prepare the meeting notes,Prepare the meeting notes
Message John to finalize the budget report,Finalize the budget report
Text Sanjay to check the bug fixes,Check the bug fixes
Ask Meera if they can share the new code files,Can you share the new code files?
Ask Alex to update the deployment plan,Update the deployment plan
Ping Divya and schedule the client meeting,Schedule the client meeting
Tell Divya to plan the next sprint tasks,Plan the next sprint tasks
Request Priya to book the conference room,Book the conference room
Ask Isha to draft the new proposal,Draft the new proposal
Request John to share the onboarding document,Share the onboarding document
Ping Neha and share the onboarding document,Share the onboarding document
Ping Divya and confirm interview timings,Confirm interview timings
Send a message to Priya to book the conference room,Book the conference room
Ask Divya to draft the new proposal,Draft the new proposal
Ping Isha and submit the daily report,Submit the daily report
Ask Divya to share the onboarding document,Share the onboarding document
Send a message to Neha to send a summary of today’s meeting,Send a summary of today’s meeting
Send a message to Neha to review the latest pull request,Review the latest pull request
Send a message to Priya to push the changes to GitHub,Push the changes to GitHub
Remind Riya to send a summary of today’s meeting,Send a summary of today’s meeting
Request Priya to send the invoice to finance,Send the invoice to finance
Tell Divya to bring the laptop tomorrow,Bring the laptop tomorrow
Message Rohit to prepare the meeting notes,Prepare the meeting notes
Send a message to Rahul to submit the daily report,Submit the daily report
Request Sanjay to book the conference room,Book the conference room
Request Priya to send a summary of today’s meeting,Send a summary of today’s meeting
Remind Karan to send the invoice to finance,Send the invoice to finance
Tell John to send a summary of today’s meeting,Send a summary of today’s meeting
Ask Karan to prepare the meeting notes,Prepare the meeting notes
Request Meera to upload the test results,Upload the test results
Text Divya to bring the laptop tomorrow,Bring the laptop tomorrow
Message Sanjay to update the deployment plan,Update the deployment plan
Request Neha to upload the test results,Upload the test results
Message Sanjay to check the bug fixes,Check the bug fixes
Inform Meera to push the changes to GitHub,Push the changes to GitHub
Ask Priya to submit the daily report,Submit the daily report
Ping Sneha and review the latest pull request,Review the latest pull request
Remind Isha to book the conference room,Book the conference room
Ask Riya if they can review the presentation slides,Can you review the presentation slides?
Tell Priya to submit the daily report,Submit the daily report
Ask Alex to send the invoice to finance,Send the invoice to finance
Text Meera to finalize the budget report,Finalize the budget report
Tell Rahul to push the changes to GitHub,Push the changes to GitHub
Ping Divya and finalize the budget report,Finalize the budget report
Tell John to share the onboarding document,Share the onboarding document
Text Sanjay to push the changes to GitHub,Push the changes to GitHub
Ask John if they can push the changes to GitHub,Can you push the changes to GitHub?
Request Priya to plan the next sprint tasks,Plan the next sprint tasks
Ping Priya and submit the daily report,Submit the daily report
Tell Ankit to push the changes to GitHub,Push the changes to GitHub
Message Isha to review the latest pull request,Review the latest pull request
Message Ankit to schedule the client meeting,Schedule the client meeting
Ask Rohit to check the bug fixes,Check the bug fixes
Message Isha to push the changes to GitHub,Push the changes to GitHub
Ping Ankit and prepare the meeting notes,Prepare the meeting notes
Request Alex to submit the daily report,Submit the daily report
Text Ankit to push the changes to GitHub,Push the changes to GitHub
Ping Isha and prepare the meeting notes,Prepare the meeting notes
Ask Sneha if they can finalize the budget report,Can you finalize the budget report?
Request Isha to review the presentation slides,Review the presentation slides
Message Rohit to share the onboarding document,Share the onboarding document
Send a message to Neha to check the bug fixes,Check the bug fixes
Remind Sanjay to push the changes to GitHub,Push the changes to GitHub
Ask Rahul to bring the laptop tomorrow,Bring the laptop tomorrow
Ping Riya and bring the laptop tomorrow,Bring the laptop tomorrow
Ask Rahul to finalize the budget report,Finalize the budget report
Ping Isha and confirm interview timings,Confirm interview timings
Ask Sanjay to share the onboarding document,Share the onboarding document
Message Alex to upload the test results,Upload the test results
Message Ankit to finalize the budget report,Finalize the budget report
Ping Ankit and bring the laptop tomorrow,Bring the laptop tomorrow
Send a message to Rohit to book the conference room,Book the conference room
Ask Riya if they can draft the new proposal,Can you draft the new proposal?
Request Neha to prepare the meeting notes,Prepare the meeting notes
Message Neha to share the onboarding document,Share the onboarding document
Text John to share the onboarding document,Share the onboarding document
Ask Alex to bring the laptop tomorrow,Bring the laptop tomorrow
Request Rahul to check the bug fixes,Check the bug fixes
Ask Isha if they can share the onboarding document,Can you share the onboarding document?
Text Rina to submit the daily report,Submit the daily report
Ask Meera if they can confirm interview timings,Can you confirm interview timings?
Inform Sanjay to confirm interview timings,Confirm interview timings
Ask Rina if they can confirm interview timings,Can you confirm interview timings?
Ask Priya to share the onboarding document,Share the onboarding document
Tell Rahul to submit the daily report,Submit the daily report
Ping John and check the bug fixes,Check the bug fixes
Ask Karan to confirm interview timings,Confirm interview timings
Send a message to Ankit to share the new code files,Share the new code files
Ask John if they can bring the laptop tomorrow,Can you bring the laptop tomorrow?
Message John to upload the test results,Upload the test results
Message Divya to push the changes to GitHub,Push the changes to GitHub
Message Ankit to plan the next sprint tasks,Plan the next sprint tasks
Text Rahul to push the changes to GitHub,Push the changes to GitHub
Text Karan to update the deployment plan,Update the deployment plan
Inform Rohit to share the new code files,Share the new code files
Ask Neha to share the onboarding document,Share the onboarding document
Text Karan to send a summary of today’s meeting,Send a summary of today’s meeting
Ask Rahul if they can review the presentation slides,Can you review the presentation slides?
Send a message to Karan to plan the next sprint tasks,Plan the next sprint tasks
Ask Priya to check the bug fixes,Check the bug fixes
Ping Neha and send the invoice to finance,Send the invoice to finance
Message Priya to finalize the budget report,Finalize the budget report
Ask Rina if they can submit the daily report,Can you submit the daily report?
Ask Alex to send the invoice to finance,Send the invoice to finance
Ping Divya and share the new code files,Share the new code files
Ask Rahul if they can finalize the budget report,Can you finalize the budget report?
Ask Neha to share the new code files,Share the new code files
Request Meera to share the new code files,Share the new code files
Remind Meera to update the deployment plan,Update the deployment plan
Request Ankit to confirm interview timings,Confirm interview timings
Ask Rahul if they can check the bug fixes,Can you check the bug fixes?
Remind Rina to schedule the client meeting,Schedule the client meeting
Ping Isha and draft the new proposal,Draft the new proposal
Message Meera to upload the test results,Upload the test results
Text Sanjay to send a summary of today’s meeting,Send a summary of today’s meeting
Ask Rahul to update the deployment plan,Update the deployment plan
Ask Rahul if they can bring the laptop tomorrow,Can you bring the laptop tomorrow?
Ask Rina if they can upload the test results,Can you upload the test results?
Ping Rahul and bring the laptop tomorrow,Bring the laptop tomorrow
Ask Priya to review the latest pull request,Review the latest pull request
Ask Sanjay if they can finalize the budget report,Can you finalize the budget report?
Remind John to review the presentation slides,Review the presentation slides
Ask John to finalize the budget report,Finalize the budget report
Message Sanjay to review the latest pull request,Review the latest pull request
Ask Divya to schedule the client meeting,Schedule the client meeting
Tell Sneha to push the changes to GitHub,Push the changes to GitHub
Send a message to Neha to submit the daily report,Submit the daily report
Message Riya to plan the next sprint tasks,Plan the next sprint tasks
Tell Rahul to check the bug fixes,Check the bug fixes
Remind Sanjay to send me the project update,Send me the project update
Tell Neha to confirm interview timings,Confirm interview timings
Send a message to John to plan the next sprint tasks,Plan the next sprint tasks
Inform Rina to review the latest pull request,Review the latest pull request
Message Sanjay to draft the new proposal,Draft the new proposal
Remind Rahul to share the new code files,Share the new code files
Ask Sneha to schedule the client meeting,Schedule the client meeting
Tell John to confirm interview timings,Confirm interview timings
Ping Rina and submit the daily report,Submit the daily report
Remind Ankit to send me the project update,Send me the project update
Text Karan to upload the test results,Upload the test results
Text Sneha to confirm interview timings,Confirm interview timings
Ask Alex if they can prepare the meeting notes,Can you prepare the meeting notes?
Remind Isha to schedule the client meeting,Schedule the client meeting
Request Meera to review the presentation slides,Review the presentation slides
Send a message to Riya to book the conference room,Book the conference room
Text Alex to send the invoice to finance,Send the invoice to finance
Ping Alex and plan the next sprint tasks,Plan the next sprint tasks
Inform Isha to share the onboarding document,Share the onboarding document
Ping Sanjay and schedule the client meeting,Schedule the client meeting
Text Rohit to schedule the client meeting,Schedule the client meeting
Send a message to John to bring the laptop tomorrow,Bring the laptop tomorrow
Message Meera to check the bug fixes,Check the bug fixes
Tell Karan to push the changes to GitHub,Push the changes to GitHub
Remind Rahul to schedule the client meeting,Schedule the client meeting
Ping Alex and confirm interview timings,Confirm interview timings
Remind Alex to push the changes to GitHub,Push the changes to GitHub
Remind Isha to update the deployment plan,Update the deployment plan
Message Sanjay to book the conference room,Book the conference room
Ask Alex to finalize the budget report,Finalize the budget report
Text Priya to book the conference room,Book the conference room
Send a message to Isha to share the onboarding document,Share the onboarding document
Text Isha to update the deployment plan,Update the deployment plan
Remind Sneha to send me the project update,Send me the project update
Request Rohit to book the conference room,Book the conference room
Request Rohit to schedule the client meeting,Schedule the client meeting
Ping Rahul and draft the new proposal,Draft the new proposal
Ask Rina if they can share the onboarding document,Can you share the onboarding document?
Remind John to share the onboarding document,Share the onboarding document
Send a message to Rohit to send a summary of today’s meeting,Send a summary of today’s meeting
Remind Meera to review the latest pull request,Review the latest pull request
Text Riya to draft the new proposal,Draft the new proposal
Ping Rohit and push the changes to GitHub,Push the changes to GitHub
Inform Riya to send a summary of today’s meeting,Send a summary of today’s meeting
Send a message to Rina to plan the next sprint tasks,Plan the next sprint tasks
Ask Isha to update the deployment plan,Update the deployment plan
Inform Riya to finalize the budget report,Finalize the budget report
Ask Meera if they can prepare the meeting notes,Can you prepare the meeting notes?
Ask Rohit if they can submit the daily report,Can you submit the daily report?
Remind Divya to plan the next sprint tasks,Plan the next sprint tasks
Ask Rohit to review the latest pull request,Review the latest pull request
Ask John to bring the laptop tomorrow,Bring the laptop tomorrow
Tell Sneha to plan the next sprint tasks,Plan the next sprint tasks
Request Divya to send the invoice to finance,Send the invoice to finance
Remind Karan to bring the laptop tomorrow,Bring the laptop tomorrow
Request Rina to send me the project update,Send me the project update
Message Sneha to upload the test results,Upload the test results
Request Sneha to send me the project update,Send me the project update
Remind John to review the latest pull request,Review the latest pull request
Request Rohit to push the changes to GitHub,Push the changes to GitHub
Send a message to Rina to check the bug fixes,Check the bug fixes
Remind Divya to prepare the meeting notes,Prepare the meeting notes
Remind Rahul to update the deployment plan,Update the deployment plan
Send a message to Riya to push the changes to GitHub,Push the changes to GitHub
Ask Sneha if they can submit the daily report,Can you submit the daily report?
Request Rina to upload the test results,Upload the test results
Tell Rina to send me the project update,Send me the project update
Ask Riya if they can send a summary of today’s meeting,Can you send a summary of today’s meeting?
Ask Sanjay if they can plan the next sprint tasks,Can you plan the next sprint tasks?
Ask Rahul if they can send a summary of today’s meeting,Can you send a summary of today’s meeting?
Tell Meera to send a summary of today’s meeting,Send a summary of today’s meeting
Text Divya to review the presentation slides,Review the presentation slides
Send a message to Sneha to push the changes to GitHub,Push the changes to GitHub
Ask Meera if they can finalize the budget report,Can you finalize the budget report?
Inform Karan to push the changes to GitHub,Push the changes to GitHub
Tell John to draft the new proposal,Draft the new proposal
Send a message to Alex to share the new code files,Share the new code files
Ask Sneha to share the new code files,Share the new code files
Inform Ankit to submit the daily report,Submit the daily report
Text Alex to upload the test results,Upload the test results
Request Riya to schedule the client meeting,Schedule the client meeting
Tell Priya to submit the daily report,Submit the daily report
Tell Karan to send the invoice to finance,Send the invoice to finance
Inform Rina to send me the project update,Send me the project update
Message Rina to confirm interview timings,Confirm interview timings
Send a message to Rahul to draft the new proposal,Draft the new proposal
Ask Sneha to review the presentation slides,Review the presentation slides
Text Ankit to share the onboarding document,Share the onboarding document
Text Karan to send the invoice to finance,Send the invoice to finance
Text Rina to review the presentation slides,Review the presentation slides
Inform Rahul to send me the project update,Send me the project update
Remind Neha to review the latest pull request,Review the latest pull request
Tell Alex to bring the laptop tomorrow,Bring the laptop tomorrow
Message Meera to confirm interview timings,Confirm interview timings
Send a message to Riya to plan the next sprint tasks,Plan the next sprint tasks
Remind Rina to submit the daily report,Submit the daily report
Request Neha to prepare the meeting notes,Prepare the meeting notes
Remind Ankit to send the invoice to finance,Send the invoice to finance
Ping Karan and review the presentation slides,Review the presentation slides
Ask Isha if they can review the presentation slides,Can you review the presentation slides?
Tell Priya to send me the project update,Send me the project update
Message John to schedule the client meeting,Schedule the client meeting
Tell Isha to bring the laptop tomorrow,Bring the laptop tomorrow
Inform John to update the deployment plan,Update the deployment plan
Tell Ankit to draft the new proposal,Draft the new proposal
Inform Rahul to schedule the client meeting,Schedule the client meeting
Remind Sanjay to check the bug fixes,Check the bug fixes
Inform Meera to review the presentation slides,Review the presentation slides
Ask Isha if they can update the deployment plan,Can you update the deployment plan?
Request Rina to share the new code files,Share the new code files
Message Alex to draft the new proposal,Draft the new proposal
Ask Neha to check the bug fixes,Check the bug fixes
Text Rina to push the changes to GitHub,Push the changes to GitHub
Inform Neha to share the onboarding document,Share the onboarding document
Remind Alex to submit the daily report,Submit the daily report
Send a message to Rohit to submit the daily report,Submit the daily report
Remind Rohit to plan the next sprint tasks,Plan the next sprint tasks
Ask Sneha if they can share the onboarding document,Can you share the onboarding document?
Inform Ankit to review the latest pull request,Review the latest pull request
Message Karan to upload the test results,Upload the test results
Ask Alex if they can review the presentation slides,Can you review the presentation slides?
Request Divya to share the new code files,Share the new code files
Text Rohit to send a summary of today’s meeting,Send a summary of today’s meeting
Ask Meera if they can review the presentation slides,Can you review the presentation slides?
Ping Ankit and update the deployment plan,Update the deployment plan
Text Isha to share the new code files,Share the new code files
Message Sneha to draft the new proposal,Draft the new proposal
Send a message to Isha to schedule the client meeting,Schedule the client meeting
Remind Meera to prepare the meeting notes,Prepare the meeting notes
Request Priya to review the presentation slides,Review the presentation slides
Message Sneha to share the new code files,Share the new code files
Message Rina to share the new code files,Share the new code files
Message Alex to schedule the client meeting,Schedule the client meeting
Tell Neha to share the new code files,Share the new code files
Remind John to review the latest pull request,Review the latest pull request
Tell Alex to share the onboarding document,Share the onboarding document
Ask Sneha to send me the project update,Send me the project update
Tell John to upload the test results,Upload the test results
Ask Meera to plan the next sprint tasks,Plan the next sprint tasks
Tell Meera to review the presentation slides,Review the presentation slides
Request Rohit to send me the project update,Send me the project update
Message Sneha to send the invoice to finance,Send the invoice to finance
Ping Karan and confirm interview timings,Confirm interview timings
Text Alex to plan the next sprint tasks,Plan the next sprint tasks
Inform Isha to plan the next sprint tasks,Plan the next sprint tasks
Send a message to Riya to share the onboarding document,Share the onboarding document
Remind Sneha to upload the test results,Upload the test results
Send a message to Priya to upload the test results,Upload the test results
Ping Rahul and share the new code files,Share the new code files
Send a message to Isha to send the invoice to finance,Send the invoice to finance
Ping Divya and send a summary of today’s meeting,Send a summary of today’s meeting
Send a message to Rahul to share the new code files,Share the new code files
Inform Sneha to book the conference room,Book the conference room
Inform Isha to send the invoice to finance,Send the invoice to finance
Ask Rahul to finalize the budget report,Finalize the budget report
Request Rahul to review the presentation slides,Review the presentation slides
Tell Ankit to prepare the meeting notes,Prepare the meeting notes
Text Alex to share the new code files,Share the new code files
Ask Neha if they can plan the next sprint tasks,Can you plan the next sprint tasks?
Message Ankit to schedule the client meeting,Schedule the client meeting
Ask Rahul if they can bring the laptop tomorrow,Can you bring the laptop tomorrow?
Text Alex to confirm interview timings,Confirm interview timings
Send a message to Neha to send the invoice to finance,Send the invoice to finance
Ping Priya and review the latest pull request,Review the latest pull request
Message John to draft the new proposal,Draft the new proposal
Inform Meera to submit the daily report,Submit the daily report
Ask Sneha to send me the project update,Send me the project update
Ask Ankit if they can book the conference room,Can you book the conference room?
Request Neha to schedule the client meeting,Schedule the client meeting
Ask Ankit if they can bring the laptop tomorrow,Can you bring the laptop tomorrow?
Message Isha to confirm interview timings,Confirm interview timings
Ask Sanjay to finalize the budget report,Finalize the budget report
Send a message to Meera to send me the project update,Send me the project update
Ask Sanjay if they can share the new code files,Can you share the new code files?
Ask Rina if they can schedule the client meeting,Can you schedule the client meeting?
Remind Rahul to review the latest pull request,Review the latest pull request
Send a message to Alex to share the new code files,Share the new code files
Ask John if they can schedule the client meeting,Can you schedule the client meeting?
Text John to send me the project update,Send me the project update
Remind Ankit to upload the test results,Upload the test results
Send a message to Sneha to bring the laptop tomorrow,Bring the laptop tomorrow
Ask Karan if they can share the new code files,Can you share the new code files?
Ask Rahul to send the invoice to finance,Send the invoice to finance
Ask Meera to submit the daily report,Submit the daily report
Ping Ankit and prepare the meeting notes,Prepare the meeting notes
Inform Sanjay to prepare the meeting notes,Prepare the meeting notes
Remind Meera to confirm interview timings,Confirm interview timings
Request Sanjay to push the changes to GitHub,Push the changes to GitHub
Tell Ankit to send the invoice to finance,Send the invoice to finance
Inform Priya to review the latest pull request,Review the latest pull request
Ask Rahul to check the bug fixes,Check the bug fixes
Ping Neha and review the latest pull request,Review the latest pull request
Ask Meera to plan the next sprint tasks,Plan the next sprint tasks
Ping Riya and send a summary of today’s meeting,Send a summary of today’s meeting
Ask John to push the changes to GitHub,Push the changes to GitHub
Request Karan to upload the test results,Upload the test results
Ask Isha to schedule the client meeting,Schedule the client meeting
Request Sneha to draft the new proposal,Draft the new proposal
Ping Priya and finalize the budget report,Finalize the budget report
Ask Alex to plan the next sprint tasks,Plan the next sprint tasks
Ping Karan and confirm interview timings,Confirm interview timings
Ask John to book the conference room,Book the conference room
Inform Riya to draft the new proposal,Draft the new proposal
Ping Rohit and send a summary of today’s meeting,Send a summary of today’s meeting
Inform Sanjay to send me the project update,Send me the project update
Ping Rohit and prepare the meeting notes,Prepare the meeting notes
Inform Sanjay to draft the new proposal,Draft the new proposal
Ping Sanjay and send a summary of today’s meeting,Send a summary of today’s meeting
Tell Ankit to review the latest pull request,Review the latest pull request
Ask Divya if they can update the deployment plan,Can you update the deployment plan?
Send a message to Rohit to share the new code files,Share the new code files
Remind Rohit to send me the project update,Send me the project update
Inform Riya to share the new code files,Share the new code files
Tell Karan to update the deployment plan,Update the deployment plan
Inform Neha to confirm interview timings,Confirm interview timings
Message Alex to send me the project update,Send me the project update
Ping Sneha and share the onboarding document,Share the onboarding document
Ping Sneha and share the onboarding document,Share the onboarding document
Message Sanjay to book the conference room,Book the conference room
Ping Riya and send the invoice to finance,Send the invoice to finance
Text John to review the presentation slides,Review the presentation slides
Request Priya to push the changes to GitHub,Push the changes to GitHub
Ping Divya and review the presentation slides,Review the presentation slides
Remind Sneha to push the changes to GitHub,Push the changes to GitHub
Tell Rina to draft the new proposal,Draft the new proposal
Ask Riya to draft the new proposal,Draft the new proposal
Ask Rahul to finalize the budget report,Finalize the budget report
Ask Divya to push the changes to GitHub,Push the changes to GitHub
Text Rina to review the latest pull request,Review the latest pull request
Message Rahul to push the changes to GitHub,Push the changes to GitHub
Ask Rahul if they can plan the next sprint tasks,Can you plan the next sprint tasks?
Remind Isha to push the changes to GitHub,Push the changes to GitHub
Send a message to Rina to review the presentation slides,Review the presentation slides
Send a message to John to send the invoice to finance,Send the invoice to finance
Message Divya to prepare the meeting notes,Prepare the meeting notes
Send a message to Isha to share the new code files,Share the new code files
Message Rina to check the bug fixes,Check the bug fixes
Text Ankit to review the presentation slides,Review the presentation slides
Text Ankit to schedule the client meeting,Schedule the client meeting
Tell Rina to bring the laptop tomorrow,Bring the laptop tomorrow
Send a message to Isha to schedule the client meeting,Schedule the client meeting
Message Rina to prepare the meeting notes,Prepare the meeting notes
Message Alex to share the onboarding document,Share the onboarding document
Request John to check the bug fixes,Check the bug fixes
Text John to review the presentation slides,Review the presentation slides
Message Sneha to push the changes to GitHub,Push the changes to GitHub
Message Meera to schedule the client meeting,Schedule the client meeting
Inform John to submit the daily report,Submit the daily report
Send a message to Alex to send a summary of today’s meeting,Send a summary of today’s meeting
Ask Meera to draft the new proposal,Draft the new proposal
Tell Ankit to share the new code files,Share the new code files
Inform Meera to share the new code files,Share the new code files
Request Sanjay to review the presentation slides,Review the presentation slides
Ask Divya to check the bug fixes,Check the bug fixes
Send a message to Alex to submit the daily report,Submit the daily report
Ask Neha to share the new code files,Share the new code files
Ping Neha and review the presentation slides,Review the presentation slides
Inform Isha to book the conference room,Book the conference room
Send a message to Sanjay to schedule the client meeting,Schedule the client meeting
Ask Meera if they can update the deployment plan,Can you update the deployment plan?
Ping Rahul and upload the test results,Upload the test results
Remind John to push the changes to GitHub,Push the changes to GitHub
Remind Neha to send the invoice to finance,Send the invoice to finance
Inform Priya to share the onboarding document,Share the onboarding document
Request Sneha to confirm interview timings,Confirm interview timings
Request Meera to bring the laptop tomorrow,Bring the laptop tomorrow
Ask Meera to schedule the client meeting,Schedule the client meeting
Tell Sneha to push the changes to GitHub,Push the changes to GitHub
Text Alex to send me the project update,Send me the project update
Message Isha to book the conference room,Book the conference room
Text Rahul to plan the next sprint tasks,Plan the next sprint tasks
Message Sneha to review the latest pull request,Review the latest pull request
Send a message to Neha to review the presentation slides,Review the presentation slides
Tell Sanjay to confirm interview timings,Confirm interview timings
Ping Karan and push the changes to GitHub,Push the changes to GitHub
Text Neha to book the conference room,Book the conference room
Tell Ankit to update the deployment plan,Update the deployment plan
Message Meera to prepare the meeting notes,Prepare the meeting notes
Ask Rina to plan the next sprint tasks,Plan the next sprint tasks
Ask John if they can upload the test results,Can you upload the test results?
Ping Sanjay and review the presentation slides,Review the presentation slides
Ask Ankit to update the deployment plan,Update the deployment plan
Text Riya to update the deployment plan,Update the deployment plan
Ping Rohit and schedule the client meeting,Schedule the client meeting
Remind Rohit to send the invoice to finance,Send the invoice to finance
Remind Ankit to schedule the client meeting,Schedule the client meeting
Send a message to Sneha to book the conference room,Book the conference room
Inform Ankit to check the bug fixes,Check the bug fixes
Ask Rina if they can prepare the meeting notes,Can you prepare the meeting notes?
Ping Priya and check the bug fixes,Check the bug fixes
Tell John to share the new code files,Share the new code files
Tell Alex to send me the project update,Send me the project update
Tell Neha to review the presentation slides,Review the presentation slides
Send a message to Alex to confirm interview timings,Confirm interview timings
Tell Rohit to submit the daily report,Submit the daily report
Ping Priya and check the bug fixes,Check the bug fixes
Remind Neha to review the presentation slides,Review the presentation slides
Text Neha to review the presentation slides,Review the presentation slides
Tell Neha to send the invoice to finance,Send the invoice to finance
Message Riya to book the conference room,Book the conference room
Remind John to submit the daily report,Submit the daily report
Ask John if they can send me the project update,Can you send me the project update?
Remind Priya to send a summary of today’s meeting,Send a summary of today’s meeting
Send a message to Isha to share the onboarding document,Share the onboarding document
Ping Rahul and finalize the budget report,Finalize the budget report
Remind Neha to share the onboarding document,Share the onboarding document
Ping Ankit and send the invoice to finance,Send the invoice to finance
Ping John and bring the laptop tomorrow,Bring the laptop tomorrow
Inform Isha to prepare the meeting notes,Prepare the meeting notes
Message Karan to finalize the budget report,Finalize the budget report
Send a message to Meera to send me the project update,Send me the project update
Ask Divya to send the invoice to finance,Send the invoice to finance
Send a message to Rohit to share the onboarding document,Share the onboarding document
Remind Ankit to prepare the meeting notes,Prepare the meeting notes
Text Meera to send me the project update,Send me the project update
Ask Rohit to finalize the budget report,Finalize the budget report
Request Isha to plan the next sprint tasks,Plan the next sprint tasks
Remind Rahul to confirm interview timings,Confirm interview timings
Ping Rohit and review the presentation slides,Review the presentation slides
Remind Riya to send the invoice to finance,Send the invoice to finance
Text Alex to draft the new proposal,Draft the new proposal
Send a message to Sneha to share the new code files,Share the new code files
Message Rohit to share the new code files,Share the new code files
Ping Riya and plan the next sprint tasks,Plan the next sprint tasks
Ping John and finalize the budget report,Finalize the budget report
Inform Karan to submit the daily report,Submit the daily report
Message Divya to finalize the budget report,Finalize the budget report
Message Sneha to update the deployment plan,Update the deployment plan
Inform Divya to share the onboarding document,Share the onboarding document
Ask Ankit if they can check the bug fixes,Can you check the bug fixes?
Inform Isha to share the onboarding document,Share the onboarding document
Ask Priya if they can send a summary of today’s meeting,Can you send a summary of today’s meeting?
Inform Rahul to update the deployment plan,Update the deployment plan
Send a message to Rahul to share the new code files,Share the new code files
Request John to share the onboarding document,Share the onboarding document
Ask Rahul to book the conference room,Book the conference room
Remind Meera to send me the project update,Send me the project update
Ask Meera if they can push the changes to GitHub,Can you push the changes to GitHub?
Send a message to Sneha to send me the project update,Send me the project update
Ping Neha and review the latest pull request,Review the latest pull request
Remind Isha to check the bug fixes,Check the bug fixes
Inform Meera to send me the project update,Send me the project update
Request Sneha to prepare the meeting notes,Prepare the meeting notes
Ask Rahul if they can submit the daily report,Can you submit the daily report?
Message Divya to plan the next sprint tasks,Plan the next sprint tasks
Tell Neha to schedule the client meeting,Schedule the client meeting
Ask Rohit to confirm interview timings,Confirm interview timings
Text Riya to finalize the budget report,Finalize the budget report
Request Meera to share the onboarding document,Share the onboarding document
Request Isha to share the new code files,Share the new code files
Ask Sanjay if they can plan the next sprint tasks,Can you plan the next sprint tasks?
Tell Isha to upload the test results,Upload the test results
Text Alex to prepare the meeting notes,Prepare the meeting notes
Ask Riya to prepare the meeting notes,Prepare the meeting notes
Remind Rina to prepare the meeting notes,Prepare the meeting notes
Ask Rina if they can send the invoice to finance,Can you send the invoice to finance?
Ask Isha to upload the test results,Upload the test results
Ask Ankit if they can push the changes to GitHub,Can you push the changes to GitHub?
Inform Rina to push the changes to GitHub,Push the changes to GitHub
Message Ankit to prepare the meeting notes,Prepare the meeting notes
Text Rahul to prepare the meeting notes,Prepare the meeting notes
Message Neha to review the presentation slides,Review the presentation slides
Text Sneha to confirm interview timings,Confirm interview timings
Request Karan to draft the new proposal,Draft the new proposal
Request Ankit to review the presentation slides,Review the presentation slides
Request Priya to share the new code files,Share the new code files
Send a message to Rohit to draft the new proposal,Draft the new proposal
Inform Karan to prepare the meeting notes,Prepare the meeting notes
Ping Meera and finalize the budget report,Finalize the budget report
Inform Ankit to check the bug fixes,Check the bug fixes
Ping Meera and submit the daily report,Submit the daily report
Inform Alex to bring the laptop tomorrow,Bring the laptop tomorrow
Request Rahul to draft the new proposal,Draft the new proposal
Inform Riya to submit the daily report,Submit the daily report
Message Rohit to review the latest pull request,Review the latest pull request
Ask Isha to upload the test results,Upload the test results
Ping Ankit and confirm interview timings,Confirm interview timings
Tell Sneha to finalize the budget report,Finalize the budget report
Ping Rohit and update the deployment plan,Update the deployment plan
Ask Sneha to draft the new proposal,Draft the new proposal
Tell Rohit to share the onboarding document,Share the onboarding document
Send a message to John to push the changes to GitHub,Push the changes to GitHub
Message Priya to upload the test results,Upload the test results
Text Priya to upload the test results,Upload the test results
Ask Sneha to share the new code files,Share the new code files
Message Neha to send me the project update,Send me the project update
Tell Ankit to share the new code files,Share the new code files
Inform Alex to prepare the meeting notes,Prepare the meeting notes
Ask Priya if they can share the new code files,Can you share the new code files?
Request Sneha to share the new code files,Share the new code files
Remind Divya to draft the new proposal,Draft the new proposal
Remind Rina to check the bug fixes,Check the bug fixes
Send a message to Neha to submit the daily report,Submit the daily report
Text John to finalize the budget report,Finalize the budget report
Ask Rohit if they can plan the next sprint tasks,Can you plan the next sprint tasks?
Ping Rahul and upload the test results,Upload the test results
Request Rina to submit the daily report,Submit the daily report
Inform Rina to share the new code files,Share the new code files
Ask Ankit if they can send a summary of today’s meeting,Can you send a summary of today’s meeting?
Inform John to send a summary of today’s meeting,Send a summary of today’s meeting
Ask Riya to confirm interview timings,Confirm interview timings
Tell Rohit to upload the test results,Upload the test results
Ping Ankit and review the presentation slides,Review the presentation slides
Inform Meera to plan the next sprint tasks,Plan the next sprint tasks
Remind Neha to share the onboarding document,Share the onboarding document
Send a message to Divya to plan the next sprint tasks,Plan the next sprint tasks
Ask Sneha to upload the test results,Upload the test results
Tell John to send a summary of today’s meeting,Send a summary of today’s meeting
Remind Sneha to push the changes to GitHub,Push the changes to GitHub
Request Sneha to bring the laptop tomorrow,Bring the laptop tomorrow
Send a message to Alex to upload the test results,Upload the test results
Request Karan to prepare the meeting notes,Prepare the meeting notes
Remind Alex to plan the next sprint tasks,Plan the next sprint tasks
Inform Neha to schedule the client meeting,Schedule the client meeting
Text Meera to review the presentation slides,Review the presentation slides
Send a message to Divya to finalize the budget report,Finalize the budget report
Message Isha to check the bug fixes,Check the bug fixes
Tell Karan to push the changes to GitHub,Push the changes to GitHub
Send a message to Neha to finalize the budget report,Finalize the budget report
Ping Rahul and bring the laptop tomorrow,Bring the laptop tomorrow
Remind Alex to prepare the meeting notes,Prepare the meeting notes
Ask Rina to send me the project update,Send me the project update
Remind Ankit to submit the daily report,Submit the daily report
Request Sanjay to update the deployment plan,Update the deployment plan
Remind Neha to upload the test results,Upload the test results
Ping Rohit and finalize the budget report,Finalize the budget report
Ask Ankit to review the latest pull request,Review the latest pull request
Request Karan to share the onboarding document,Share the onboarding document
Ping Neha and review the latest pull request,Review the latest pull request
Message Divya to check the bug fixes,Check the bug fixes
Message Rohit to review the latest pull request,Review the latest pull request
Remind Karan to prepare the meeting notes,Prepare the meeting notes
Inform Rahul to send a summary of today’s meeting,Send a summary of today’s meeting
Ask Isha if they can share the onboarding document,Can you share the onboarding document?
Remind Meera to send a summary of today’s meeting,Send a summary of today’s meeting
Text Priya to confirm interview timings,Confirm interview timings
Remind Rina to plan the next sprint tasks,Plan the next sprint tasks
Ask Meera if they can finalize the budget report,Can you finalize the budget report?
Message Rina to submit the daily report,Submit the daily report
Ping Rahul and push the changes to GitHub,Push the changes to GitHub
Send a message to Neha to bring the laptop tomorrow,Bring the laptop tomorrow
Send a message to Rahul to draft the new proposal,Draft the new proposal
Message Sanjay to send a summary of today’s meeting,Send a summary of today’s meeting
Message Sneha to share the onboarding document,Share the onboarding document
Send a message to Rahul to bring the laptop tomorrow,Bring the laptop tomorrow
Message Alex to bring the laptop tomorrow,Bring the laptop tomorrow
Tell Alex to review the presentation slides,Review the presentation slides
Ping Ankit and share the onboarding document,Share the onboarding document
Ping Neha and share the onboarding document,Share the onboarding document
Ask Neha if they can update the deployment plan,Can you update the deployment plan?
Ask Priya if they can share the onboarding document,Can you share the onboarding document?
Message Neha to submit the daily report,Submit the daily report
Send a message to Sanjay to review the latest pull request,Review the latest pull request
Message Neha to check the bug fixes,Check the bug fixes
Message Isha to share the onboarding document,Share the onboarding document
Message Isha to share the onboarding document,Share the onboarding document
Remind John to review the presentation slides,Review the presentation slides
Text Neha to prepare the meeting notes,Prepare the meeting notes
Send a message to Karan to send the invoice to finance,Send the invoice to finance
Ask Rina to check the bug fixes,Check the bug fixes
Send a message to Sanjay to send the invoice to finance,Send the invoice to finance
Remind Ankit to plan the next sprint tasks,Plan the next sprint tasks
Message John to schedule the client meeting,Schedule the client meeting
Remind Rohit to schedule the client meeting,Schedule the client meeting
Send a message to Rahul to bring the laptop tomorrow,Bring the laptop tomorrow
Message Sanjay to update the deployment plan,Update the deployment plan
Message Sanjay to schedule the client meeting,Schedule the client meeting
Ask Rahul if they can update the deployment plan,Can you update the deployment plan?
Remind Divya to send a summary of today’s meeting,Send a summary of today’s meeting
Ask Alex if they can prepare the meeting notes,Can you prepare the meeting notes?
Ask Sanjay to prepare the meeting notes,Prepare the meeting notes
Inform Priya to bring the laptop tomorrow,Bring the laptop tomorrow
Tell Karan to send the invoice to finance,Send the invoice to finance
Request Alex to check the bug fixes,Check the bug fixes
Send a message to Rahul to check the bug fixes,Check the bug fixes
Ping John and send the invoice to finance,Send the invoice to finance
Send a message to Rahul to bring the laptop tomorrow,Bring the laptop tomorrow
Text Karan to prepare the meeting notes,Prepare the meeting notes
Remind Divya to review the latest pull request,Review the latest pull request
Message Neha to upload the test results,Upload the test results
Ask Priya if they can upload the test results,Can you upload the test results?
Ping Alex and share the new code files,Share the new code files
Inform Alex to check the bug fixes,Check the bug fixes
Ask Rohit if they can share the new code files,Can you share the new code files?
Ask Karan to share the onboarding document,Share the onboarding document
Tell Ankit to send me the project update,Send me the project update
Request Karan to upload the test results,Upload the test results
Send a message to Sneha to check the bug fixes,Check the bug fixes
Ping Rohit and confirm interview timings,Confirm interview timings
Request Sanjay to review the latest pull request,Review the latest pull request
Request Alex to draft the new proposal,Draft the new proposal
Inform Rohit to draft the new proposal,Draft the new proposal
Send a message to Rohit to upload the test results,Upload the test results
Ask Sanjay if they can send the invoice to finance,Can you send the invoice to finance?
Send a message to Karan to send me the project update,Send me the project update
Ask Meera if they can finalize the budget report,Can you finalize the budget report?
Text Priya to send me the project update,Send me the project update
Remind John to schedule the client meeting,Schedule the client meeting
Message Ankit to schedule the client meeting,Schedule the client meeting
Inform Alex to submit the daily report,Submit the daily report
Message Divya to plan the next sprint tasks,Plan the next sprint tasks
Ask John to draft the new proposal,Draft the new proposal
Request Divya to prepare the meeting notes,Prepare the meeting notes
Ping Neha and bring the laptop tomorrow,Bring the laptop tomorrow
Request Sanjay to bring the laptop tomorrow,Bring the laptop tomorrow
Text Rahul to plan the next sprint tasks,Plan the next sprint tasks
Request Karan to update the deployment plan,Update the deployment plan
Send a message to Meera to review the presentation slides,Review the presentation slides
Send a message to Divya to schedule the client meeting,Schedule the client meeting
Request Sanjay to review the presentation slides,Review the presentation slides
Ask Priya to draft the new proposal,Draft the new proposal
Message Isha to update the deployment plan,Update the deployment plan
Ask Alex if they can schedule the client meeting,Can you schedule the client meeting?
Message Sneha to plan the next sprint tasks,Plan the next sprint tasks
Request John to review the latest pull request,Review the latest pull request
Ask Meera to plan the next sprint tasks,Plan the next sprint tasks
Ask Divya to check the bug fixes,Check the bug fixes
Text Rohit to submit the daily report,Submit the daily report
Message Alex to confirm interview timings,Confirm interview timings
Inform Rahul to review the presentation slides,Review the presentation slides
Inform Priya to share the onboarding document,Share the onboarding document
Ask Rahul if they can review the presentation slides,Can you review the presentation slides?
Ping Isha and update the deployment plan,Update the deployment plan
Ask Isha if they can book the conference room,Can you book the conference room?
Send a message to Priya to prepare the meeting notes,Prepare the meeting notes
Inform Rina to review the latest pull request,Review the latest pull request
Tell Alex to schedule the client meeting,Schedule the client meeting
Tell Sanjay to send a summary of today’s meeting,Send a summary of today’s meeting
Tell Riya to prepare the meeting notes,Prepare the meeting notes
Request Alex to finalize the budget report,Finalize the budget report
Send a message to Karan to send the invoice to finance,Send the invoice to finance
Inform Neha to submit the daily report,Submit the daily report
Tell John to share the onboarding document,Share the onboarding document
Request Neha to review the presentation slides,Review the presentation slides
Inform Isha to schedule the client meeting,Schedule the client meeting
Ping Meera and draft the new proposal,Draft the new proposal
Send a message to Rina to schedule the client meeting,Schedule the client meeting
Tell Neha to review the latest pull request,Review the latest pull request
Ask Neha to push the changes to GitHub,Push the changes to GitHub
Text Priya to finalize the budget report,Finalize the budget report
Ping Karan and share the new code files,Share the new code files
Message Isha to confirm interview timings,Confirm interview timings
Ask Rina to review the latest pull request,Review the latest pull request
Send a message to Alex to check the bug fixes,Check the bug fixes
Send a message to Rahul to plan the next sprint tasks,Plan the next sprint tasks
Text Sanjay to upload the test results,Upload the test results
Ping Sneha and share the onboarding document,Share the onboarding document
Message John to send the invoice to finance,Send the invoice to finance
Ping Isha and schedule the client meeting,Schedule the client meeting
Ping Priya and finalize the budget report,Finalize the budget report
Ping Rina and send me the project update,Send me the project update
Ping Rahul and send me the project update,Send me the project update
Message Neha to check the bug fixes,Check the bug fixes
Inform Isha to finalize the budget report,Finalize the budget report
Request Karan to upload the test results,Upload the test results
Ask Neha to check the bug fixes,Check the bug fixes
Tell Karan to push the changes to GitHub,Push the changes to GitHub
Remind Isha to bring the laptop tomorrow,Bring the laptop tomorrow
Ping Meera and upload the test results,Upload the test results
Text Rohit to update the deployment plan,Update the deployment plan
Send a message to Priya to share the onboarding document,Share the onboarding document
Ask John if they can share the new code files,Can you share the new code files?
Request Rina to schedule the client meeting,Schedule the client meeting
Inform Ankit to confirm interview timings,Confirm interview timings
Ping Karan and share the onboarding document,Share the onboarding document
Ping Karan and review the presentation slides,Review the presentation slides
Send a message to Isha to push the changes to GitHub,Push the changes to GitHub
Remind Isha to send a summary of today’s meeting,Send a summary of today’s meeting
Ping Divya and send me the project update,Send me the project update
Text Neha to review the presentation slides,Review the presentation slides
Send a message to Karan to upload the test results,Upload the test results
Tell Divya to review the presentation slides,Review the presentation slides
Ping Karan and finalize the budget report,Finalize the budget report
Inform Karan to submit the daily report,Submit the daily report
Ping Divya and review the presentation slides,Review the presentation slides
Ask Divya to plan the next sprint tasks,Plan the next sprint tasks
Ask Alex if they can push the changes to GitHub,Can you push the changes to GitHub?
Message Divya to bring the laptop tomorrow,Bring the laptop tomorrow
Tell Ankit to bring the laptop tomorrow,Bring the laptop tomorrow
Text Rina to finalize the budget report,Finalize the budget report
Ping Neha and upload the test results,Upload the test results
Inform Isha to push the changes to GitHub,Push the changes to GitHub
Ask John if they can bring the laptop tomorrow,Can you bring the laptop tomorrow?
Message Divya to push the changes to GitHub,Push the changes to GitHub
Ask Isha if they can send me the project update,Can you send me the project update?
Request Neha to plan the next sprint tasks,Plan the next sprint tasks
Message Rohit to upload the test results,Upload the test results
Text Meera to send me the project update,Send me the project update
Inform Meera to share the onboarding document,Share the onboarding document
Tell Divya to schedule the client meeting,Schedule the client meeting
Ask Meera to submit the daily report,Submit the daily report
Message Ankit to update the deployment plan,Update the deployment plan
Inform Divya to bring the laptop tomorrow,Bring the laptop tomorrow
Inform Meera to upload the test results,Upload the test results
Message Divya to review the latest pull request,Review the latest pull request
Ask Rahul if they can book the conference room,Can you book the conference room?
Ping John and send a summary of today’s meeting,Send a summary of today’s meeting
Inform Sneha to review the latest pull request,Review the latest pull request
Ping Meera and confirm interview timings,Confirm interview timings
Text Rahul to book the conference room,Book the conference room
Message Sneha to draft the new proposal,Draft the new proposal
Text Rina to upload the test results,Upload the test results
Inform Rahul to send me the project update,Send me the project update
Remind Isha to share the new code files,Share the new code files
Ask Meera if they can review the presentation slides,Can you review the presentation slides?
Ask Riya to draft the new proposal,Draft the new proposal
Text Neha to draft the new proposal,Draft the new proposal
Ask Priya to review the presentation slides,Review the presentation slides
Ping Rahul and update the deployment plan,Update the deployment plan
Remind Rina to review the presentation slides,Review the presentation slides
Send a message to Karan to send the invoice to finance,Send the invoice to finance
Remind Rohit to share the onboarding document,Share the onboarding document
Ask Alex to update the deployment plan,Update the deployment plan
Ask Sneha to finalize the budget report,Finalize the budget report
Ask Divya if they can plan the next sprint tasks,Can you plan the next sprint tasks?
Tell Rina to prepare the meeting notes,Prepare the meeting notes
Ask Sneha to prepare the meeting notes,Prepare the meeting notes
Message Rahul to send a summary of today’s meeting,Send a summary of today’s meeting
Text Meera to book the conference room,Book the conference room
Ask Rina to confirm interview timings,Confirm interview timings
Tell Sanjay to share the new code files,Share the new code files
Ask Priya if they can finalize the budget report,Can you finalize the budget report?
Ping Isha and send the invoice to finance,Send the invoice to finance
Send a message to Divya to bring the laptop tomorrow,Bring the laptop tomorrow
Remind Sanjay to draft the new proposal,Draft the new proposal
Remind Meera to plan the next sprint tasks,Plan the next sprint tasks
Send a message to Neha to plan the next sprint tasks,Plan the next sprint tasks
Send a message to Meera to plan the next sprint tasks,Plan the next sprint tasks
Ask Rohit if they can confirm interview timings,Can you confirm interview timings?
Inform Karan to book the conference room,Book the conference room
Message Sneha to finalize the budget report,Finalize the budget report
Request Meera to book the conference room,Book the conference room
Tell Sanjay to update the deployment plan,Update the deployment plan
Message Karan to update the deployment plan,Update the deployment plan
Text John to plan the next sprint tasks,Plan the next sprint tasks
Ask Karan if they can push the changes to GitHub,Can you push the changes to GitHub?
Inform Meera to finalize the budget report,Finalize the budget report
Message Sneha to review the latest pull request,Review the latest pull request
Text Rahul to share the onboarding document,Share the onboarding document
Ask Isha if they can confirm interview timings,Can you confirm interview timings?
Ask Neha to finalize the budget report,Finalize the budget report
Text Riya to submit the daily report,Submit the daily report
Ask Divya if they can review the latest pull request,Can you review the latest pull request?
Ask Rina if they can share the onboarding document,Can you share the onboarding document?
Tell Divya to review the latest pull request,Review the latest pull request
Remind Isha to send a summary of today’s meeting,Send a summary of today’s meeting
Ask Alex if they can share the onboarding document,Can you share the onboarding document?
Request Neha to send the invoice to finance,Send the invoice to finance
Inform Neha to bring the laptop tomorrow,Bring the laptop tomorrow
Remind Karan to confirm interview timings,Confirm interview timings
Remind John to upload the test results,Upload the test results
Request Rina to send a summary of today’s meeting,Send a summary of today’s meeting
Remind Priya to finalize the budget report,Finalize the budget report
Ask Riya to upload the test results,Upload the test results
Ask Rohit to share the new code files,Share the new code files
Send a message to Rina to prepare the meeting notes,Prepare the meeting notes
Tell Alex to review the latest pull request,Review the latest pull request
Tell Rahul to finalize the budget report,Finalize the budget report
Tell Rina to upload the test results,Upload the test results
Remind Rina to share the new code files,Share the new code files
Ask Rahul to submit the daily report,Submit the daily report
Remind Riya to share the new code files,Share the new code files
Message Alex to share the onboarding document,Share the onboarding document
Text Isha to submit the daily report,Submit the daily report
Inform Meera to schedule the client meeting,Schedule the client meeting
Inform Rohit to share the new code files,Share the new code files
Message Neha to draft the new proposal,Draft the new proposal
Inform Meera to book the conference room,Book the conference room
Ask Divya to send me the project update,Send me the project update
Tell Rohit to push the changes to GitHub,Push the changes to GitHub
Remind Alex to update the deployment plan,Update the deployment plan
Inform Rina to plan the next sprint tasks,Plan the next sprint tasks
Request Ankit to review the latest pull request,Review the latest pull request
Text Alex to plan the next sprint tasks,Plan the next sprint tasks
Send a message to Karan to plan the next sprint tasks,Plan the next sprint tasks
Message Rohit to submit the daily report,Submit the daily report
Inform Isha to book the conference room,Book the conference room
Text Divya to bring the laptop tomorrow,Bring the laptop tomorrow
Request Sanjay to submit the daily report,Submit the daily report
Tell Neha to check the bug fixes,Check the bug fixes
Inform Priya to push the changes to GitHub,Push the changes to GitHub
Tell Neha to share the new code files,Share the new code files
Remind Neha to draft the new proposal,Draft the new proposal
Inform Alex to update the deployment plan,Update the deployment plan
Message Riya to review the presentation slides,Review the presentation slides
Request Meera to plan the next sprint tasks,Plan the next sprint tasks
Inform Riya to send the invoice to finance,Send the invoice to finance
Send a message to Rahul to send a summary of today’s meeting,Send a summary of today’s meeting
Send a message to John to book the conference room,Book the conference room
Remind Priya to upload the test results,Upload the test results
Ask Neha to send a summary of today’s meeting,Send a summary of today’s meeting
Ask Sneha if they can schedule the client meeting,Can you schedule the client meeting?
Remind Priya to review the presentation slides,Review the presentation slides
Send a message to Isha to schedule the client meeting,Schedule the client meeting
Ask Neha to review the presentation slides,Review the presentation slides
Remind Priya to review the latest pull request,Review the latest pull request
Send a message to Ankit to upload the test results,Upload the test results
Ask Rina to review the latest pull request,Review the latest pull request
Send a message to Karan to push the changes to GitHub,Push the changes to GitHub
Ping Ankit and prepare the meeting notes,Prepare the meeting notes
Send a message to Karan to check the bug fixes,Check the bug fixes
Remind Meera to review the presentation slides,Review the presentation slides
Ask Karan if they can upload the test results,Can you upload the test results?
Tell Karan to upload the test results,Upload the test results
Message Meera to submit the daily report,Submit the daily report
Remind Neha to send a summary of today’s meeting,Send a summary of today’s meeting
Ping Neha and submit the daily report,Submit the daily report
Inform Rahul to book the conference room,Book the conference room
Ask Rohit to submit the daily report,Submit the daily report
Request Rina to upload the test results,Upload the test results
Send a message to Alex to book the conference room,Book the conference room
Inform Divya to prepare the meeting notes,Prepare the meeting notes
Tell Neha to bring the laptop tomorrow,Bring the laptop tomorrow
Request Rahul to review the latest pull request,Review the latest pull request
Send a message to Alex to schedule the client meeting,Schedule the client meeting
Text Neha to push the changes to GitHub,Push the changes to GitHub
Ask Neha to send a summary of today’s meeting,Send a summary of today’s meeting
Inform Karan to upload the test results,Upload the test results
Ping Sanjay and check the bug fixes,Check the bug fixes
Send a message to Isha to finalize the budget report,Finalize the budget report
Text Karan to bring the laptop tomorrow,Bring the laptop tomorrow
Remind Karan to book the conference room,Book the conference room
Remind Karan to update the deployment plan,Update the deployment plan
Message Rina to schedule the client meeting,Schedule the client meeting
Ping Rahul and finalize the budget report,Finalize the budget report
Inform Isha to send a summary of today’s meeting,Send a summary of today’s meeting
Ask Divya to bring the laptop tomorrow,Bring the laptop tomorrow
Message Sneha to schedule the client meeting,Schedule the client meeting
Text Karan to book the conference room,Book the conference room
Inform Karan to submit the daily report,Submit the daily report
Inform Alex to draft the new proposal,Draft the new proposal
Ask Rahul to check the bug fixes,Check the bug fixes
Ask Rina to upload the test results,Upload the test results
Ask Priya if they can send a summary of today’s meeting,Can you send a summary of today’s meeting?
Remind Ankit to submit the daily report,Submit the daily report
Inform Neha to share the new code files,Share the new code files
Ask Divya if they can book the conference room,Can you book the conference room?
Message John to send a summary of today’s meeting,Send a summary of today’s meeting
Ask Karan to review the latest pull request,Review the latest pull request
Text Riya to share the onboarding document,Share the onboarding document
Tell Rahul to send the invoice to finance,Send the invoice to finance
Inform Alex to review the latest pull request,Review the latest pull request
Send a message to Sanjay to upload the test results,Upload the test results
Ask Rahul if they can share the onboarding document,Can you share the onboarding document?
Text Neha to submit the daily report,Submit the daily report
Send a message to Meera to share the onboarding document,Share the onboarding document
Ask Isha if they can send the invoice to finance,Can you send the invoice to finance?
Remind Rohit to upload the test results,Upload the test results
Ping Ankit and send me the project update,Send me the project update
Send a message to Rahul to draft the new proposal,Draft the new proposal
Ask Alex to finalize the budget report,Finalize the budget report
Ask Rahul if they can plan the next sprint tasks,Can you plan the next sprint tasks?
Request Alex to prepare the meeting notes,Prepare the meeting notes
Request Neha to send the invoice to finance,Send the invoice to finance
Remind John to confirm interview timings,Confirm interview timings
Ping Isha and share the new code files,Share the new code files
Ask Priya if they can schedule the client meeting,Can you schedule the client meeting?
Send a message to Sneha to plan the next sprint tasks,Plan the next sprint tasks
Ask Neha if they can submit the daily report,Can you submit the daily report?
Message Riya to send the invoice to finance,Send the invoice to finance
Request Sanjay to check the bug fixes,Check the bug fixes
Text Rahul to share the new code files,Share the new code files
Send a message to John to prepare the meeting notes,Prepare the meeting notes
Inform Alex to draft the new proposal,Draft the new proposal
Ask Neha if they can send a summary of today’s meeting,Can you send a summary of today’s meeting?
Ask Neha if they can share the new code files,Can you share the new code files?
Ask Meera if they can share the new code files,Can you share the new code files?
Text Divya to share the new code files,Share the new code files
Ping Sanjay and share the onboarding document,Share the onboarding document
Send a message to Riya to send me the project update,Send me the project update
Inform Ankit to share the new code files,Share the new code files
Inform Meera to upload the test results,Upload the test results
Text Rohit to submit the daily report,Submit the daily report
Tell Divya to send a summary of today’s meeting,Send a summary of today’s meeting
Message Rina to submit the daily report,Submit the daily report
Inform Meera to upload the test results,Upload the test results
Ask Riya to prepare the meeting notes,Prepare the meeting notes
Ask Rohit to review the latest pull request,Review the latest pull request
Ping Divya and bring the laptop tomorrow,Bring the laptop tomorrow
Inform Rahul to push the changes to GitHub,Push the changes to GitHub
Ask Priya to review the latest pull request,Review the latest pull request
Message Neha to plan the next sprint tasks,Plan the next sprint tasks
Text Rina to push the changes to GitHub,Push the changes to GitHub
Message Sneha to submit the daily report,Submit the daily report
Ping Isha and plan the next sprint tasks,Plan the next sprint tasks
Ask Priya to send the invoice to finance,Send the invoice to finance
Message Neha to upload the test results,Upload the test results
Remind Rohit to book the conference room,Book the conference room
Send a message to Priya to confirm interview timings,Confirm interview timings
Request John to send a summary of today’s meeting,Send a summary of today’s meeting
Text Rohit to push the changes to GitHub,Push the changes to GitHub
Inform Alex to update the deployment plan,Update the deployment plan
Inform Riya to finalize the budget report,Finalize the budget report
Remind John to share the onboarding document,Share the onboarding document
Ask Neha to schedule the client meeting,Schedule the client meeting
Ask Sneha to confirm interview timings,Confirm interview timings
Ask Rina if they can update the deployment plan,Can you update the deployment plan?
Ping Meera and send a summary of today’s meeting,Send a summary of today’s meeting
Tell Sneha to draft the new proposal,Draft the new proposal
Ask Karan if they can plan the next sprint tasks,Can you plan the next sprint tasks?
Remind Rahul to book the conference room,Book the conference room
Ping Rahul and draft the new proposal,Draft the new proposal
Text Divya to update the deployment plan,Update the deployment plan
Ping Meera and upload the test results,Upload the test results
Send a message to Priya to plan the next sprint tasks,Plan the next sprint tasks
Tell Priya to review the latest pull request,Review the latest pull request
Send a message to Rahul to send the invoice to finance,Send the invoice to finance
Inform Priya to push the changes to GitHub,Push the changes to GitHub
Request Rohit to confirm interview timings,Confirm interview timings
Tell Alex to push the changes to GitHub,Push the changes to GitHub
Tell Neha to push the changes to GitHub,Push the changes to GitHub
Request Divya to upload the test results,Upload the test results
Text Rahul to push the changes to GitHub,Push the changes to GitHub
Text Sanjay to upload the test results,Upload the test results
Message Rina to share the new code files,Share the new code files
Ask Sneha to review the presentation slides,Review the presentation slides
Text Meera to prepare the meeting notes,Prepare the meeting notes
Send a message to Alex to confirm interview timings,Confirm interview timings
Request Divya to upload the test results,Upload the test results
Request Priya to bring the laptop tomorrow,Bring the laptop tomorrow
Ask John to check the bug fixes,Check the bug fixes
Ask Rahul to update the deployment plan,Update the deployment plan
Request Sneha to share the onboarding document,Share the onboarding document
Text Karan to share the onboarding document,Share the onboarding document
Ask Meera to review the presentation slides,Review the presentation slides
Remind Riya to upload the test results,Upload the test results
Ask Rohit to upload the test results,Upload the test results
Message Sneha to upload the test results,Upload the test results
Inform Priya to upload the test results,Upload the test results
Text Neha to schedule the client meeting,Schedule the client meeting
Message Sanjay to submit the daily report,Submit the daily report
Text Priya to send me the project update,Send me the project update
Text Meera to bring the laptop tomorrow,Bring the laptop tomorrow
Ask John to bring the laptop tomorrow,Bring the laptop tomorrow
Tell Rohit to share the onboarding document,Share the onboarding document
Ping Rahul and send me the project update,Send me the project update
Message Divya to share the onboarding document,Share the onboarding document
Ask Rohit to send me the project update,Send me the project update
Send a message to Meera to update the deployment plan,Update the deployment plan
Ask Neha if they can confirm interview timings,Can you confirm interview timings?
Message Divya to review the latest pull request,Review the latest pull request
Message Rahul to share the onboarding document,Share the onboarding document
Message Divya to confirm interview timings,Confirm interview timings
Ask Karan if they can confirm interview timings,Can you confirm interview timings?
Ask John if they can push the changes to GitHub,Can you push the changes to GitHub?
Text Karan to update the deployment plan,Update the deployment plan
Text Rina to book the conference room,Book the conference room
Tell Neha to plan the next sprint tasks,Plan the next sprint tasks
Request Meera to submit the daily report,Submit the daily report
Text Rohit to send me the project update,Send me the project update
Message Meera to send the invoice to finance,Send the invoice to finance
Message Neha to draft the new proposal,Draft the new proposal
Request Rohit to plan the next sprint tasks,Plan the next sprint tasks
Remind Ankit to review the presentation slides,Review the presentation slides
Remind Neha to send a summary of today’s meeting,Send a summary of today’s meeting
Request Rina to push the changes to GitHub,Push the changes to GitHub
Send a message to John to draft the new proposal,Draft the new proposal
Request Divya to plan the next sprint tasks,Plan the next sprint tasks
Message Isha to update the deployment plan,Update the deployment plan
Inform John to draft the new proposal,Draft the new proposal
Remind Rohit to draft the new proposal,Draft the new proposal
Message Neha to draft the new proposal,Draft the new proposal
Remind John to bring the laptop tomorrow,Bring the laptop tomorrow
Ping Ankit and bring the laptop tomorrow,Bring the laptop tomorrow
Request Alex to update the deployment plan,Update the deployment plan
Tell Rina to draft the new proposal,Draft the new proposal
Tell Priya to upload the test results,Upload the test results
Tell Isha to send me the project update,Send me the project update
Ask Karan if they can confirm interview timings,Can you confirm interview timings?
Message Isha to send me the project update,Send me the project update
Text Priya to book the conference room,Book the conference room
Request Rohit to plan the next sprint tasks,Plan the next sprint tasks
Text Riya to upload the test results,Upload the test results
Ping Meera and send me the project update,Send me the project update
Send a message to Neha to prepare the meeting notes,Prepare the meeting notes
Ping Riya and schedule the client meeting,Schedule the client meeting
Send a message to John to push the changes to GitHub,Push the changes to GitHub
Request Rohit to send the invoice to finance,Send the invoice to finance
Send a message to Rina to send me the project update,Send me the project update
Inform Alex to send a summary of today’s meeting,Send a summary of today’s meeting
Request John to send me the project update,Send me the project update
Send a message to Rina to send the invoice to finance,Send the invoice to finance
Request Isha to schedule the client meeting,Schedule the client meeting
Send a message to Rahul to book the conference room,Book the conference room
Ask Neha if they can finalize the budget report,Can you finalize the budget report?
Ask Riya if they can share the onboarding document,Can you share the onboarding document?
Ask Karan if they can update the deployment plan,Can you update the deployment plan?
Ask Priya if they can share the new code files,Can you share the new code files?
Inform Rohit to share the onboarding document,Share the onboarding document
Ask Priya to send a summary of today’s meeting,Send a summary of today’s meeting
Send a message to John to draft the new proposal,Draft the new proposal
Tell Rahul to plan the next sprint tasks,Plan the next sprint tasks
Send a message to Ankit to review the latest pull request,Review the latest pull request
Text Rohit to share the new code files,Share the new code files
Ping Sanjay and send me the project update,Send me the project update
Remind Divya to update the deployment plan,Update the deployment plan
Tell Rohit to schedule the client meeting,Schedule the client meeting
Ping John and share the onboarding document,Share the onboarding document
Tell Riya to review the latest pull request,Review the latest pull request
Remind Isha to plan the next sprint tasks,Plan the next sprint tasks
Ask Meera to review the presentation slides,Review the presentation slides
Text John to schedule the client meeting,Schedule the client meeting
Inform Karan to share the new code files,Share the new code files
Inform Karan to prepare the meeting notes,Prepare the meeting notes
Text Sanjay to book the conference room,Book the conference room
Ping Isha and send the invoice to finance,Send the invoice to finance
Send a message to Sneha to confirm interview timings,Confirm interview timings
Ask Rina if they can review the latest pull request,Can you review the latest pull request?
Text Priya to upload the test results,Upload the test results
Request Ankit to submit the daily report,Submit the daily report
Send a message to Alex to update the deployment plan,Update the deployment plan
Inform Karan to push the changes to GitHub,Push the changes to GitHub
Request Karan to plan the next sprint tasks,Plan the next sprint tasks
Request Ankit to bring the laptop tomorrow,Bring the laptop tomorrow
Send a message to Priya to share the onboarding document,Share the onboarding document
Ping Ankit and push the changes to GitHub,Push the changes to GitHub
Ask Sneha to check the bug fixes,Check the bug fixes
Send a message to Neha to send me the project update,Send me the project update
Message Neha to update the deployment plan,Update the deployment plan
Ask Divya to prepare the meeting notes,Prepare the meeting notes
Remind Riya to plan the next sprint tasks,Plan the next sprint tasks
Ask Alex to review the presentation slides,Review the presentation slides
Inform Rahul to send a summary of today’s meeting,Send a summary of today’s meeting
Text Rina to book the conference room,Book the conference room
Send a message to Meera to send me the project update,Send me the project update
Tell Rina to confirm interview timings,Confirm interview timings
Ping Neha and schedule the client meeting,Schedule the client meeting
Request Rina to push the changes to GitHub,Push the changes to GitHub
Send a message to Riya to update the deployment plan,Update the deployment plan
Ask Divya to plan the next sprint tasks,Plan the next sprint tasks
Request Ankit to check the bug fixes,Check the bug fixes
Ping Divya and update the deployment plan,Update the deployment plan
Tell John to push the changes to GitHub,Push the changes to GitHub
Text John to upload the test results,Upload the test results
Text Isha to bring the laptop tomorrow,Bring the laptop tomorrow
Ping Rohit and plan the next sprint tasks,Plan the next sprint tasks
Request Ankit to share the onboarding document,Share the onboarding document
Text Divya to bring the laptop tomorrow,Bring the laptop tomorrow
Request Sneha to finalize the budget report,Finalize the budget report
Ask Sneha to confirm interview timings,Confirm interview timings
Message Priya to review the presentation slides,Review the presentation slides
Tell Sneha to upload the test results,Upload the test results
Message Sanjay to share the onboarding document,Share the onboarding document
Text Neha to draft the new proposal,Draft the new proposal
Text Rohit to share the new code files,Share the new code files
Request Rahul to push the changes to GitHub,Push the changes to GitHub
Ask Alex to book the conference room,Book the conference room
Tell Divya to share the new code files,Share the new code files
Text Karan to upload the test results,Upload the test results
Send a message to Sanjay to submit the daily report,Submit the daily report
Inform Neha to plan the next sprint tasks,Plan the next sprint tasks
Text Divya to send a summary of today’s meeting,Send a summary of today’s meeting
Ask Rina to book the conference room,Book the conference room
Message John to plan the next sprint tasks,Plan the next sprint tasks
Remind Sanjay to send a summary of today’s meeting,Send a summary of today’s meeting
Remind Ankit to update the deployment plan,Update the deployment plan
Message Rina to check the bug fixes,Check the bug fixes
Request Meera to share the onboarding document,Share the onboarding document
Inform Neha to send a summary of today’s meeting,Send a summary of today’s meeting
Ask Ankit to push the changes to GitHub,Push the changes to GitHub
Tell Rina to upload the test results,Upload the test results
Ask Neha to bring the laptop tomorrow,Bring the laptop tomorrow
Tell Rahul to bring the laptop tomorrow,Bring the laptop tomorrow
Message Neha to schedule the client meeting,Schedule the client meeting
Message Rina to review the presentation slides,Review the presentation slides
Message Riya to bring the laptop tomorrow,Bring the laptop tomorrow
Send a message to Isha to send the invoice to finance,Send the invoice to finance
Tell Riya to update the deployment plan,Update the deployment plan
Tell Divya to send the invoice to finance,Send the invoice to finance
Remind Karan to check the bug fixes,Check the bug fixes
Ping Neha and upload the test results,Upload the test results
Ask Sanjay to send the invoice to finance,Send the invoice to finance
Ask Ankit if they can prepare the meeting notes,Can you prepare the meeting notes?
Inform Neha to schedule the client meeting,Schedule the client meeting
Ping Sanjay and push the changes to GitHub,Push the changes to GitHub
Tell Neha to finalize the budget report,Finalize the budget report
Inform Sneha to finalize the budget report,Finalize the budget report
Message John to push the changes to GitHub,Push the changes to GitHub
Remind Karan to send the invoice to finance,Send the invoice to finance
Inform Priya to send the invoice to finance,Send the invoice to finance
Tell Priya to push the changes to GitHub,Push the changes to GitHub
Inform John to upload the test results,Upload the test results
Inform Rina to update the deployment plan,Update the deployment plan
Inform Rohit to book the conference room,Book the conference room
Message Priya to submit the daily report,Submit the daily report
Send a message to Priya to send a summary of today’s meeting,Send a summary of today’s meeting
Inform Sanjay to bring the laptop tomorrow,Bring the laptop tomorrow
Ask Sanjay if they can share the onboarding document,Can you share the onboarding document?
Ask John to send a summary of today’s meeting,Send a summary of today’s meeting
Inform Rina to upload the test results,Upload the test results
Ask Alex to plan the next sprint tasks,Plan the next sprint tasks
Send a message to Divya to draft the new proposal,Draft the new proposal
Ask Isha to upload the test results,Upload the test results
Request John to send me the project update,Send me the project update
Request Sneha to finalize the budget report,Finalize the budget report
Text Karan to send the invoice to finance,Send the invoice to finance
Send a message to Karan to draft the new proposal,Draft the new proposal
Remind Rina to push the changes to GitHub,Push the changes to GitHub
Message Priya to check the bug fixes,Check the bug fixes
Ask Meera to submit the daily report,Submit the daily report
Ask Ankit if they can draft the new proposal,Can you draft the new proposal?
Ask Ankit if they can review the presentation slides,Can you review the presentation slides?
Request Ankit to plan the next sprint tasks,Plan the next sprint tasks
Send a message to Rohit to send the invoice to finance,Send the invoice to finance
Ask Neha if they can bring the laptop tomorrow,Can you bring the laptop tomorrow?
Inform Isha to push the changes to GitHub,Push the changes to GitHub
Message Sanjay to finalize the budget report,Finalize the budget report
Request Rohit to update the deployment plan,Update the deployment plan
Tell Neha to share the onboarding document,Share the onboarding document
Tell Sanjay to send a summary of today’s meeting,Send a summary of today’s meeting
Ping Alex and send the invoice to finance,Send the invoice to finance
Tell Karan to push the changes to GitHub,Push the changes to GitHub
Text Ankit to finalize the budget report,Finalize the budget report
Send a message to Sanjay to finalize the budget report,Finalize the budget report
Tell Rina to send me the project update,Send me the project update
Request Rina to send me the project update,Send me the project update
Ask Sanjay if they can send a summary of today’s meeting,Can you send a summary of today’s meeting?
Ask Riya to send a summary of today’s meeting,Send a summary of today’s meeting
Text Riya to finalize the budget report,Finalize the budget report
Text Priya to send the invoice to finance,Send the invoice to finance
Tell Divya to send me the project update,Send me the project update
Text Rohit to send the invoice to finance,Send the invoice to finance
Send a message to John to send a summary of today’s meeting,Send a summary of today’s meeting
Text John to send a summary of today’s meeting,Send a summary of today’s meeting
Inform Alex to plan the next sprint tasks,Plan the next sprint tasks
Ping Sanjay and send the invoice to finance,Send the invoice to finance
Remind Isha to share the onboarding document,Share the onboarding document
Tell Divya to schedule the client meeting,Schedule the client meeting
Request Divya to check the bug fixes,Check the bug fixes
Text Divya to submit the daily report,Submit the daily report
Send a message to Rohit to send the invoice to finance,Send the invoice to finance
Send a message to Neha to update the deployment plan,Update the deployment plan
Ask Rahul to draft the new proposal,Draft the new proposal
Text Divya to confirm interview timings,Confirm interview timings
Inform Alex to submit the daily report,Submit the daily report
Ping Sneha and push the changes to GitHub,Push the changes to GitHub
Request Riya to review the latest pull request,Review the latest pull request
Send a message to Ankit to review the presentation slides,Review the presentation slides
Ask Rahul if they can schedule the client meeting,Can you schedule the client meeting?
Ask John to finalize the budget report,Finalize the budget report
Inform Meera to upload the test results,Upload the test results
Message Sanjay to schedule the client meeting,Schedule the client meeting
Send a message to John to share the onboarding document,Share the onboarding document
Tell Rina to send me the project update,Send me the project update
Text Sneha to review the latest pull request,Review the latest pull request
Message John to book the conference room,Book the conference room
Request Alex to send a summary of today’s meeting,Send a summary of today’s meeting
Request Rohit to send me the project update,Send me the project update
Send a message to Rina to share the new code files,Share the new code files
Ask Rohit to prepare the meeting notes,Prepare the meeting notes
Ping Alex and update the deployment plan,Update the deployment plan
Tell Priya to review the presentation slides,Review the presentation slides
Tell Neha to update the deployment plan,Update the deployment plan
Message Riya to book the conference room,Book the conference room
Inform Isha to upload the test results,Upload the test results
Text Alex to plan the next sprint tasks,Plan the next sprint tasks
Ask Ankit if they can submit the daily report,Can you submit the daily report?
Text Divya to review the presentation slides,Review the presentation slides
Ask Divya to finalize the budget report,Finalize the budget report
Request John to confirm interview timings,Confirm interview timings
Text Rohit to share the onboarding document,Share the onboarding document
Remind John to plan the next sprint tasks,Plan the next sprint tasks
Remind Divya to review the latest pull request,Review the latest pull request
Text Rahul to send me the project update,Send me the project update
Remind John to plan the next sprint tasks,Plan the next sprint tasks
Remind Neha to review the latest pull request,Review the latest pull request
Text Alex to review the latest pull request,Review the latest pull request
Ask Rina to submit the daily report,Submit the daily report
Request Rohit to submit the daily report,Submit the daily report
Send a message to Neha to update the deployment plan,Update the deployment plan
Request Neha to send a summary of today’s meeting,Send a summary of today’s meeting
Ask Riya if they can review the latest pull request,Can you review the latest pull request?
Inform Karan to finalize the budget report,Finalize the budget report
Tell Ankit to book the conference room,Book the conference room
Request Alex to send the invoice to finance,Send the invoice to finance
Remind Ankit to book the conference room,Book the conference room
Remind Sanjay to check the bug fixes,Check the bug fixes
Request Rahul to share the new code files,Share the new code files
Inform Riya to review the presentation slides,Review the presentation slides
Text Meera to finalize the budget report,Finalize the budget report
Ask Sanjay to confirm interview timings,Confirm interview timings
Message Neha to send me the project update,Send me the project update
Remind Rina to draft the new proposal,Draft the new proposal
Ask Meera to update the deployment plan,Update the deployment plan
Request Meera to submit the daily report,Submit the daily report
Request Rohit to plan the next sprint tasks,Plan the next sprint tasks
Request Sneha to update the deployment plan,Update the deployment plan
Tell Riya to confirm interview timings,Confirm interview timings
Remind Rahul to review the latest pull request,Review the latest pull request
Tell Ankit to push the changes to GitHub,Push the changes to GitHub
Ask Rohit to send the invoice to finance,Send the invoice to finance
Message Rohit to share the new code files,Share the new code files
Ask Sneha if they can share the new code files,Can you share the new code files?
Text Neha to check the bug fixes,Check the bug fixes
Ping Neha and book the conference room,Book the conference room
Send a message to Neha to review the presentation slides,Review the presentation slides
Ping Divya and send the invoice to finance,Send the invoice to finance
Ping Alex and review the presentation slides,Review the presentation slides
Request Rina to update the deployment plan,Update the deployment plan
Inform Neha to confirm interview timings,Confirm interview timings
Ask Karan to submit the daily report,Submit the daily report
Tell Priya to bring the laptop tomorrow,Bring the laptop tomorrow
Send a message to Priya to upload the test results,Upload the test results
Message Riya to check the bug fixes,Check the bug fixes
Inform Rohit to send the invoice to finance,Send the invoice to finance
Remind Alex to bring the laptop tomorrow,Bring the laptop tomorrow
Tell Rohit to plan the next sprint tasks,Plan the next sprint tasks
Message Ankit to share the new code files,Share the new code files
Ask Ankit to draft the new proposal,Draft the new proposal
Send a message to Rahul to book the conference room,Book the conference room
Ask Rohit to finalize the budget report,Finalize the budget report
Message Riya to submit the daily report,Submit the daily report
Send a message to Meera to confirm interview timings,Confirm interview timings
Ping Karan and bring the laptop tomorrow,Bring the laptop tomorrow
Ask Sanjay to book the conference room,Book the conference room
Request Meera to confirm interview timings,Confirm interview timings
Text Priya to bring the laptop tomorrow,Bring the laptop tomorrow
Message Karan to prepare the meeting notes,Prepare the meeting notes
Inform Alex to share the new code files,Share the new code files
Send a message to Sneha to push the changes to GitHub,Push the changes to GitHub
Message Alex to upload the test results,Upload the test results
Send a message to Divya to book the conference room,Book the conference room
Request Isha to prepare the meeting notes,Prepare the meeting notes
Send a message to Rahul to confirm interview timings,Confirm interview timings
Inform Divya to review the latest pull request,Review the latest pull request
Ping Rina and send the invoice to finance,Send the invoice to finance
Ask Ankit if they can check the bug fixes,Can you check the bug fixes?
Send a message to Riya to review the latest pull request,Review the latest pull request
Text Divya to push the changes to GitHub,Push the changes to GitHub
Ask Rohit to send me the project update,Send me the project update
Ask Riya if they can review the latest pull request,Can you review the latest pull request?
Text Rina to send me the project update,Send me the project update
Message Meera to bring the laptop tomorrow,Bring the laptop tomorrow
Message Sanjay to finalize the budget report,Finalize the budget report
Remind Divya to update the deployment plan,Update the deployment plan
Text Ankit to confirm interview timings,Confirm interview timings
Message Divya to push the changes to GitHub,Push the changes to GitHub
Message Alex to bring the laptop tomorrow,Bring the laptop tomorrow
Ask Priya to update the deployment plan,Update the deployment plan
Tell Sneha to share the new code files,Share the new code files
Ask Rohit if they can draft the new proposal,Can you draft the new proposal?
Message Neha to update the deployment plan,Update the deployment plan
Ask Neha to bring the laptop tomorrow,Bring the laptop tomorrow
Inform Rina to share the new code files,Share the new code files
Request Ankit to send me the project update,Send me the project update
Tell Rina to send the invoice to finance,Send the invoice to finance
Send a message to Rohit to send me the project update,Send me the project update
Tell Alex to book the conference room,Book the conference room
Request Divya to prepare the meeting notes,Prepare the meeting notes
Remind Priya to update the deployment plan,Update the deployment plan
Message Ankit to confirm interview timings,Confirm interview timings
Remind Priya to bring the laptop tomorrow,Bring the laptop tomorrow
Send a message to Isha to send a summary of today’s meeting,Send a summary of today’s meeting
Tell Karan to send me the project update,Send me the project update
Message Sneha to finalize the budget report,Finalize the budget report
Ping Rohit and bring the laptop tomorrow,Bring the laptop tomorrow
Send a message to Priya to schedule the client meeting,Schedule the client meeting
Inform Alex to send me the project update,Send me the project update
Text Karan to schedule the client meeting,Schedule the client meeting
Text Sneha to plan the next sprint tasks,Plan the next sprint tasks
Text Riya to update the deployment plan,Update the deployment plan
Ping Riya and bring the laptop tomorrow,Bring the laptop tomorrow
Ping Rohit and share the onboarding document,Share the onboarding document
Ping Karan and submit the daily report,Submit the daily report
Inform Sanjay to send me the project update,Send me the project update
Send a message to Ankit to update the deployment plan,Update the deployment plan
Remind Priya to review the latest pull request,Review the latest pull request
Send a message to Karan to prepare the meeting notes,Prepare the meeting notes
Request Rina to prepare the meeting notes,Prepare the meeting notes
Message Ankit to submit the daily report,Submit the daily report
Send a message to Alex to finalize the budget report,Finalize the budget report
Message Rahul to book the conference room,Book the conference room
Ping Isha and draft the new proposal,Draft the new proposal
Message Rohit to finalize the budget report,Finalize the budget report
Inform Priya to push the changes to GitHub,Push the changes to GitHub
Message Alex to share the new code files,Share the new code files
Ask Isha if they can confirm interview timings,Can you confirm interview timings?
Inform Rina to book the conference room,Book the conference room
Ask Priya if they can share the new code files,Can you share the new code files?
Ask Rina to send a summary of today’s meeting,Send a summary of today’s meeting
Send a message to Karan to schedule the client meeting,Schedule the client meeting
Request Rina to draft the new proposal,Draft the new proposal
Message Rina to prepare the meeting notes,Prepare the meeting notes
Message Sneha to finalize the budget report,Finalize the budget report
Inform Karan to book the conference room,Book the conference room
Ask Isha if they can submit the daily report,Can you submit the daily report?
Request Karan to share the onboarding document,Share the onboarding document
Inform John to plan the next sprint tasks,Plan the next sprint tasks
Ask John to check the bug fixes,Check the bug fixes
Text Ankit to bring the laptop tomorrow,Bring the laptop tomorrow
Ask Karan if they can upload the test results,Can you upload the test results?
Remind Neha to check the bug fixes,Check the bug fixes
Ask Meera if they can bring the laptop tomorrow,Can you bring the laptop tomorrow?
Send a message to Alex to send the invoice to finance,Send the invoice to finance
Ask Rina if they can review the latest pull request,Can you review the latest pull request?
Message Karan to push the changes to GitHub,Push the changes to GitHub
Message Sneha to finalize the budget report,Finalize the budget report
Ask Alex to review the latest pull request,Review the latest pull request
Ping Priya and bring the laptop tomorrow,Bring the laptop tomorrow
Ask Riya to submit the daily report,Submit the daily report
Text Priya to draft the new proposal,Draft the new proposal
Ping Alex and plan the next sprint tasks,Plan the next sprint tasks
Ask Meera to push the changes to GitHub,Push the changes to GitHub
Inform Rina to confirm interview timings,Confirm interview timings
Tell John to send a summary of today’s meeting,Send a summary of today’s meeting
Send a message to Rina to upload the test results,Upload the test results
Message Neha to plan the next sprint tasks,Plan the next sprint tasks
Ask Priya if they can share the onboarding document,Can you share the onboarding document?
Remind Sneha to prepare the meeting notes,Prepare the meeting notes
Remind Alex to check the bug fixes,Check the bug fixes
Ping Sanjay and share the new code files,Share the new code files
Text Rina to check the bug fixes,Check the bug fixes
Remind Rahul to plan the next sprint tasks,Plan the next sprint tasks
Ask Sneha to plan the next sprint tasks,Plan the next sprint tasks
Inform Meera to push the changes to GitHub,Push the changes to GitHub
Remind Alex to send the invoice to finance,Send the invoice to finance
Send a message to Rohit to book the conference room,Book the conference room
Send a message to Ankit to upload the test results,Upload the test results
Ask Meera to bring the laptop tomorrow,Bring the laptop tomorrow
Ask Neha if they can draft the new proposal,Can you draft the new proposal?
Inform Rohit to update the deployment plan,Update the deployment plan
Ask Rina if they can confirm interview timings,Can you confirm interview timings?
Ask Rohit if they can upload the test results,Can you upload the test results?
Remind John to schedule the client meeting,Schedule the client meeting
Ask Karan to send me the project update,Send me the project update
Inform Rina to send a summary of today’s meeting,Send a summary of today’s meeting
Send a message to Isha to plan the next sprint tasks,Plan the next sprint tasks
Message Sanjay to upload the test results,Upload the test results
Tell Ankit to push the changes to GitHub,Push the changes to GitHub
Ask Sanjay if they can upload the test results,Can you upload the test results?
Ask Rina if they can confirm interview timings,Can you confirm interview timings?
Send a message to John to draft the new proposal,Draft the new proposal
Remind Priya to upload the test results,Upload the test results
Text Neha to upload the test results,Upload the test results
Send a message to Rohit to send me the project update,Send me the project update
Request Alex to prepare the meeting notes,Prepare the meeting notes
Send a message to Alex to send the invoice to finance,Send the invoice to finance
Tell Priya to check the bug fixes,Check the bug fixes
Ask Rahul if they can confirm interview timings,Can you confirm interview timings?
Request Meera to finalize the budget report,Finalize the budget report
Ask Sanjay if they can bring the laptop tomorrow,Can you bring the laptop tomorrow?
Ask Meera to check the bug fixes,Check the bug fixes
Text Riya to upload the test results,Upload the test results
Tell Sanjay to bring the laptop tomorrow,Bring the laptop tomorrow
Ping Isha and send me the project update,Send me the project update
Ask John if they can upload the test results,Can you upload the test results?
Tell Alex to send the invoice to finance,Send the invoice to finance
Ping Rina and review the latest pull request,Review the latest pull request
Remind John to upload the test results,Upload the test results
Tell Isha to bring the laptop tomorrow,Bring the laptop tomorrow
Remind Meera to confirm interview timings,Confirm interview timings
Text Sneha to schedule the client meeting,Schedule the client meeting
Request Sneha to book the conference room,Book the conference room
Inform Sneha to book the conference room,Book the conference room
Send a message to Sanjay to prepare the meeting notes,Prepare the meeting notes
Tell Rohit to share the onboarding document,Share the onboarding document
Send a message to Divya to submit the daily report,Submit the daily report
Ping Divya and draft the new proposal,Draft the new proposal
Remind John to finalize the budget report,Finalize the budget report
Inform Neha to share the new code files,Share the new code files
Remind Rahul to send the invoice to finance,Send the invoice to finance
Ask Ankit if they can send a summary of today’s meeting,Can you send a summary of today’s meeting?
Ping Ankit and send the invoice to finance,Send the invoice to finance
Ask Meera to draft the new proposal,Draft the new proposal
Request Divya to push the changes to GitHub,Push the changes to GitHub
Remind Meera to plan the next sprint tasks,Plan the next sprint tasks
Ask Karan to plan the next sprint tasks,Plan the next sprint tasks
Inform Priya to book the conference room,Book the conference room
Request Meera to review the presentation slides,Review the presentation slides
Ask Priya if they can prepare the meeting notes,Can you prepare the meeting notes?
Ping Divya and confirm interview timings,Confirm interview timings
Inform Divya to draft the new proposal,Draft the new proposal
Ping Rahul and send the invoice to finance,Send the invoice to finance
Ping Sanjay and draft the new proposal,Draft the new proposal
Ask Priya if they can book the conference room,Can you book the conference room?
Send a message to Alex to send a summary of today’s meeting,Send a summary of today’s meeting
Tell Isha to share the new code files,Share the new code files
Send a message to Rina to send me the project update,Send me the project update
Request Divya to submit the daily report,Submit the daily report
Ask Ankit to submit the daily report,Submit the daily report
Message Riya to check the bug fixes,Check the bug fixes
Tell Alex to send the invoice to finance,Send the invoice to finance
Request Sanjay to schedule the client meeting,Schedule the client meeting
Send a message to Priya to upload the test results,Upload the test results
Tell Riya to finalize the budget report,Finalize the budget report
Request Meera to review the latest pull request,Review the latest pull request
Send a message to Sneha to plan the next sprint tasks,Plan the next sprint tasks
Tell Divya to prepare the meeting notes,Prepare the meeting notes
Text Rina to confirm interview timings,Confirm interview timings
Ping John and push the changes to GitHub,Push the changes to GitHub
Request Divya to plan the next sprint tasks,Plan the next sprint tasks
Remind John to push the changes to GitHub,Push the changes to GitHub
Remind Alex to review the presentation slides,Review the presentation slides
Ask Meera to check the bug fixes,Check the bug fixes
Tell Priya to bring the laptop tomorrow,Bring the laptop tomorrow
Remind Sanjay to finalize the budget report,Finalize the budget report
Tell Alex to review the latest pull request,Review the latest pull request
Ask Karan to plan the next sprint tasks,Plan the next sprint tasks
Message Rohit to review the presentation slides,Review the presentation slides
Send a message to Meera to send a summary of today’s meeting,Send a summary of today’s meeting
Text Sneha to share the new code files,Share the new code files
Remind Rahul to plan the next sprint tasks,Plan the next sprint tasks
Send a message to John to upload the test results,Upload the test results
Remind Ankit to plan the next sprint tasks,Plan the next sprint tasks
Ping Ankit and draft the new proposal,Draft the new proposal
Text Sneha to push the changes to GitHub,Push the changes to GitHub
Ask Karan if they can upload the test results,Can you upload the test results?
Text Isha to send me the project update,Send me the project update
Inform Divya to send the invoice to finance,Send the invoice to finance
Ask Karan if they can review the presentation slides,Can you review the presentation slides?
Ping Meera and prepare the meeting notes,Prepare the meeting notes
Ask Meera to finalize the budget report,Finalize the budget report
Message Priya to check the bug fixes,Check the bug fixes
Remind Riya to update the deployment plan,Update the deployment plan
Ask Rahul to confirm interview timings,Confirm interview timings
Ping Karan and plan the next sprint tasks,Plan the next sprint tasks
Request Rohit to share the new code files,Share the new code files
Remind Rohit to push the changes to GitHub,Push the changes to GitHub
Tell Alex to draft the new proposal,Draft the new proposal
Request Ankit to plan the next sprint tasks,Plan the next sprint tasks
Remind Priya to confirm interview timings,Confirm interview timings
Ask Rohit to update the deployment plan,Update the deployment plan
Ask Meera to review the latest pull request,Review the latest pull request
Ask Sneha if they can plan the next sprint tasks,Can you plan the next sprint tasks?
Ping Priya and send a summary of today’s meeting,Send a summary of today’s meeting
Tell Neha to prepare the meeting notes,Prepare the meeting notes
Request Sanjay to update the deployment plan,Update the deployment plan
Ping Sanjay and send a summary of today’s meeting,Send a summary of today’s meeting
Inform Alex to bring the laptop tomorrow,Bring the laptop tomorrow
Ping Rohit and share the onboarding document,Share the onboarding document
Remind Karan to update the deployment plan,Update the deployment plan
Message Rahul to submit the daily report,Submit the daily report
Ask John if they can plan the next sprint tasks,Can you plan the next sprint tasks?
Remind Ankit to draft the new proposal,Draft the new proposal
Text Meera to schedule the client meeting,Schedule the client meeting
Text Meera to bring the laptop tomorrow,Bring the laptop tomorrow
Text Karan to review the latest pull request,Review the latest pull request
Request Neha to update the deployment plan,Update the deployment plan
Message John to check the bug fixes,Check the bug fixes
Ping Rohit and push the changes to GitHub,Push the changes to GitHub
Ask Isha if they can share the new code files,Can you share the new code files?
Message Karan to prepare the meeting notes,Prepare the meeting notes
Text Rohit to update the deployment plan,Update the deployment plan
Message Riya to share the onboarding document,Share the onboarding document
Tell Sneha to submit the daily report,Submit the daily report
Ping Isha and review the latest pull request,Review the latest pull request
Ping Karan and bring the laptop tomorrow,Bring the laptop tomorrow
Message Meera to submit the daily report,Submit the daily report
Ask Ankit if they can bring the laptop tomorrow,Can you bring the laptop tomorrow?
Message Riya to review the latest pull request,Review the latest pull request
Remind Karan to send a summary of today’s meeting,Send a summary of today’s meeting
Inform John to send the invoice to finance,Send the invoice to finance
Send a message to Sanjay to schedule the client meeting,Schedule the client meeting
Ping Rahul and review the presentation slides,Review the presentation slides
Text Meera to submit the daily report,Submit the daily report
Message Divya to push the changes to GitHub,Push the changes to GitHub
Remind Rohit to review the latest pull request,Review the latest pull request
Ping Riya and share the onboarding document,Share the onboarding document
Inform John to push the changes to GitHub,Push the changes to GitHub
Tell Isha to review the presentation slides,Review the presentation slides
Ping Riya and finalize the budget report,Finalize the budget report
Message Meera to confirm interview timings,Confirm interview timings
Send a message to Meera to send a summary of today’s meeting,Send a summary of today’s meeting
Ask Sneha if they can send a summary of today’s meeting,Can you send a summary of today’s meeting?
Ask Divya to confirm interview timings,Confirm interview timings
Text Priya to share the new code files,Share the new code files
Inform Divya to confirm interview timings,Confirm interview timings
Message Rohit to bring the laptop tomorrow,Bring the laptop tomorrow
Tell Riya to review the latest pull request,Review the latest pull request
Request John to push the changes to GitHub,Push the changes to GitHub
Text Meera to send the invoice to finance,Send the invoice to finance
Ask Karan to plan the next sprint tasks,Plan the next sprint tasks
Message Sneha to draft the new proposal,Draft the new proposal
Text Riya to prepare the meeting notes,Prepare the meeting notes
Ask Karan if they can schedule the client meeting,Can you schedule the client meeting?
Message Neha to send a summary of today’s meeting,Send a summary of today’s meeting
Remind Priya to check the bug fixes,Check the bug fixes
Ask Sanjay if they can submit the daily report,Can you submit the daily report?
Remind Rahul to draft the new proposal,Draft the new proposal
Ask Riya if they can schedule the client meeting,Can you schedule the client meeting?
Text Rahul to schedule the client meeting,Schedule the client meeting
Request Meera to send me the project update,Send me the project update
Send a message to Sneha to update the deployment plan,Update the deployment plan
Remind Meera to send the invoice to finance,Send the invoice to finance
Inform Sanjay to submit the daily report,Submit the daily report
Remind Sneha to update the deployment plan,Update the deployment plan
Ping Sneha and share the onboarding document,Share the onboarding document
Ask Sanjay if they can share the onboarding document,Can you share the onboarding document?
Inform Sneha to bring the laptop tomorrow,Bring the laptop tomorrow
Ping Karan and prepare the meeting notes,Prepare the meeting notes
Ask Rina if they can book the conference room,Can you book the conference room?
Ask Sneha if they can upload the test results,Can you upload the test results?
Tell Alex to plan the next sprint tasks,Plan the next sprint tasks
Tell Divya to send the invoice to finance,Send the invoice to finance
Ask Alex to finalize the budget report,Finalize the budget report
Ask Rahul to finalize the budget report,Finalize the budget report
Request Riya to review the latest pull request,Review the latest pull request
Ping Rohit and review the latest pull request,Review the latest pull request
Text Neha to draft the new proposal,Draft the new proposal
Inform Meera to send a summary of today’s meeting,Send a summary of today’s meeting
Ask Sanjay to draft the new proposal,Draft the new proposal
Text Divya to prepare the meeting notes,Prepare the meeting notes
Inform Riya to share the onboarding document,Share the onboarding document
Text Divya to send me the project update,Send me the project update
Remind Rina to send me the project update,Send me the project update
Text Riya to confirm interview timings,Confirm interview timings
Send a message to Sneha to book the conference room,Book the conference room
Remind Sanjay to plan the next sprint tasks,Plan the next sprint tasks
Inform Divya to confirm interview timings,Confirm interview timings
Tell Riya to push the changes to GitHub,Push the changes to GitHub
Ping Alex and share the onboarding document,Share the onboarding document
Ask Karan to review the latest pull request,Review the latest pull request
Tell Rahul to finalize the budget report,Finalize the budget report
Remind Meera to draft the new proposal,Draft the new proposal
Request Meera to send a summary of today’s meeting,Send a summary of today’s meeting
Remind Meera to finalize the budget report,Finalize the budget report
Ask Meera if they can prepare the meeting notes,Can you prepare the meeting notes?
Ping Rahul and review the presentation slides,Review the presentation slides
Ping Priya and book the conference room,Book the conference room
Message John to upload the test results,Upload the test results
Send a message to Alex to submit the daily report,Submit the daily report
Inform Rohit to confirm interview timings,Confirm interview timings
Tell Priya to send me the project update,Send me the project update
Request Riya to review the presentation slides,Review the presentation slides
Text Priya to share the new code files,Share the new code files
Remind Priya to push the changes to GitHub,Push the changes to GitHub
Remind Isha to push the changes to GitHub,Push the changes to GitHub
Inform Isha to finalize the budget report,Finalize the budget report
Request John to draft the new proposal,Draft the new proposal
Message Ankit to share the new code files,Share the new code files
Ping Rina and prepare the meeting notes,Prepare the meeting notes
Ask Isha to schedule the client meeting,Schedule the client meeting
Ask Ankit if they can confirm interview timings,Can you confirm interview timings?
Message Rohit to send me the project update,Send me the project update
Tell John to share the onboarding document,Share the onboarding document
Text Rohit to confirm interview timings,Confirm interview timings
Remind John to bring the laptop tomorrow,Bring the laptop tomorrow
Text Priya to book the conference room,Book the conference room
Send a message to Alex to prepare the meeting notes,Prepare the meeting notes
Remind Rahul to review the latest pull request,Review the latest pull request
Ask Sanjay to send the invoice to finance,Send the invoice to finance
Ask Karan to confirm interview timings,Confirm interview timings
Message Ankit to push the changes to GitHub,Push the changes to GitHub
Remind Sneha to push the changes to GitHub,Push the changes to GitHub
Remind Rina to prepare the meeting notes,Prepare the meeting notes
Remind Riya to send me the project update,Send me the project update
Ask Sanjay if they can book the conference room,Can you book the conference room?
Request Neha to confirm interview timings,Confirm interview timings
Request Riya to share the new code files,Share the new code files
Message Priya to submit the daily report,Submit the daily report
Message Rohit to prepare the meeting notes,Prepare the meeting notes
Ask Neha if they can review the presentation slides,Can you review the presentation slides?
Ask Ankit to book the conference room,Book the conference room
Ask Rahul if they can update the deployment plan,Can you update the deployment plan?
Ask Isha if they can finalize the budget report,Can you finalize the budget report?
Request Neha to bring the laptop tomorrow,Bring the laptop tomorrow
Inform Meera to share the new code files,Share the new code files
Ping Sanjay and prepare the meeting notes,Prepare the meeting notes
Request Karan to schedule the client meeting,Schedule the client meeting
Ask John to send the invoice to finance,Send the invoice to finance
Request Riya to upload the test results,Upload the test results
Inform Karan to schedule the client meeting,Schedule the client meeting
Send a message to Rahul to push the changes to GitHub,Push the changes to GitHub
Ping Ankit and share the new code files,Share the new code files
Ask Divya to send a summary of today’s meeting,Send a summary of today’s meeting
Request Rina to push the changes to GitHub,Push the changes to GitHub
Ask Karan if they can review the presentation slides,Can you review the presentation slides?
Inform Sanjay to prepare the meeting notes,Prepare the meeting notes
Text Riya to confirm interview timings,Confirm interview timings
Ping Priya and finalize the budget report,Finalize the budget report
Ask John to check the bug fixes,Check the bug fixes
Text Alex to upload the test results,Upload the test results
Ask Isha to bring the laptop tomorrow,Bring the laptop tomorrow
Send a message to Sanjay to bring the laptop tomorrow,Bring the laptop tomorrow
Request Alex to upload the test results,Upload the test results
Inform Meera to schedule the client meeting,Schedule the client meeting
Ask Karan if they can book the conference room,Can you book the conference room?
Remind Alex to book the conference room,Book the conference room
Text Ankit to send me the project update,Send me the project update
Text Rina to plan the next sprint tasks,Plan the next sprint tasks
Ping Priya and schedule the client meeting,Schedule the client meeting
Ping Karan and finalize the budget report,Finalize the budget report
Ask Sneha to bring the laptop tomorrow,Bring the laptop tomorrow
Send a message to Rahul to share the new code files,Share the new code files
Message Meera to submit the daily report,Submit the daily report
Tell Sanjay to plan the next sprint tasks,Plan the next sprint tasks
Message Priya to share the new code files,Share the new code files
Ask Sanjay to review the presentation slides,Review the presentation slides
Text Rahul to send the invoice to finance,Send the invoice to finance
Text Isha to update the deployment plan,Update the deployment plan
Ping Ankit and book the conference room,Book the conference room
Request Sneha to book the conference room,Book the conference room
Request Meera to review the latest pull request,Review the latest pull request
Inform Karan to confirm interview timings,Confirm interview timings
Inform Rina to update the deployment plan,Update the deployment plan
Send a message to Alex to push the changes to GitHub,Push the changes to GitHub
Message Priya to schedule the client meeting,Schedule the client meeting
Send a message to Isha to finalize the budget report,Finalize the budget report
Request Priya to check the bug fixes,Check the bug fixes
Ask Rina to plan the next sprint tasks,Plan the next sprint tasks
Tell Sneha to send a summary of today’s meeting,Send a summary of today’s meeting
Remind Meera to upload the test results,Upload the test results
Ask Rohit to review the latest pull request,Review the latest pull request
Request Sneha to bring the laptop tomorrow,Bring the laptop tomorrow
Inform Riya to confirm interview timings,Confirm interview timings
Send a message to Alex to bring the laptop tomorrow,Bring the laptop tomorrow
Ask Divya to review the presentation slides,Review the presentation slides
Send a message to Riya to review the latest pull request,Review the latest pull request
Text Alex to update the deployment plan,Update the deployment plan
Text Isha to send a summary of today’s meeting,Send a summary of today’s meeting
Inform Isha to upload the test results,Upload the test results
Ask Sneha to send me the project update,Send me the project update
Request Isha to prepare the meeting notes,Prepare the meeting notes
Message Ankit to finalize the budget report,Finalize the budget report
Remind Rina to check the bug fixes,Check the bug fixes
Inform Sneha to review the latest pull request,Review the latest pull request
Ask Karan if they can draft the new proposal,Can you draft the new proposal?
Send a message to Alex to plan the next sprint tasks,Plan the next sprint tasks
Inform Riya to review the presentation slides,Review the presentation slides
Ask Priya to book the conference room,Book the conference room
Send a message to Alex to book the conference room,Book the conference room
Ping Isha and finalize the budget report,Finalize the budget report
Tell Isha to draft the new proposal,Draft the new proposal
Ping Sneha and review the presentation slides,Review the presentation slides
Ask Ankit to bring the laptop tomorrow,Bring the laptop tomorrow
Remind Alex to draft the new proposal,Draft the new proposal
Text Meera to update the deployment plan,Update the deployment plan
Request Divya to send the invoice to finance,Send the invoice to finance
Message Rahul to send a summary of today’s meeting,Send a summary of today’s meeting
Send a message to Priya to book the conference room,Book the conference room
Ask Neha if they can confirm interview timings,Can you confirm interview timings?
Ping Rahul and share the new code files,Share the new code files
Text Sneha to share the new code files,Share the new code files
Ask Ankit to draft the new proposal,Draft the new proposal
Message Isha to draft the new proposal,Draft the new proposal
Tell Rahul to share the new code files,Share the new code files
Remind Sneha to review the latest pull request,Review the latest pull request
Message Divya to update the deployment plan,Update the deployment plan
Remind Rahul to review the presentation slides,Review the presentation slides
Send a message to Karan to confirm interview timings,Confirm interview timings
Ping Rohit and review the latest pull request,Review the latest pull request
Text Divya to share the onboarding document,Share the onboarding document
Ping Ankit and send the invoice to finance,Send the invoice to finance
Tell Sanjay to prepare the meeting notes,Prepare the meeting notes
Send a message to Isha to review the latest pull request,Review the latest pull request
Remind Karan to check the bug fixes,Check the bug fixes
Request Alex to send a summary of today’s meeting,Send a summary of today’s meeting
Remind Rahul to bring the laptop tomorrow,Bring the laptop tomorrow
Remind Rohit to book the conference room,Book the conference room
Text Priya to confirm interview timings,Confirm interview timings
Remind Isha to review the latest pull request,Review the latest pull request
Send a message to Rahul to confirm interview timings,Confirm interview timings
Send a message to Alex to prepare the meeting notes,Prepare the meeting notes
Tell Isha to push the changes to GitHub,Push the changes to GitHub
Ask Sneha to bring the laptop tomorrow,Bring the laptop tomorrow
Ping Meera and share the new code files,Share the new code files
Ping Meera and schedule the client meeting,Schedule the client meeting
Ask Meera if they can share the new code files,Can you share the new code files?
Message Neha to send a summary of today’s meeting,Send a summary of today’s meeting
Tell Sneha to share the new code files,Share the new code files
Remind Sanjay to send me the project update,Send me the project update
Text Priya to share the onboarding document,Share the onboarding document
Send a message to Rohit to schedule the client meeting,Schedule the client meeting
Ask Priya to push the changes to GitHub,Push the changes to GitHub
Inform Rohit to book the conference room,Book the conference room
Inform Alex to send me the project update,Send me the project update
Ask Neha to update the deployment plan,Update the deployment plan
Send a message to Rina to send me the project update,Send me the project update
Ask Alex to book the conference room,Book the conference room
Message Sneha to push the changes to GitHub,Push the changes to GitHub
Message Rohit to send a summary of today’s meeting,Send a summary of today’s meeting
Remind Riya to send me the project update,Send me the project update
Ask Sanjay if they can send the invoice to finance,Can you send the invoice to finance?
Tell Isha to share the new code files,Share the new code files
Inform Neha to bring the laptop tomorrow,Bring the laptop tomorrow
Ask John to review the latest pull request,Review the latest pull request
Request Meera to schedule the client meeting,Schedule the client meeting
Ask Rahul to push the changes to GitHub,Push the changes to GitHub
Request Riya to send a summary of today’s meeting,Send a summary of today’s meeting
Ask Sanjay to bring the laptop tomorrow,Bring the laptop tomorrow
Ask Rahul to update the deployment plan,Update the deployment plan
Tell Isha to upload the test results,Upload the test results
Send a message to Karan to update the deployment plan,Update the deployment plan
Inform Karan to confirm interview timings,Confirm interview timings
Text Rahul to book the conference room,Book the conference room
Ask Karan if they can update the deployment plan,Can you update the deployment plan?
Send a message to John to plan the next sprint tasks,Plan the next sprint tasks
Message Priya to share the new code files,Share the new code files
Ping Karan and schedule the client meeting,Schedule the client meeting
Message Karan to bring the laptop tomorrow,Bring the laptop tomorrow
Send a message to Divya to submit the daily report,Submit the daily report
Ask Divya if they can send the invoice to finance,Can you send the invoice to finance?
Request Neha to bring the laptop tomorrow,Bring the laptop tomorrow
Ask Karan if they can confirm interview timings,Can you confirm interview timings?
Ask Sneha if they can send me the project update,Can you send me the project update?
Tell Isha to push the changes to GitHub,Push the changes to GitHub
Request Karan to review the presentation slides,Review the presentation slides
Ask Divya if they can review the presentation slides,Can you review the presentation slides?
Tell Isha to send me the project update,Send me the project update
Remind Karan to send me the project update,Send me the project update
Ask Divya if they can confirm interview timings,Can you confirm interview timings?
Inform Meera to bring the laptop tomorrow,Bring the laptop tomorrow
Message Karan to upload the test results,Upload the test results
Ask Neha if they can book the conference room,Can you book the conference room?
Inform Sneha to share the onboarding document,Share the onboarding document
Message Isha to review the presentation slides,Review the presentation slides
Tell Rina to finalize the budget report,Finalize the budget report
Remind Isha to review the presentation slides,Review the presentation slides
Send a message to Riya to confirm interview timings,Confirm interview timings
Remind Ankit to plan the next sprint tasks,Plan the next sprint tasks
Ask Alex to draft the new proposal,Draft the new proposal
Ping Rohit and review the latest pull request,Review the latest pull request
Ask Rahul if they can finalize the budget report,Can you finalize the budget report?
Text Priya to review the latest pull request,Review the latest pull request
Ask Rahul to share the onboarding document,Share the onboarding document
Ask Sneha if they can share the new code files,Can you share the new code files?
Request Alex to update the deployment plan,Update the deployment plan
Text Meera to push the changes to GitHub,Push the changes to GitHub
Remind Sneha to draft the new proposal,Draft the new proposal
Tell Karan to book the conference room,Book the conference room
Tell Priya to draft the new proposal,Draft the new proposal
Remind Riya to book the conference room,Book the conference room
Send a message to Alex to schedule the client meeting,Schedule the client meeting
Request Karan to plan the next sprint tasks,Plan the next sprint tasks
Text Rohit to push the changes to GitHub,Push the changes to GitHub
Request Rohit to check the bug fixes,Check the bug fixes
Remind Sanjay to check the bug fixes,Check the bug fixes
Message Rohit to send the invoice to finance,Send the invoice to finance
Ask Alex if they can finalize the budget report,Can you finalize the budget report?
Message John to check the bug fixes,Check the bug fixes
Ping Rahul and send a summary of today’s meeting,Send a summary of today’s meeting
Ping John and update the deployment plan,Update the deployment plan
Text John to review the latest pull request,Review the latest pull request
Message Sanjay to share the onboarding document,Share the onboarding document
Tell Neha to push the changes to GitHub,Push the changes to GitHub
Ask Rohit if they can review the latest pull request,Can you review the latest pull request?
Text Rahul to confirm interview timings,Confirm interview timings
Send a message to Sneha to book the conference room,Book the conference room
Message John to book the conference room,Book the conference room
Tell Priya to book the conference room,Book the conference room
Text Sneha to plan the next sprint tasks,Plan the next sprint tasks
Message Riya to schedule the client meeting,Schedule the client meeting
Request Divya to share the new code files,Share the new code files
Inform Sanjay to send me the project update,Send me the project update
Inform Rahul to submit the daily report,Submit the daily report
Send a message to Sanjay to review the latest pull request,Review the latest pull request
Ask Rohit if they can bring the laptop tomorrow,Can you bring the laptop tomorrow?
Inform Rina to review the latest pull request,Review the latest pull request
Ping Divya and upload the test results,Upload the test results
Message John to send a summary of today’s meeting,Send a summary of today’s meeting
Text Sneha to send a summary of today’s meeting,Send a summary of today’s meeting
Text Karan to share the onboarding document,Share the onboarding document
Send a message to Meera to submit the daily report,Submit the daily report
Ping Divya and share the new code files,Share the new code files
Remind Alex to share the onboarding document,Share the onboarding document
Message Meera to share the onboarding document,Share the onboarding document
Ask Divya if they can share the onboarding document,Can you share the onboarding document?
Inform Neha to prepare the meeting notes,Prepare the meeting notes
Request Rahul to finalize the budget report,Finalize the budget report
Message Rohit to share the new code files,Share the new code files
Text Alex to share the new code files,Share the new code files
Send a message to Isha to share the new code files,Share the new code files
Tell Rohit to confirm interview timings,Confirm interview timings
Tell Neha to draft the new proposal,Draft the new proposal
Ping Karan and send me the project update,Send me the project update
Text Sneha to update the deployment plan,Update the deployment plan
Message Rohit to share the new code files,Share the new code files
Ask Divya if they can bring the laptop tomorrow,Can you bring the laptop tomorrow?
Message Alex to plan the next sprint tasks,Plan the next sprint tasks
Send a message to Divya to bring the laptop tomorrow,Bring the laptop tomorrow
Send a message to Rahul to check the bug fixes,Check the bug fixes
Send a message to John to send a summary of today’s meeting,Send a summary of today’s meeting
Request Karan to draft the new proposal,Draft the new proposal
Request Rohit to schedule the client meeting,Schedule the client meeting
Ping John and send a summary of today’s meeting,Send a summary of today’s meeting
Send a message to Sneha to prepare the meeting notes,Prepare the meeting notes
Request Sanjay to finalize the budget report,Finalize the budget report
Remind Rahul to share the new code files,Share the new code files
Remind Rohit to prepare the meeting notes,Prepare the meeting notes
Ask Sneha if they can send me the project update,Can you send me the project update?
Remind Priya to review the presentation slides,Review the presentation slides
Ask Isha to check the bug fixes,Check the bug fixes
Remind Meera to send me the project update,Send me the project update
Remind Ankit to review the latest pull request,Review the latest pull request
Ask Rina if they can share the new code files,Can you share the new code files?
Tell Rina to share the onboarding document,Share the onboarding document
Remind Rina to send the invoice to finance,Send the invoice to finance
Remind Sneha to book the conference room,Book the conference room
Message Ankit to review the latest pull request,Review the latest pull request
Tell John to send the invoice to finance,Send the invoice to finance
Ask Rahul if they can book the conference room,Can you book the conference room?
Text Priya to push the changes to GitHub,Push the changes to GitHub
Send a message to Ankit to upload the test results,Upload the test results
Request Riya to push the changes to GitHub,Push the changes to GitHub
Message Alex to schedule the client meeting,Schedule the client meeting
Remind John to update the deployment plan,Update the deployment plan
Ask Rohit to send the invoice to finance,Send the invoice to finance
Send a message to Divya to finalize the budget report,Finalize the budget report
Ask Neha to push the changes to GitHub,Push the changes to GitHub
Ask Sanjay if they can check the bug fixes,Can you check the bug fixes?
Tell Alex to bring the laptop tomorrow,Bring the laptop tomorrow
Ask Alex if they can prepare the meeting notes,Can you prepare the meeting notes?
Request Karan to plan the next sprint tasks,Plan the next sprint tasks
Text Divya to upload the test results,Upload the test results
Message Karan to push the changes to GitHub,Push the changes to GitHub
Ping John and draft the new proposal,Draft the new proposal
Remind Priya to prepare the meeting notes,Prepare the meeting notes
Inform Riya to book the conference room,Book the conference room
Inform Ankit to prepare the meeting notes,Prepare the meeting notes
Send a message to Rina to update the deployment plan,Update the deployment plan
Request Sanjay to share the onboarding document,Share the onboarding document
Text Sanjay to share the new code files,Share the new code files
Text Isha to plan the next sprint tasks,Plan the next sprint tasks
Inform Rahul to bring the laptop tomorrow,Bring the laptop tomorrow
Ping Riya and finalize the budget report,Finalize the budget report
Message Riya to review the presentation slides,Review the presentation slides
Inform Riya to schedule the client meeting,Schedule the client meeting
Message Rahul to review the latest pull request,Review the latest pull request
Request Karan to bring the laptop tomorrow,Bring the laptop tomorrow
Tell Rohit to schedule the client meeting,Schedule the client meeting
Ask Neha if they can confirm interview timings,Can you confirm interview timings?
Message Rahul to send the invoice to finance,Send the invoice to finance
Tell Karan to check the bug fixes,Check the bug fixes
Remind Sneha to send me the project update,Send me the project update
Tell John to submit the daily report,Submit the daily report
Message Rohit to send a summary of today’s meeting,Send a summary of today’s meeting
Ping Rina and push the changes to GitHub,Push the changes to GitHub
Text Priya to send the invoice to finance,Send the invoice to finance
Request Sanjay to confirm interview timings,Confirm interview timings
Ask Ankit to confirm interview timings,Confirm interview timings
Tell Riya to book the conference room,Book the conference room
Ask Divya if they can update the deployment plan,Can you update the deployment plan?
Inform Rohit to update the deployment plan,Update the deployment plan
Inform Ankit to draft the new proposal,Draft the new proposal
Inform Rahul to book the conference room,Book the conference room
Tell Neha to bring the laptop tomorrow,Bring the laptop tomorrow
Ask Alex to review the presentation slides,Review the presentation slides
Ping Priya and send me the project update,Send me the project update
Ping Rohit and book the conference room,Book the conference room
Message Ankit to schedule the client meeting,Schedule the client meeting
Send a message to Rohit to update the deployment plan,Update the deployment plan
Request Rahul to share the new code files,Share the new code files
Inform Rahul to plan the next sprint tasks,Plan the next sprint tasks
Ask Sneha if they can upload the test results,Can you upload the test results?
Request Neha to send the invoice to finance,Send the invoice to finance
Inform Neha to schedule the client meeting,Schedule the client meeting
Text Divya to send me the project update,Send me the project update
Request Divya to schedule the client meeting,Schedule the client meeting
Ping Isha and confirm interview timings,Confirm interview timings
Send a message to Rahul to send me the project update,Send me the project update
Remind Priya to submit the daily report,Submit the daily report
Message Neha to send a summary of today’s meeting,Send a summary of today’s meeting
Message Riya to share the onboarding document,Share the onboarding document
Inform Neha to submit the daily report,Submit the daily report
Tell Priya to send a summary of today’s meeting,Send a summary of today’s meeting
Ask Rahul if they can review the latest pull request,Can you review the latest pull request?
Inform Sanjay to prepare the meeting notes,Prepare the meeting notes
Inform Rohit to upload the test results,Upload the test results
Inform Meera to share the onboarding document,Share the onboarding document
Remind Isha to send me the project update,Send me the project update
Inform Priya to push the changes to GitHub,Push the changes to GitHub
Inform Alex to send me the project update,Send me the project update
Tell Sneha to share the onboarding document,Share the onboarding document
Inform John to book the conference room,Book the conference room
Remind Sanjay to push the changes to GitHub,Push the changes to GitHub
Message Priya to confirm interview timings,Confirm interview timings
Ask Meera to upload the test results,Upload the test results
Ask Ankit if they can bring the laptop tomorrow,Can you bring the laptop tomorrow?
Remind Riya to check the bug fixes,Check the bug fixes
Message Neha to review the presentation slides,Review the presentation slides
Ping Divya and share the onboarding document,Share the onboarding document
Message Neha to check the bug fixes,Check the bug fixes
Remind Rahul to book the conference room,Book the conference room
Remind Rina to check the bug fixes,Check the bug fixes
Request Rina to prepare the meeting notes,Prepare the meeting notes
Tell Riya to plan the next sprint tasks,Plan the next sprint tasks
Request Sanjay to bring the laptop tomorrow,Bring the laptop tomorrow
Ask Neha if they can update the deployment plan,Can you update the deployment plan?
Tell Divya to confirm interview timings,Confirm interview timings
Message John to confirm interview timings,Confirm interview timings
Remind Meera to book the conference room,Book the conference room
Ask Sneha if they can draft the new proposal,Can you draft the new proposal?
Text Karan to schedule the client meeting,Schedule the client meeting
Ask Alex to send a summary of today’s meeting,Send a summary of today’s meeting
Ask Divya if they can share the onboarding document,Can you share the onboarding document?
Inform Divya to share the new code files,Share the new code files
Send a message to Neha to draft the new proposal,Draft the new proposal
Message Sanjay to draft the new proposal,Draft the new proposal
Request Priya to send a summary of today’s meeting,Send a summary of today’s meeting
Ping Rina and book the conference room,Book the conference room
Remind Sneha to schedule the client meeting,Schedule the client meeting
Ping John and bring the laptop tomorrow,Bring the laptop tomorrow
Text Rohit to schedule the client meeting,Schedule the client meeting
Request Sanjay to book the conference room,Book the conference room
Send a message to Rahul to share the onboarding document,Share the onboarding document
Remind Meera to send me the project update,Send me the project update
Ask Riya if they can check the bug fixes,Can you check the bug fixes?
Tell Rina to send me the project update,Send me the project update
Remind Meera to share the onboarding document,Share the onboarding document
Request Rohit to review the latest pull request,Review the latest pull request
Remind Meera to review the presentation slides,Review the presentation slides
Message John to push the changes to GitHub,Push the changes to GitHub
Ping Alex and send the invoice to finance,Send the invoice to finance
Tell Rohit to push the changes to GitHub,Push the changes to GitHub
Ask Divya to share the new code files,Share the new code files
Message Rina to book the conference room,Book the conference room
Ask John to prepare the meeting notes,Prepare the meeting notes
Ask Meera to prepare the meeting notes,Prepare the meeting notes
Ask Karan to share the onboarding document,Share the onboarding document
Ask John if they can confirm interview timings,Can you confirm interview timings?
Message Neha to schedule the client meeting,Schedule the client meeting
Inform John to submit the daily report,Submit the daily report
Ask Rohit to upload the test results,Upload the test results
Inform Rohit to review the latest pull request,Review the latest pull request
Remind John to push the changes to GitHub,Push the changes to GitHub
Tell Rahul to schedule the client meeting,Schedule the client meeting
Tell Riya to update the deployment plan,Update the deployment plan
Ask John if they can review the latest pull request,Can you review the latest pull request?
Remind Karan to submit the daily report,Submit the daily report
Ask Divya if they can check the bug fixes,Can you check the bug fixes?
Ask Alex if they can update the deployment plan,Can you update the deployment plan?
Text Isha to send a summary of today’s meeting,Send a summary of today’s meeting
Inform Sneha to share the new code files,Share the new code files
Request Rina to submit the daily report,Submit the daily report
Ask Riya if they can plan the next sprint tasks,Can you plan the next sprint tasks?
Text Karan to review the presentation slides,Review the presentation slides
Send a message to Rahul to plan the next sprint tasks,Plan the next sprint tasks
Text Neha to update the deployment plan,Update the deployment plan
Tell Alex to update the deployment plan,Update the deployment plan
Inform Neha to schedule the client meeting,Schedule the client meeting
Remind Rina to plan the next sprint tasks,Plan the next sprint tasks
Ask Karan if they can upload the test results,Can you upload the test results?
Inform Divya to submit the daily report,Submit the daily report
Text Karan to push the changes to GitHub,Push the changes to GitHub
Ask Alex to bring the laptop tomorrow,Bring the laptop tomorrow
Remind Sneha to upload the test results,Upload the test results
Message Rina to share the new code files,Share the new code files
Ask Neha if they can book the conference room,Can you book the conference room?
Inform John to submit the daily report,Submit the daily report
Ask Rahul if they can finalize the budget report,Can you finalize the budget report?
Tell Ankit to check the bug fixes,Check the bug fixes
Request Priya to bring the laptop tomorrow,Bring the laptop tomorrow
Text Sneha to upload the test results,Upload the test results
Send a message to Isha to check the bug fixes,Check the bug fixes
Text Neha to prepare the meeting notes,Prepare the meeting notes
Text Neha to share the new code files,Share the new code files
Tell Neha to share the new code files,Share the new code files
Remind Sneha to send a summary of today’s meeting,Send a summary of today’s meeting
Ask Priya to schedule the client meeting,Schedule the client meeting
Ping John and bring the laptop tomorrow,Bring the laptop tomorrow
Ping Divya and prepare the meeting notes,Prepare the meeting notes
Message Karan to confirm interview timings,Confirm interview timings
Text Alex to review the presentation slides,Review the presentation slides
Send a message to Rina to confirm interview timings,Confirm interview timings
Remind Priya to review the presentation slides,Review the presentation slides
Ask Divya if they can review the latest pull request,Can you review the latest pull request?
Ping Isha and prepare the meeting notes,Prepare the meeting notes
Request Sneha to prepare the meeting notes,Prepare the meeting notes
Ping Rina and schedule the client meeting,Schedule the client meeting
Ask Rohit to review the latest pull request,Review the latest pull request
Ask Isha to push the changes to GitHub,Push the changes to GitHub
Ask Priya if they can send a summary of today’s meeting,Can you send a summary of today’s meeting?
Request Rahul to confirm interview timings,Confirm interview timings
Ask Sanjay if they can confirm interview timings,Can you confirm interview timings?
Send a message to Riya to send a summary of today’s meeting,Send a summary of today’s meeting
Message Meera to share the new code files,Share the new code files
Ask Karan if they can finalize the budget report,Can you finalize the budget report?
Send a message to Rohit to submit the daily report,Submit the daily report
Request John to confirm interview timings,Confirm interview timings
Ping Meera and review the latest pull request,Review the latest pull request
Ask Isha if they can share the onboarding document,Can you share the onboarding document?
Text Rina to bring the laptop tomorrow,Bring the laptop tomorrow
Ask Ankit to draft the new proposal,Draft the new proposal
Ask John to share the onboarding document,Share the onboarding document
Send a message to Alex to send the invoice to finance,Send the invoice to finance
Ask Alex if they can upload the test results,Can you upload the test results?
Remind Riya to send me the project update,Send me the project update
Send a message to Meera to finalize the budget report,Finalize the budget report
Tell Rahul to prepare the meeting notes,Prepare the meeting notes
Send a message to Karan to prepare the meeting notes,Prepare the meeting notes
Text Isha to bring the laptop tomorrow,Bring the laptop tomorrow
Text Rahul to draft the new proposal,Draft the new proposal
Tell Neha to plan the next sprint tasks,Plan the next sprint tasks
Ask Priya if they can push the changes to GitHub,Can you push the changes to GitHub?
Send a message to Neha to share the new code files,Share the new code files
Tell John to share the onboarding document,Share the onboarding document
Ask Priya to confirm interview timings,Confirm interview timings
Ping Karan and send me the project update,Send me the project update
Text Priya to share the new code files,Share the new code files
Request Riya to prepare the meeting notes,Prepare the meeting notes
Tell Priya to book the conference room,Book the conference room
Ask Isha to draft the new proposal,Draft the new proposal
Text Divya to send a summary of today’s meeting,Send a summary of today’s meeting
Request Riya to bring the laptop tomorrow,Bring the laptop tomorrow
Ping Alex and send a summary of today’s meeting,Send a summary of today’s meeting
Request Alex to send the invoice to finance,Send the invoice to finance
Ask Rohit if they can send a summary of today’s meeting,Can you send a summary of today’s meeting?
Ping John and check the bug fixes,Check the bug fixes
Send a message to Karan to confirm interview timings,Confirm interview timings
Send a message to Neha to share the new code files,Share the new code files
Message Divya to send a summary of today’s meeting,Send a summary of today’s meeting
Message Rahul to send the invoice to finance,Send the invoice to finance
Remind Neha to draft the new proposal,Draft the new proposal
Send a message to John to push the changes to GitHub,Push the changes to GitHub
Request Priya to check the bug fixes,Check the bug fixes
Ask Divya if they can upload the test results,Can you upload the test results?
Request Divya to book the conference room,Book the conference room
Ask Rohit to finalize the budget report,Finalize the budget report
Text Rohit to review the latest pull request,Review the latest pull request
Tell Meera to send me the project update,Send me the project update
Send a message to Meera to push the changes to GitHub,Push the changes to GitHub
Remind Karan to book the conference room,Book the conference room
Text Sanjay to submit the daily report,Submit the daily report
Request Priya to book the conference room,Book the conference room
Ask Rohit if they can share the onboarding document,Can you share the onboarding document?
Remind Divya to submit the daily report,Submit the daily report
Ping Isha and finalize the budget report,Finalize the budget report
Remind Karan to send the invoice to finance,Send the invoice to finance
Remind Sanjay to share the new code files,Share the new code files
Ping Priya and confirm interview timings,Confirm interview timings
Send a message to Rohit to push the changes to GitHub,Push the changes to GitHub
Remind Neha to push the changes to GitHub,Push the changes to GitHub
Message Rina to upload the test results,Upload the test results
Text Neha to send me the project update,Send me the project update
Send a message to Priya to book the conference room,Book the conference room
Ask Ankit to bring the laptop tomorrow,Bring the laptop tomorrow
Ask Ankit if they can bring the laptop tomorrow,Can you bring the laptop tomorrow?
Ping Rohit and send the invoice to finance,Send the invoice to finance
Ask Isha to check the bug fixes,Check the bug fixes
Ask Meera to review the presentation slides,Review the presentation slides
Text John to prepare the meeting notes,Prepare the meeting notes
Ping Sneha and check the bug fixes,Check the bug fixes
Send a message to Sanjay to share the onboarding document,Share the onboarding document
Ask Isha to share the onboarding document,Share the onboarding document
Ask Karan to submit the daily report,Submit the daily report
Message Rohit to upload the test results,Upload the test results
Tell Isha to review the presentation slides,Review the presentation slides
Ping Riya and plan the next sprint tasks,Plan the next sprint tasks
Send a message to Rina to share the new code files,Share the new code files
Remind Neha to review the presentation slides,Review the presentation slides
Ping Rina and push the changes to GitHub,Push the changes to GitHub
Ask John if they can review the latest pull request,Can you review the latest pull request?
Request Alex to review the presentation slides,Review the presentation slides
Ping Sneha and draft the new proposal,Draft the new proposal
Send a message to Rina to bring the laptop tomorrow,Bring the laptop tomorrow
Text Sneha to bring the laptop tomorrow,Bring the laptop tomorrow
Message Ankit to submit the daily report,Submit the daily report
Remind Priya to update the deployment plan,Update the deployment plan
Ask Alex if they can share the new code files,Can you share the new code files?
Text Rina to push the changes to GitHub,Push the changes to GitHub
Text Rina to schedule the client meeting,Schedule the client meeting
Tell Rina to review the presentation slides,Review the presentation slides
Message Sneha to draft the new proposal,Draft the new proposal
Remind Sneha to share the new code files,Share the new code files
Request Alex to prepare the meeting notes,Prepare the meeting notes
Text Rina to schedule the client meeting,Schedule the client meeting
Ask Sanjay if they can send me the project update,Can you send me the project update?
Message Priya to plan the next sprint tasks,Plan the next sprint tasks
Inform Neha to prepare the meeting notes,Prepare the meeting notes
Inform Rina to bring the laptop tomorrow,Bring the laptop tomorrow
Tell Neha to send me the project update,Send me the project update
Inform Rohit to finalize the budget report,Finalize the budget report
Message Neha to schedule the client meeting,Schedule the client meeting
Remind Neha to book the conference room,Book the conference room
Ping Divya and review the latest pull request,Review the latest pull request
Remind Rahul to update the deployment plan,Update the deployment plan
Request Rahul to finalize the budget report,Finalize the budget report
Ping Ankit and send a summary of today’s meeting,Send a summary of today’s meeting
Send a message to Isha to review the presentation slides,Review the presentation slides
Message Priya to share the new code files,Share the new code files
Ping Alex and plan the next sprint tasks,Plan the next sprint tasks
Ask Sanjay if they can push the changes to GitHub,Can you push the changes to GitHub?
Tell Alex to draft the new proposal,Draft the new proposal
Message Rina to bring the laptop tomorrow,Bring the laptop tomorrow
Request Sanjay to plan the next sprint tasks,Plan the next sprint tasks
Send a message to Sneha to book the conference room,Book the conference room
Request Alex to finalize the budget report,Finalize the budget report
Tell John to send a summary of today’s meeting,Send a summary of today’s meeting
Inform Sanjay to plan the next sprint tasks,Plan the next sprint tasks
Text Sanjay to send the invoice to finance,Send the invoice to finance
Remind Sanjay to review the presentation slides,Review the presentation slides
Request Priya to review the presentation slides,Review the presentation slides
Ask Isha to send the invoice to finance,Send the invoice to finance
Send a message to Isha to check the bug fixes,Check the bug fixes
Request John to send me the project update,Send me the project update
Ping Sanjay and check the bug fixes,Check the bug fixes
Request Ankit to share the new code files,Share the new code files
Ask Ankit to submit the daily report,Submit the daily report
Ask John if they can send the invoice to finance,Can you send the invoice to finance?
Ping Sneha and review the latest pull request,Review the latest pull request
Ask John to draft the new proposal,Draft the new proposal
Ping Isha and check the bug fixes,Check the bug fixes
Ask John if they can bring the laptop tomorrow,Can you bring the laptop tomorrow?
Ping Riya and draft the new proposal,Draft the new proposal
Message Alex to confirm interview timings,Confirm interview timings
Ask Neha to push the changes to GitHub,Push the changes to GitHub
Inform Alex to plan the next sprint tasks,Plan the next sprint tasks
Tell Sanjay to book the conference room,Book the conference room
Tell Sneha to review the latest pull request,Review the latest pull request
Remind Meera to share the new code files,Share the new code files
Text John to review the presentation slides,Review the presentation slides
Request Rina to share the new code files,Share the new code files
Text Rahul to check the bug fixes,Check the bug fixes
Ask Divya to schedule the client meeting,Schedule the client meeting
Send a message to Karan to finalize the budget report,Finalize the budget report
Ping Priya and bring the laptop tomorrow,Bring the laptop tomorrow
Ask Neha if they can share the onboarding document,Can you share the onboarding document?
Ask Rahul to bring the laptop tomorrow,Bring the laptop tomorrow
Inform Riya to bring the laptop tomorrow,Bring the laptop tomorrow
Request Sanjay to review the latest pull request,Review the latest pull request
Ask Rina if they can send the invoice to finance,Can you send the invoice to finance?
Tell Rahul to push the changes to GitHub,Push the changes to GitHub
Ask Rohit if they can confirm interview timings,Can you confirm interview timings?
Request Rahul to finalize the budget report,Finalize the budget report
Ping Neha and review the presentation slides,Review the presentation slides
Text Priya to submit the daily report,Submit the daily report
Remind Rahul to share the onboarding document,Share the onboarding document
Send a message to Rina to confirm interview timings,Confirm interview timings
Ask Rohit to send the invoice to finance,Send the invoice to finance
Send a message to Priya to review the latest pull request,Review the latest pull request
Tell John to finalize the budget report,Finalize the budget report
Ask Priya to upload the test results,Upload the test results
Ping Priya and send me the project update,Send me the project update
Ask Sanjay if they can bring the laptop tomorrow,Can you bring the laptop tomorrow?
Tell John to confirm interview timings,Confirm interview timings
Send a message to Neha to book the conference room,Book the conference room
Ask Priya if they can bring the laptop tomorrow,Can you bring the laptop tomorrow?
Message Sanjay to share the onboarding document,Share the onboarding document
Request Rahul to send a summary of today’s meeting,Send a summary of today’s meeting
Ping Rohit and upload the test results,Upload the test results
Remind Isha to send a summary of today’s meeting,Send a summary of today’s meeting
Message Rohit to finalize the budget report,Finalize the budget report
Ask Rohit to check the bug fixes,Check the bug fixes
Request Sanjay to send a summary of today’s meeting,Send a summary of today’s meeting
Text Rohit to plan the next sprint tasks,Plan the next sprint tasks
Message Priya to check the bug fixes,Check the bug fixes
Send a message to John to submit the daily report,Submit the daily report
Tell Neha to send a summary of today’s meeting,Send a summary of today’s meeting
Ask Priya to upload the test results,Upload the test results
Ask Priya if they can send the invoice to finance,Can you send the invoice to finance?
Ask John to submit the daily report,Submit the daily report
Send a message to John to upload the test results,Upload the test results
Text Priya to send a summary of today’s meeting,Send a summary of today’s meeting
Message John to review the presentation slides,Review the presentation slides
Tell Meera to review the latest pull request,Review the latest pull request
Ping Rahul and submit the daily report,Submit the daily report
Send a message to Isha to confirm interview timings,Confirm interview timings
Message Priya to finalize the budget report,Finalize the budget report
Message Rahul to send the invoice to finance,Send the invoice to finance
Tell Sanjay to finalize the budget report,Finalize the budget report
Inform Isha to draft the new proposal,Draft the new proposal
Message Isha to finalize the budget report,Finalize the budget report
Ask Rina if they can bring the laptop tomorrow,Can you bring the laptop tomorrow?
Request Sneha to draft the new proposal,Draft the new proposal
Tell Sanjay to confirm interview timings,Confirm interview timings
Ask Isha if they can update the deployment plan,Can you update the deployment plan?
Request Rina to draft the new proposal,Draft the new proposal
Remind Karan to upload the test results,Upload the test results
Remind Alex to check the bug fixes,Check the bug fixes
Ask Rohit to submit the daily report,Submit the daily report
Text Rina to plan the next sprint tasks,Plan the next sprint tasks
Tell Rina to schedule the client meeting,Schedule the client meeting
Send a message to Rina to review the latest pull request,Review the latest pull request
Remind Sneha to plan the next sprint tasks,Plan the next sprint tasks
Request Rahul to draft the new proposal,Draft the new proposal
Ask Rohit if they can book the conference room,Can you book the conference room?
Inform Isha to send a summary of today’s meeting,Send a summary of today’s meeting
Inform Sanjay to plan the next sprint tasks,Plan the next sprint tasks
Message Sanjay to confirm interview timings,Confirm interview timings
Ask Divya if they can check the bug fixes,Can you check the bug fixes?
Inform Rohit to send a summary of today’s meeting,Send a summary of today’s meeting
Send a message to Neha to update the deployment plan,Update the deployment plan
Ping John and prepare the meeting notes,Prepare the meeting notes
Message Rina to review the presentation slides,Review the presentation slides
Send a message to Meera to submit the daily report,Submit the daily report
Send a message to Priya to push the changes to GitHub,Push the changes to GitHub
Text Alex to share the onboarding document,Share the onboarding document
Ping Neha and schedule the client meeting,Schedule the client meeting
Request Alex to share the new code files,Share the new code files
Remind Rahul to share the new code files,Share the new code files
Remind Rahul to share the onboarding document,Share the onboarding document
Remind John to book the conference room,Book the conference room
Ask Rohit if they can confirm interview timings,Can you confirm interview timings?
Inform Rohit to review the latest pull request,Review the latest pull request
Tell Riya to finalize the budget report,Finalize the budget report
Ask Rina if they can bring the laptop tomorrow,Can you bring the laptop tomorrow?
Request Rina to upload the test results,Upload the test results
Tell Priya to bring the laptop tomorrow,Bring the laptop tomorrow
Message John to review the presentation slides,Review the presentation slides
Text Riya to share the new code files,Share the new code files
Request Divya to review the latest pull request,Review the latest pull request
Inform Rina to review the latest pull request,Review the latest pull request
Text Meera to send me the project update,Send me the project update
Tell Isha to finalize the budget report,Finalize the budget report
Text Rahul to prepare the meeting notes,Prepare the meeting notes
Text Sanjay to review the presentation slides,Review the presentation slides
Message Alex to bring the laptop tomorrow,Bring the laptop tomorrow
Remind Sanjay to send a summary of today’s meeting,Send a summary of today’s meeting
Request Neha to draft the new proposal,Draft the new proposal
Ask Karan if they can bring the laptop tomorrow,Can you bring the laptop tomorrow?
Tell Sanjay to upload the test results,Upload the test results
Ping Riya and confirm interview timings,Confirm interview timings
Message Isha to confirm interview timings,Confirm interview timings
Ping John and book the conference room,Book the conference room
Send a message to Divya to check the bug fixes,Check the bug fixes
Ask Rina to book the conference room,Book the conference room
Request Rohit to prepare the meeting notes,Prepare the meeting notes
Text Divya to send me the project update,Send me the project update
Message Neha to share the new code files,Share the new code files
Text Sneha to plan the next sprint tasks,Plan the next sprint tasks
Ask Ankit if they can update the deployment plan,Can you update the deployment plan?
Inform Karan to schedule the client meeting,Schedule the client meeting
Tell John to finalize the budget report,Finalize the budget report
Message Alex to finalize the budget report,Finalize the budget report
Ping Meera and bring the laptop tomorrow,Bring the laptop tomorrow
Inform Sanjay to push the changes to GitHub,Push the changes to GitHub
Send a message to Riya to share the new code files,Share the new code files
Tell Neha to confirm interview timings,Confirm interview timings
Ping Alex and push the changes to GitHub,Push the changes to GitHub
Send a message to Sneha to share the onboarding document,Share the onboarding document
Ask Ankit if they can push the changes to GitHub,Can you push the changes to GitHub?
Send a message to Sneha to review the presentation slides,Review the presentation slides
Request Rina to upload the test results,Upload the test results
Tell Neha to confirm interview timings,Confirm interview timings
Inform Divya to submit the daily report,Submit the daily report
Tell Isha to upload the test results,Upload the test results
Ask Rahul if they can plan the next sprint tasks,Can you plan the next sprint tasks?
Remind Priya to review the latest pull request,Review the latest pull request
Inform Rahul to send me the project update,Send me the project update
Message Neha to book the conference room,Book the conference room
Text Priya to review the latest pull request,Review the latest pull request
Tell Ankit to book the conference room,Book the conference room
Ping Alex and send a summary of today’s meeting,Send a summary of today’s meeting
Inform Alex to update the deployment plan,Update the deployment plan
Ask Sneha if they can review the presentation slides,Can you review the presentation slides?
Request Karan to plan the next sprint tasks,Plan the next sprint tasks
Remind Priya to send the invoice to finance,Send the invoice to finance
Request Sneha to schedule the client meeting,Schedule the client meeting
Inform Rina to send me the project update,Send me the project update
Inform Priya to plan the next sprint tasks,Plan the next sprint tasks
Message Sanjay to finalize the budget report,Finalize the budget report
Remind John to send the invoice to finance,Send the invoice to finance
Ping Meera and review the latest pull request,Review the latest pull request
Ask Priya if they can confirm interview timings,Can you confirm interview timings?
Message Sneha to bring the laptop tomorrow,Bring the laptop tomorrow
Inform Sneha to upload the test results,Upload the test results
Ask Neha if they can book the conference room,Can you book the conference room?
Request Alex to update the deployment plan,Update the deployment plan
Send a message to Sneha to confirm interview timings,Confirm interview timings
Request Sneha to review the latest pull request,Review the latest pull request
Ask Meera to bring the laptop tomorrow,Bring the laptop tomorrow
Ask Isha to upload the test results,Upload the test results
Text Neha to prepare the meeting notes,Prepare the meeting notes
Ask Rina to schedule the client meeting,Schedule the client meeting
Message Rohit to update the deployment plan,Update the deployment plan
Inform John to push the changes to GitHub,Push the changes to GitHub
Remind Ankit to review the presentation slides,Review the presentation slides
Text Isha to check the bug fixes,Check the bug fixes
Remind Alex to share the onboarding document,Share the onboarding document
Ping Neha and share the onboarding document,Share the onboarding document
Message Divya to send the invoice to finance,Send the invoice to finance
Ask Priya if they can review the presentation slides,Can you review the presentation slides?
Tell Sneha to book the conference room,Book the conference room
Request Riya to check the bug fixes,Check the bug fixes
Send a message to Rahul to confirm interview timings,Confirm interview timings
Request Neha to update the deployment plan,Update the deployment plan
Ask Rohit if they can prepare the meeting notes,Can you prepare the meeting notes?
Ping Neha and review the presentation slides,Review the presentation slides
Ask Meera if they can update the deployment plan,Can you update the deployment plan?
Remind Neha to update the deployment plan,Update the deployment plan
Tell Isha to plan the next sprint tasks,Plan the next sprint tasks
Tell Karan to update the deployment plan,Update the deployment plan
Text Rohit to send the invoice to finance,Send the invoice to finance
Ask Rahul to finalize the budget report,Finalize the budget report
Ping John and review the latest pull request,Review the latest pull request
Tell Meera to schedule the client meeting,Schedule the client meeting
Ask Sanjay if they can update the deployment plan,Can you update the deployment plan?
Ping Sneha and plan the next sprint tasks,Plan the next sprint tasks
Ping Ankit and upload the test results,Upload the test results
Message Karan to review the latest pull request,Review the latest pull request
Ping Meera and share the new code files,Share the new code files
Inform John to plan the next sprint tasks,Plan the next sprint tasks
Send a message to Isha to bring the laptop tomorrow,Bring the laptop tomorrow
Remind Neha to book the conference room,Book the conference room
Tell Rina to send the invoice to finance,Send the invoice to finance
Request Karan to submit the daily report,Submit the daily report
Inform Meera to send a summary of today’s meeting,Send a summary of today’s meeting
Request Divya to prepare the meeting notes,Prepare the meeting notes
Ping Ankit and share the onboarding document,Share the onboarding document
Ask Isha if they can check the bug fixes,Can you check the bug fixes?
Tell Meera to draft the new proposal,Draft the new proposal
Ask Rahul to submit the daily report,Submit the daily report
Send a message to Karan to confirm interview timings,Confirm interview timings
Send a message to Alex to prepare the meeting notes,Prepare the meeting notes
Remind Priya to share the onboarding document,Share the onboarding document
Remind Karan to send the invoice to finance,Send the invoice to finance
Ping Divya and share the onboarding document,Share the onboarding document
Send a message to Rohit to update the deployment plan,Update the deployment plan
Inform Rohit to upload the test results,Upload the test results
Text Sanjay to draft the new proposal,Draft the new proposal
Send a message to Sanjay to send a summary of today’s meeting,Send a summary of today’s meeting
Send a message to Rohit to prepare the meeting notes,Prepare the meeting notes
Tell Sanjay to share the new code files,Share the new code files
Ask Isha to share the onboarding document,Share the onboarding document
Ask Sanjay to confirm interview timings,Confirm interview timings
Tell Rohit to upload the test results,Upload the test results
Ping Sanjay and plan the next sprint tasks,Plan the next sprint tasks
Message Alex to prepare the meeting notes,Prepare the meeting notes
Send a message to Rina to upload the test results,Upload the test results
Remind Sanjay to draft the new proposal,Draft the new proposal
Inform Isha to schedule the client meeting,Schedule the client meeting
Message Sneha to update the deployment plan,Update the deployment plan
Request Karan to confirm interview timings,Confirm interview timings
Remind Sanjay to review the latest pull request,Review the latest pull request
Text Rahul to send a summary of today’s meeting,Send a summary of today’s meeting
Ping Isha and send the invoice to finance,Send the invoice to finance
Inform Rahul to bring the laptop tomorrow,Bring the laptop tomorrow
Request Divya to share the new code files,Share the new code files
Request Rina to submit the daily report,Submit the daily report
Inform Divya to upload the test results,Upload the test results
Ask Sanjay to upload the test results,Upload the test results
Inform Neha to review the presentation slides,Review the presentation slides
Message Meera to plan the next sprint tasks,Plan the next sprint tasks
Ping John and share the onboarding document,Share the onboarding document
Send a message to Rina to share the new code files,Share the new code files
Text Sneha to draft the new proposal,Draft the new proposal
Send a message to Neha to review the presentation slides,Review the presentation slides
Message Alex to finalize the budget report,Finalize the budget report
Message Rina to draft the new proposal,Draft the new proposal
Tell Riya to submit the daily report,Submit the daily report
Send a message to Riya to submit the daily report,Submit the daily report
Text Karan to confirm interview timings,Confirm interview timings
Ask Karan if they can review the latest pull request,Can you review the latest pull request?
Send a message to Alex to send the invoice to finance,Send the invoice to finance
Tell Isha to book the conference room,Book the conference room
Ping Rohit and prepare the meeting notes,Prepare the meeting notes
Ping Rohit and review the presentation slides,Review the presentation slides
Send a message to Priya to check the bug fixes,Check the bug fixes
Ask Divya if they can update the deployment plan,Can you update the deployment plan?
Text Priya to bring the laptop tomorrow,Bring the laptop tomorrow
Ask Isha to draft the new proposal,Draft the new proposal
Inform Sneha to send the invoice to finance,Send the invoice to finance
Send a message to Alex to send the invoice to finance,Send the invoice to finance
Tell Rohit to share the new code files,Share the new code files
Tell Divya to bring the laptop tomorrow,Bring the laptop tomorrow
Text Riya to push the changes to GitHub,Push the changes to GitHub
Tell Sneha to book the conference room,Book the conference room
Remind Neha to check the bug fixes,Check the bug fixes
Ask Riya if they can draft the new proposal,Can you draft the new proposal?
Message Sanjay to check the bug fixes,Check the bug fixes
Tell Alex to share the onboarding document,Share the onboarding document
Ping Rina and share the new code files,Share the new code files
Ping John and schedule the client meeting,Schedule the client meeting
Message Rina to bring the laptop tomorrow,Bring the laptop tomorrow
Ask Rohit to prepare the meeting notes,Prepare the meeting notes
Ask Priya to finalize the budget report,Finalize the budget report
Ping Karan and book the conference room,Book the conference room
Request Rina to book the conference room,Book the conference room
Send a message to Ankit to share the new code files,Share the new code files
Inform Priya to update the deployment plan,Update the deployment plan
Request Isha to draft the new proposal,Draft the new proposal
Ping Meera and confirm interview timings,Confirm interview timings
Text Neha to send a summary of today’s meeting,Send a summary of today’s meeting
Remind John to submit the daily report,Submit the daily report
Ping Ankit and book the conference room,Book the conference room
Ping John and send the invoice to finance,Send the invoice to finance
Inform Rina to book the conference room,Book the conference room
Ping Sneha and update the deployment plan,Update the deployment plan
Ping Divya and prepare the meeting notes,Prepare the meeting notes
Request Neha to send the invoice to finance,Send the invoice to finance
Ask Priya if they can submit the daily report,Can you submit the daily report?
Text Rahul to finalize the budget report,Finalize the budget report
Ping Karan and plan the next sprint tasks,Plan the next sprint tasks
Ask Neha to send me the project update,Send me the project update
Message Ankit to share the new code files,Share the new code files
Ask Ankit if they can update the deployment plan,Can you update the deployment plan?
Text Karan to update the deployment plan,Update the deployment plan
Send a message to Rohit to bring the laptop tomorrow,Bring the laptop tomorrow
Text Karan to bring the laptop tomorrow,Bring the laptop tomorrow
Tell Sanjay to submit the daily report,Submit the daily report
Remind Ankit to bring the laptop tomorrow,Bring the laptop tomorrow
Request Sanjay to book the conference room,Book the conference room
Ask Divya to book the conference room,Book the conference room
Send a message to Sneha to send me the project update,Send me the project update
Remind Rina to plan the next sprint tasks,Plan the next sprint tasks
Tell Riya to book the conference room,Book the conference room
Ask Sanjay if they can share the new code files,Can you share the new code files?
Tell Alex to share the onboarding document,Share the onboarding document
Request Sneha to check the bug fixes,Check the bug fixes
Ping Isha and check the bug fixes,Check the bug fixes
Remind Sanjay to schedule the client meeting,Schedule the client meeting
Message Sneha to submit the daily report,Submit the daily report
Text Karan to send the invoice to finance,Send the invoice to finance
Request Neha to book the conference room,Book the conference room
Send a message to Sneha to check the bug fixes,Check the bug fixes
Ping Neha and send the invoice to finance,Send the invoice to finance
Ask Meera to upload the test results,Upload the test results
Message Neha to check the bug fixes,Check the bug fixes
Ask Rina if they can bring the laptop tomorrow,Can you bring the laptop tomorrow?
Tell Priya to send a summary of today’s meeting,Send a summary of today’s meeting
Message Sanjay to schedule the client meeting,Schedule the client meeting
Ping Divya and submit the daily report,Submit the daily report
Message Divya to book the conference room,Book the conference room
Request Neha to finalize the budget report,Finalize the budget report
Inform Sneha to draft the new proposal,Draft the new proposal
Message Riya to push the changes to GitHub,Push the changes to GitHub
Ask Sanjay if they can share the onboarding document,Can you share the onboarding document?
Request Sanjay to send me the project update,Send me the project update
Inform Riya to share the new code files,Share the new code files
Text Ankit to book the conference room,Book the conference room
Request Alex to update the deployment plan,Update the deployment plan
Request Riya to book the conference room,Book the conference room
Message Rohit to prepare the meeting notes,Prepare the meeting notes
Request Ankit to review the latest pull request,Review the latest pull request
Ask Sanjay if they can upload the test results,Can you upload the test results?
Ping Alex and share the new code files,Share the new code files
Ping Sanjay and schedule the client meeting,Schedule the client meeting
Ask Neha if they can upload the test results,Can you upload the test results?
Remind John to send me the project update,Send me the project update
Text Priya to book the conference room,Book the conference room
Tell Rina to submit the daily report,Submit the daily report
Message Rahul to draft the new proposal,Draft the new proposal
Inform Riya to review the presentation slides,Review the presentation slides
Send a message to Sneha to bring the laptop tomorrow,Bring the laptop tomorrow
Request John to send the invoice to finance,Send the invoice to finance
Message Sneha to book the conference room,Book the conference room
Request Isha to finalize the budget report,Finalize the budget report
Request Priya to upload the test results,Upload the test results
Request Rina to share the new code files,Share the new code files
Inform Sneha to share the new code files,Share the new code files
Remind Divya to send a summary of today’s meeting,Send a summary of today’s meeting
Text Isha to book the conference room,Book the conference room
Send a message to Karan to finalize the budget report,Finalize the budget report
Text Ankit to push the changes to GitHub,Push the changes to GitHub
Ping Alex and push the changes to GitHub,Push the changes to GitHub
Tell Sanjay to confirm interview timings,Confirm interview timings
Inform John to share the onboarding document,Share the onboarding document
Tell Sanjay to send the invoice to finance,Send the invoice to finance
Text Rahul to confirm interview timings,Confirm interview timings
Tell Rina to share the new code files,Share the new code files
Ask Ankit to schedule the client meeting,Schedule the client meeting
Tell John to plan the next sprint tasks,Plan the next sprint tasks
Ask Sanjay if they can update the deployment plan,Can you update the deployment plan?
Text Meera to push the changes to GitHub,Push the changes to GitHub
Send a message to Divya to review the latest pull request,Review the latest pull request
Message Meera to review the latest pull request,Review the latest pull request
Ask Ankit to check the bug fixes,Check the bug fixes
Ping John and send me the project update,Send me the project update
Request Neha to send me the project update,Send me the project update
Ping Alex and submit the daily report,Submit the daily report
Text Riya to plan the next sprint tasks,Plan the next sprint tasks
Ping Rina and send me the project update,Send me the project update
Send a message to Rahul to send the invoice to finance,Send the invoice to finance
Send a message to Meera to send a summary of today’s meeting,Send a summary of today’s meeting
Ask Rohit if they can share the new code files,Can you share the new code files?
Tell Rahul to plan the next sprint tasks,Plan the next sprint tasks
Message Sneha to push the changes to GitHub,Push the changes to GitHub
Send a message to Sneha to push the changes to GitHub,Push the changes to GitHub
Remind Alex to upload the test results,Upload the test results
Request John to update the deployment plan,Update the deployment plan
Ping Rina and confirm interview timings,Confirm interview timings
Message Meera to plan the next sprint tasks,Plan the next sprint tasks
Inform Sanjay to update the deployment plan,Update the deployment plan
Request Rohit to submit the daily report,Submit the daily report
Send a message to Rohit to share the onboarding document,Share the onboarding document
Inform Sanjay to share the onboarding document,Share the onboarding document
Ask Sanjay if they can share the new code files,Can you share the new code files?
Inform Priya to book the conference room,Book the conference room
Request Divya to book the conference room,Book the conference room
Ping Sneha and send the invoice to finance,Send the invoice to finance
Tell Priya to confirm interview timings,Confirm interview timings
Message Sneha to check the bug fixes,Check the bug fixes
Ask Rina if they can check the bug fixes,Can you check the bug fixes?
Ping Karan and check the bug fixes,Check the bug fixes
Tell Priya to review the presentation slides,Review the presentation slides
Text Sanjay to bring the laptop tomorrow,Bring the laptop tomorrow
Tell Rahul to book the conference room,Book the conference room
Message Riya to push the changes to GitHub,Push the changes to GitHub
Ask Divya to review the latest pull request,Review the latest pull request
Tell Isha to book the conference room,Book the conference room
Ping Isha and send the invoice to finance,Send the invoice to finance
Message Meera to upload the test results,Upload the test results
Tell Neha to send me the project update,Send me the project update
Message Sanjay to push the changes to GitHub,Push the changes to GitHub
Message Meera to review the latest pull request,Review the latest pull request
Request Meera to send me the project update,Send me the project update
Text Rohit to finalize the budget report,Finalize the budget report
Text Rahul to check the bug fixes,Check the bug fixes
Inform Rina to send me the project update,Send me the project update
Text Riya to plan the next sprint tasks,Plan the next sprint tasks
Text Karan to push the changes to GitHub,Push the changes to GitHub
Inform Alex to finalize the budget report,Finalize the budget report
Request Divya to schedule the client meeting,Schedule the client meeting
Request Isha to upload the test results,Upload the test results
Tell Karan to bring the laptop tomorrow,Bring the laptop tomorrow
Ask Sanjay if they can share the new code files,Can you share the new code files?
Tell Ankit to plan the next sprint tasks,Plan the next sprint tasks
Ping Rina and update the deployment plan,Update the deployment plan
Inform Meera to check the bug fixes,Check the bug fixes
Tell Ankit to share the onboarding document,Share the onboarding document
Ask Neha to bring the laptop tomorrow,Bring the laptop tomorrow
Remind Sanjay to confirm interview timings,Confirm interview timings
Ask Rohit to send a summary of today’s meeting,Send a summary of today’s meeting
Message Rina to book the conference room,Book the conference room
Request Isha to share the onboarding document,Share the onboarding document
Ask Rohit if they can review the presentation slides,Can you review the presentation slides?
Inform Rina to share the onboarding document,Share the onboarding document
Ping Riya and finalize the budget report,Finalize the budget report
Ask Karan if they can send me the project update,Can you send me the project update?
Request Divya to finalize the budget report,Finalize the budget report
Ping Alex and update the deployment plan,Update the deployment plan
Ask Karan if they can prepare the meeting notes,Can you prepare the meeting notes?
Text Rina to share the onboarding document,Share the onboarding document
Inform Rahul to confirm interview timings,Confirm interview timings
Ask Meera if they can share the onboarding document,Can you share the onboarding document?
Ping Priya and book the conference room,Book the conference room
Send a message to Isha to review the presentation slides,Review the presentation slides
Ask Rahul if they can push the changes to GitHub,Can you push the changes to GitHub?
Ping Alex and schedule the client meeting,Schedule the client meeting
Remind Divya to bring the laptop tomorrow,Bring the laptop tomorrow
Ping Rahul and send a summary of today’s meeting,Send a summary of today’s meeting
Text Neha to share the new code files,Share the new code files
Inform Rahul to send a summary of today’s meeting,Send a summary of today’s meeting
Send a message to Rina to check the bug fixes,Check the bug fixes
Ask Karan to push the changes to GitHub,Push the changes to GitHub
Message Riya to submit the daily report,Submit the daily report
Send a message to Rina to draft the new proposal,Draft the new proposal
Ask Rina if they can update the deployment plan,Can you update the deployment plan?
Request Alex to plan the next sprint tasks,Plan the next sprint tasks
Remind Ankit to upload the test results,Upload the test results
Request Ankit to plan the next sprint tasks,Plan the next sprint tasks
Text Karan to plan the next sprint tasks,Plan the next sprint tasks
Inform Ankit to update the deployment plan,Update the deployment plan
Ping Isha and check the bug fixes,Check the bug fixes
Inform Ankit to push the changes to GitHub,Push the changes to GitHub
Ask Riya if they can plan the next sprint tasks,Can you plan the next sprint tasks?
Text Rina to send me the project update,Send me the project update
Ask John to prepare the meeting notes,Prepare the meeting notes
Ask Rahul if they can submit the daily report,Can you submit the daily report?
Ask Divya if they can send the invoice to finance,Can you send the invoice to finance?
Send a message to Rina to upload the test results,Upload the test results
Ask Meera to upload the test results,Upload the test results
Text Alex to plan the next sprint tasks,Plan the next sprint tasks
Message Sanjay to review the latest pull request,Review the latest pull request
Ask Rina if they can finalize the budget report,Can you finalize the budget report?
Text Rohit to push the changes to GitHub,Push the changes to GitHub
Inform Neha to finalize the budget report,Finalize the budget report
Tell Alex to upload the test results,Upload the test results
Ping Sneha and plan the next sprint tasks,Plan the next sprint tasks
Tell Meera to update the deployment plan,Update the deployment plan
Ask Divya if they can bring the laptop tomorrow,Can you bring the laptop tomorrow?
Tell Isha to plan the next sprint tasks,Plan the next sprint tasks
Remind Rohit to draft the new proposal,Draft the new proposal
Tell Meera to prepare the meeting notes,Prepare the meeting notes
Ask Meera if they can send the invoice to finance,Can you send the invoice to finance?
Send a message to Sneha to send the invoice to finance,Send the invoice to finance
Text Karan to draft the new proposal,Draft the new proposal
Tell Karan to bring the laptop tomorrow,Bring the laptop tomorrow
Ask Neha to review the latest pull request,Review the latest pull request
Message Sneha to update the deployment plan,Update the deployment plan
Text Divya to send the invoice to finance,Send the invoice to finance
Ask Rina to check the bug fixes,Check the bug fixes
Tell John to upload the test results,Upload the test results
Text Sneha to confirm interview timings,Confirm interview timings
Remind Isha to send a summary of today’s meeting,Send a summary of today’s meeting
Inform Rina to check the bug fixes,Check the bug fixes
Message Alex to bring the laptop tomorrow,Bring the laptop tomorrow
Tell Meera to share the new code files,Share the new code files
Remind Riya to send the invoice to finance,Send the invoice to finance
Inform Sanjay to submit the daily report,Submit the daily report
Request Sneha to book the conference room,Book the conference room
Inform Rina to schedule the client meeting,Schedule the client meeting
Tell Karan to schedule the client meeting,Schedule the client meeting
Ping Rahul and send me the project update,Send me the project update
Tell Alex to send the invoice to finance,Send the invoice to finance
Remind Rahul to schedule the client meeting,Schedule the client meeting
Remind Meera to share the onboarding document,Share the onboarding document
Text Rina to share the new code files,Share the new code files
Remind Alex to bring the laptop tomorrow,Bring the laptop tomorrow
Inform Priya to bring the laptop tomorrow,Bring the laptop tomorrow
Ask Sanjay if they can check the bug fixes,Can you check the bug fixes?
Ask Rina to share the onboarding document,Share the onboarding document
Inform Ankit to confirm interview timings,Confirm interview timings
Inform Karan to send a summary of today’s meeting,Send a summary of today’s meeting
Tell Sneha to send a summary of today’s meeting,Send a summary of today’s meeting
Remind Sanjay to book the conference room,Book the conference room
Send a message to Isha to draft the new proposal,Draft the new proposal
Send a message to Meera to book the conference room,Book the conference room
Inform Rahul to send a summary of today’s meeting,Send a summary of today’s meeting
Ping Meera and submit the daily report,Submit the daily report
Inform Alex to book the conference room,Book the conference room
Request Rina to send a summary of today’s meeting,Send a summary of today’s meeting
Ask Sneha to send the invoice to finance,Send the invoice to finance
Text Meera to send the invoice to finance,Send the invoice to finance
Inform Sanjay to submit the daily report,Submit the daily report
Text Isha to share the onboarding document,Share the onboarding document
Remind Riya to check the bug fixes,Check the bug fixes
Request John to upload the test results,Upload the test results
Ask Karan if they can finalize the budget report,Can you finalize the budget report?
Send a message to Neha to share the new code files,Share the new code files
Inform Rohit to update the deployment plan,Update the deployment plan
Ask Karan if they can send a summary of today’s meeting,Can you send a summary of today’s meeting?
Ask Neha if they can upload the test results,Can you upload the test results?
Ping Alex and send me the project update,Send me the project update
Request Riya to send me the project update,Send me the project update
Inform Divya to prepare the meeting notes,Prepare the meeting notes
Inform Alex to share the onboarding document,Share the onboarding document
Remind Sneha to send me the project update,Send me the project update
Inform Karan to review the latest pull request,Review the latest pull request
Ask Sanjay if they can schedule the client meeting,Can you schedule the client meeting?
Message Isha to push the changes to GitHub,Push the changes to GitHub
Remind Riya to push the changes to GitHub,Push the changes to GitHub
Text Ankit to push the changes to GitHub,Push the changes to GitHub
Request Riya to submit the daily report,Submit the daily report
Inform Sneha to review the presentation slides,Review the presentation slides
Ask John to send a summary of today’s meeting,Send a summary of today’s meeting
Ping Sanjay and draft the new proposal,Draft the new proposal
Ask Rina if they can review the latest pull request,Can you review the latest pull request?
Tell Neha to draft the new proposal,Draft the new proposal
Ask Ankit to push the changes to GitHub,Push the changes to GitHub
Send a message to Riya to bring the laptop tomorrow,Bring the laptop tomorrow
Ask Riya to update the deployment plan,Update the deployment plan
Request Sanjay to bring the laptop tomorrow,Bring the laptop tomorrow
Inform Karan to draft the new proposal,Draft the new proposal
Ping Sneha and push the changes to GitHub,Push the changes to GitHub
Message Priya to bring the laptop tomorrow,Bring the laptop tomorrow
Ask Alex to share the onboarding document,Share the onboarding document
Ask Neha to update the deployment plan,Update the deployment plan
Remind Rohit to plan the next sprint tasks,Plan the next sprint tasks
Ask Sanjay to upload the test results,Upload the test results
Inform Divya to review the presentation slides,Review the presentation slides
Send a message to Rina to review the latest pull request,Review the latest pull request
Ask Riya if they can send a summary of today’s meeting,Can you send a summary of today’s meeting?
Request Ankit to book the conference room,Book the conference room
Send a message to Rahul to check the bug fixes,Check the bug fixes
Tell Priya to send a summary of today’s meeting,Send a summary of today’s meeting
Send a message to Isha to update the deployment plan,Update the deployment plan
Request Alex to book the conference room,Book the conference room
Send a message to Alex to send a summary of today’s meeting,Send a summary of today’s meeting
Ask John to review the latest pull request,Review the latest pull request
Ask Isha if they can review the latest pull request,Can you review the latest pull request?
Remind Rohit to bring the laptop tomorrow,Bring the laptop tomorrow
Text Sanjay to upload the test results,Upload the test results
Tell Rohit to upload the test results,Upload the test results
Remind Ankit to send the invoice to finance,Send the invoice to finance
Remind John to submit the daily report,Submit the daily report
Ask Alex to confirm interview timings,Confirm interview timings
Inform Isha to send a summary of today’s meeting,Send a summary of today’s meeting
Send a message to John to book the conference room,Book the conference room
Ask Rahul to review the latest pull request,Review the latest pull request
Send a message to Sanjay to push the changes to GitHub,Push the changes to GitHub
Text Meera to send me the project update,Send me the project update
Ask Alex if they can finalize the budget report,Can you finalize the budget report?
Ask Rahul to check the bug fixes,Check the bug fixes
Remind Sanjay to send a summary of today’s meeting,Send a summary of today’s meeting
Remind Rina to share the new code files,Share the new code files
Text Sanjay to book the conference room,Book the conference room
Inform Divya to send the invoice to finance,Send the invoice to finance
Send a message to Rina to prepare the meeting notes,Prepare the meeting notes
Send a message to John to confirm interview timings,Confirm interview timings
Request Sanjay to update the deployment plan,Update the deployment plan
Inform Meera to plan the next sprint tasks,Plan the next sprint tasks
Ask John to send the invoice to finance,Send the invoice to finance
Ask Rina if they can book the conference room,Can you book the conference room?
Send a message to Divya to confirm interview timings,Confirm interview timings
Remind Isha to share the onboarding document,Share the onboarding document
Tell Alex to plan the next sprint tasks,Plan the next sprint tasks
Remind Ankit to send the invoice to finance,Send the invoice to finance
Message Sneha to upload the test results,Upload the test results
Inform Rina to upload the test results,Upload the test results
Tell Priya to share the onboarding document,Share the onboarding document
Ask Divya to book the conference room,Book the conference room
Request Sanjay to update the deployment plan,Update the deployment plan
Ping Priya and draft the new proposal,Draft the new proposal
Text Riya to send the invoice to finance,Send the invoice to finance
Request Rina to check the bug fixes,Check the bug fixes
Request Sanjay to finalize the budget report,Finalize the budget report
Send a message to Meera to schedule the client meeting,Schedule the client meeting
Send a message to Priya to plan the next sprint tasks,Plan the next sprint tasks
Inform Rina to plan the next sprint tasks,Plan the next sprint tasks
Inform Rahul to update the deployment plan,Update the deployment plan
Ask Sneha if they can draft the new proposal,Can you draft the new proposal?
Remind Isha to review the presentation slides,Review the presentation slides
Ask John if they can share the onboarding document,Can you share the onboarding document?
Tell Divya to send the invoice to finance,Send the invoice to finance
Message Meera to prepare the meeting notes,Prepare the meeting notes
Ask Sneha if they can confirm interview timings,Can you confirm interview timings?
Ask Rina to confirm interview timings,Confirm interview timings
Inform Priya to schedule the client meeting,Schedule the client meeting
Message Priya to share the new code files,Share the new code files
Request Rohit to book the conference room,Book the conference room
Text Rina to review the presentation slides,Review the presentation slides
Send a message to Ankit to finalize the budget report,Finalize the budget report
Ping Karan and send a summary of today’s meeting,Send a summary of today’s meeting
Message Meera to prepare the meeting notes,Prepare the meeting notes
Ask Priya if they can send the invoice to finance,Can you send the invoice to finance?
Remind Sanjay to prepare the meeting notes,Prepare the meeting notes
Ping Rohit and upload the test results,Upload the test results
Send a message to Priya to review the presentation slides,Review the presentation slides
Send a message to Rina to draft the new proposal,Draft the new proposal
Request Sanjay to update the deployment plan,Update the deployment plan
Ask John to send a summary of today’s meeting,Send a summary of today’s meeting
Inform Divya to book the conference room,Book the conference room
Ask Rahul if they can check the bug fixes,Can you check the bug fixes?
Tell Ankit to send a summary of today’s meeting,Send a summary of today’s meeting
Ask John to upload the test results,Upload the test results
Send a message to Rahul to send a summary of today’s meeting,Send a summary of today’s meeting
Send a message to Ankit to submit the daily report,Submit the daily report
Send a message to John to send me the project update,Send me the project update
Inform John to check the bug fixes,Check the bug fixes
Tell Sanjay to send the invoice to finance,Send the invoice to finance
Ping Meera and plan the next sprint tasks,Plan the next sprint tasks
Ping Sneha and book the conference room,Book the conference room
Ping Meera and share the new code files,Share the new code files
Ping Priya and submit the daily report,Submit the daily report
Inform Riya to confirm interview timings,Confirm interview timings
Ask Karan if they can share the onboarding document,Can you share the onboarding document?
Message Rahul to share the new code files,Share the new code files
Ask Divya to book the conference room,Book the conference room
Message Meera to finalize the budget report,Finalize the budget report
Request Rohit to send me the project update,Send me the project update
Ping John and send me the project update,Send me the project update
Ask Divya if they can schedule the client meeting,Can you schedule the client meeting?
Ping John and confirm interview timings,Confirm interview timings
Inform Priya to submit the daily report,Submit the daily report
Request John to send me the project update,Send me the project update
Request Isha to prepare the meeting notes,Prepare the meeting notes
Request Rohit to bring the laptop tomorrow,Bring the laptop tomorrow
Ask Ankit to review the presentation slides,Review the presentation slides
Tell Neha to draft the new proposal,Draft the new proposal
Ask Isha to submit the daily report,Submit the daily report
Remind Rahul to plan the next sprint tasks,Plan the next sprint tasks
Message Rohit to review the presentation slides,Review the presentation slides
Remind Isha to review the latest pull request,Review the latest pull request
Remind John to check the bug fixes,Check the bug fixes
Send a message to Sanjay to draft the new proposal,Draft the new proposal
Message Karan to submit the daily report,Submit the daily report
Remind Rahul to plan the next sprint tasks,Plan the next sprint tasks
Inform Rohit to send me the project update,Send me the project update
Send a message to Ankit to send the invoice to finance,Send the invoice to finance
Text Rohit to share the onboarding document,Share the onboarding document
Inform Riya to share the onboarding document,Share the onboarding document
Inform Sanjay to share the new code files,Share the new code files
Send a message to Rohit to plan the next sprint tasks,Plan the next sprint tasks
Message Alex to send the invoice to finance,Send the invoice to finance
Send a message to Isha to push the changes to GitHub,Push the changes to GitHub
Ask Rina to share the new code files,Share the new code files
Text Karan to plan the next sprint tasks,Plan the next sprint tasks
Request Priya to prepare the meeting notes,Prepare the meeting notes
Message Rohit to share the new code files,Share the new code files
Send a message to Riya to send the invoice to finance,Send the invoice to finance
Ask Isha to review the latest pull request,Review the latest pull request
Message Alex to plan the next sprint tasks,Plan the next sprint tasks
Send a message to Ankit to send me the project update,Send me the project update
Ping Sanjay and prepare the meeting notes,Prepare the meeting notes
Tell Meera to send the invoice to finance,Send the invoice to finance
Send a message to Isha to send me the project update,Send me the project update
Tell Alex to submit the daily report,Submit the daily report
Ping Rina and update the deployment plan,Update the deployment plan
Inform Ankit to share the new code files,Share the new code files
Remind Neha to review the presentation slides,Review the presentation slides
Text Karan to finalize the budget report,Finalize the budget report
Inform Isha to review the latest pull request,Review the latest pull request
Tell Riya to send me the project update,Send me the project update
Inform John to send a summary of today’s meeting,Send a summary of today’s meeting
Ask Alex to confirm interview timings,Confirm interview timings
Inform John to finalize the budget report,Finalize the budget report
Tell Riya to prepare the meeting notes,Prepare the meeting notes
Message Meera to prepare the meeting notes,Prepare the meeting notes
Request Alex to book the conference room,Book the conference room
Message Alex to review the latest pull request,Review the latest pull request
Remind Meera to review the latest pull request,Review the latest pull request
Text Riya to submit the daily report,Submit the daily report
Text Isha to prepare the meeting notes,Prepare the meeting notes
Send a message to Meera to update the deployment plan,Update the deployment plan
Ask John to update the deployment plan,Update the deployment plan
Remind Rahul to prepare the meeting notes,Prepare the meeting notes
Remind Rina to draft the new proposal,Draft the new proposal
Text Isha to share the onboarding document,Share the onboarding document
Text Isha to schedule the client meeting,Schedule the client meeting
Send a message to John to book the conference room,Book the conference room
Text Isha to finalize the budget report,Finalize the budget report
Remind Riya to review the latest pull request,Review the latest pull request
Request Ankit to book the conference room,Book the conference room
Ask Divya if they can send a summary of today’s meeting,Can you send a summary of today’s meeting?
Ask Neha if they can submit the daily report,Can you submit the daily report?
Ask John to confirm interview timings,Confirm interview timings
Ask Priya if they can upload the test results,Can you upload the test results?
Message Alex to send a summary of today’s meeting,Send a summary of today’s meeting
Ping Meera and share the new code files,Share the new code files
Ask Sneha to share the new code files,Share the new code files
Remind Neha to upload the test results,Upload the test results
Tell Ankit to send a summary of today’s meeting,Send a summary of today’s meeting
Request Alex to review the presentation slides,Review the presentation slides
Ask Sneha if they can plan the next sprint tasks,Can you plan the next sprint tasks?
Text Neha to send a summary of today’s meeting,Send a summary of today’s meeting
Ask John to confirm interview timings,Confirm interview timings
Inform Priya to bring the laptop tomorrow,Bring the laptop tomorrow
Send a message to Riya to send me the project update,Send me the project update
Send a message to Karan to send the invoice to finance,Send the invoice to finance
Remind Alex to draft the new proposal,Draft the new proposal
Tell Sanjay to upload the test results,Upload the test results
Ask Rohit if they can prepare the meeting notes,Can you prepare the meeting notes?
Request Ankit to prepare the meeting notes,Prepare the meeting notes
Ping Priya and share the onboarding document,Share the onboarding document
Tell Alex to plan the next sprint tasks,Plan the next sprint tasks
Ask Sneha to share the new code files,Share the new code files
Message Isha to finalize the budget report,Finalize the budget report
Ask Rahul to plan the next sprint tasks,Plan the next sprint tasks
Ping Alex and send the invoice to finance,Send the invoice to finance
Inform Rohit to schedule the client meeting,Schedule the client meeting
Remind Rahul to update the deployment plan,Update the deployment plan
Inform John to review the latest pull request,Review the latest pull request
Request Rahul to check the bug fixes,Check the bug fixes
Inform Ankit to share the new code files,Share the new code files
Inform Sanjay to bring the laptop tomorrow,Bring the laptop tomorrow
Text Sneha to share the new code files,Share the new code files
Ask Alex to confirm interview timings,Confirm interview timings
Remind Alex to plan the next sprint tasks,Plan the next sprint tasks
Ask Karan if they can prepare the meeting notes,Can you prepare the meeting notes?
Message Rohit to plan the next sprint tasks,Plan the next sprint tasks
Ask Alex if they can confirm interview timings,Can you confirm interview timings?
Send a message to Ankit to schedule the client meeting,Schedule the client meeting
Inform Isha to send me the project update,Send me the project update
Text Priya to review the presentation slides,Review the presentation slides
Message Rina to confirm interview timings,Confirm interview timings
Remind Isha to push the changes to GitHub,Push the changes to GitHub
Ping Priya and push the changes to GitHub,Push the changes to GitHub
Inform Sneha to schedule the client meeting,Schedule the client meeting
Tell Neha to check the bug fixes,Check the bug fixes
Request John to check the bug fixes,Check the bug fixes
Message Riya to review the latest pull request,Review the latest pull request
Text Priya to plan the next sprint tasks,Plan the next sprint tasks
Ask John if they can schedule the client meeting,Can you schedule the client meeting?
Tell Sanjay to upload the test results,Upload the test results
Inform Isha to send the invoice to finance,Send the invoice to finance
Message Divya to send the invoice to finance,Send the invoice to finance
Inform Rahul to bring the laptop tomorrow,Bring the laptop tomorrow
Text Riya to confirm interview timings,Confirm interview timings
Ask John to send me the project update,Send me the project update
Ask John to schedule the client meeting,Schedule the client meeting
Tell John to update the deployment plan,Update the deployment plan
Inform Divya to push the changes to GitHub,Push the changes to GitHub
Text Sanjay to update the deployment plan,Update the deployment plan
Inform John to bring the laptop tomorrow,Bring the laptop tomorrow
Request Sneha to upload the test results,Upload the test results
Ping Sanjay and update the deployment plan,Update the deployment plan
Request Rohit to push the changes to GitHub,Push the changes to GitHub
Ask Divya to upload the test results,Upload the test results
Ask Karan to draft the new proposal,Draft the new proposal
Message Rina to upload the test results,Upload the test results
Message Divya to review the presentation slides,Review the presentation slides
Text Alex to review the presentation slides,Review the presentation slides
Ask Divya if they can share the onboarding document,Can you share the onboarding document?
Message Rohit to review the presentation slides,Review the presentation slides
Ask Rohit to check the bug fixes,Check the bug fixes
Request John to confirm interview timings,Confirm interview timings
Text Rina to check the bug fixes,Check the bug fixes
Inform Alex to upload the test results,Upload the test results
Text Rina to bring the laptop tomorrow,Bring the laptop tomorrow
Text Divya to prepare the meeting notes,Prepare the meeting notes
Request Karan to review the presentation slides,Review the presentation slides
Inform Priya to update the deployment plan,Update the deployment plan
Text Divya to upload the test results,Upload the test results
Message Rina to book the conference room,Book the conference room
Request Rohit to check the bug fixes,Check the bug fixes
Request Rahul to send me the project update,Send me the project update
Remind John to submit the daily report,Submit the daily report
Send a message to Alex to upload the test results,Upload the test results
Send a message to Rina to push the changes to GitHub,Push the changes to GitHub
Message Rahul to upload the test results,Upload the test results
Remind Rohit to confirm interview timings,Confirm interview timings
Message Rahul to review the latest pull request,Review the latest pull request
Ping Riya and send me the project update,Send me the project update
Text Meera to submit the daily report,Submit the daily report
Request Meera to upload the test results,Upload the test results
Text Sneha to update the deployment plan,Update the deployment plan
Ask Meera to confirm interview timings,Confirm interview timings
Message Riya to schedule the client meeting,Schedule the client meeting
Text Ankit to plan the next sprint tasks,Plan the next sprint tasks
Tell Rohit to push the changes to GitHub,Push the changes to GitHub
Ask Isha to check the bug fixes,Check the bug fixes
Remind John to send a summary of today’s meeting,Send a summary of today’s meeting
Message John to send a summary of today’s meeting,Send a summary of today’s meeting
Remind Karan to share the new code files,Share the new code files
Inform Sanjay to plan the next sprint tasks,Plan the next sprint tasks
Send a message to Rahul to finalize the budget report,Finalize the budget report
Remind Neha to review the latest pull request,Review the latest pull request
Ask Neha to review the latest pull request,Review the latest pull request
Tell Riya to prepare the meeting notes,Prepare the meeting notes
Ping Rina and upload the test results,Upload the test results
Message Rohit to check the bug fixes,Check the bug fixes
Request Sanjay to plan the next sprint tasks,Plan the next sprint tasks
Ask Rohit if they can draft the new proposal,Can you draft the new proposal?
Tell Karan to prepare the meeting notes,Prepare the meeting notes
Request Karan to send a summary of today’s meeting,Send a summary of today’s meeting
Text Ankit to prepare the meeting notes,Prepare the meeting notes
Message Priya to confirm interview timings,Confirm interview timings
Request Rina to draft the new proposal,Draft the new proposal
Text Rahul to review the presentation slides,Review the presentation slides
Text Rohit to check the bug fixes,Check the bug fixes
Ask Divya if they can confirm interview timings,Can you confirm interview timings?
Request Neha to share the onboarding document,Share the onboarding document
Text Karan to draft the new proposal,Draft the new proposal
Message Divya to plan the next sprint tasks,Plan the next sprint tasks
Ask Riya to upload the test results,Upload the test results
Message Karan to review the presentation slides,Review the presentation slides
Ask Rahul to book the conference room,Book the conference room
Send a message to Riya to check the bug fixes,Check the bug fixes
Send a message to John to send the invoice to finance,Send the invoice to finance
Ask John to plan the next sprint tasks,Plan the next sprint tasks
Tell Neha to upload the test results,Upload the test results
Tell Riya to plan the next sprint tasks,Plan the next sprint tasks
Remind Meera to submit the daily report,Submit the daily report
Message Karan to schedule the client meeting,Schedule the client meeting
Text Karan to send a summary of today’s meeting,Send a summary of today’s meeting
Ping Meera and check the bug fixes,Check the bug fixes
Text Riya to submit the daily report,Submit the daily report
Text Rohit to finalize the budget report,Finalize the budget report
Request Isha to upload the test results,Upload the test results
Inform Rina to confirm interview timings,Confirm interview timings
Send a message to Alex to update the deployment plan,Update the deployment plan
Inform Riya to send me the project update,Send me the project update
Ping Rohit and submit the daily report,Submit the daily report
Inform Rina to send the invoice to finance,Send the invoice to finance
Ask Priya if they can review the latest pull request,Can you review the latest pull request?
Tell John to book the conference room,Book the conference room
Send a message to Karan to draft the new proposal,Draft the new proposal
Ping Sanjay and draft the new proposal,Draft the new proposal
Request Neha to review the presentation slides,Review the presentation slides
Ping Sneha and send the invoice to finance,Send the invoice to finance
Ask Rina if they can submit the daily report,Can you submit the daily report?
Ask Rina to send the invoice to finance,Send the invoice to finance
Ask Priya to send a summary of today’s meeting,Send a summary of today’s meeting
Ask Alex to bring the laptop tomorrow,Bring the laptop tomorrow
Ask Rina to prepare the meeting notes,Prepare the meeting notes
Message Priya to send a summary of today’s meeting,Send a summary of today’s meeting
Text Isha to plan the next sprint tasks,Plan the next sprint tasks
Inform Meera to submit the daily report,Submit the daily report
Tell Meera to upload the test results,Upload the test results
Text Sanjay to review the latest pull request,Review the latest pull request
Remind Rina to send the invoice to finance,Send the invoice to finance
Message Meera to share the onboarding document,Share the onboarding document
Ask Ankit if they can review the latest pull request,Can you review the latest pull request?
Tell Meera to finalize the budget report,Finalize the budget report
Message Ankit to prepare the meeting notes,Prepare the meeting notes
Inform Ankit to send a summary of today’s meeting,Send a summary of today’s meeting
Text Neha to bring the laptop tomorrow,Bring the laptop tomorrow
Message Alex to prepare the meeting notes,Prepare the meeting notes
Text Sneha to update the deployment plan,Update the deployment plan
Request Priya to share the new code files,Share the new code files
Remind Meera to schedule the client meeting,Schedule the client meeting
Ask Meera if they can schedule the client meeting,Can you schedule the client meeting?
Request Isha to book the conference room,Book the conference room
Inform Ankit to confirm interview timings,Confirm interview timings
Text Ankit to draft the new proposal,Draft the new proposal
Ask Neha to draft the new proposal,Draft the new proposal
Request Isha to finalize the budget report,Finalize the budget report
Send a message to John to send a summary of today’s meeting,Send a summary of today’s meeting
Tell Isha to send me the project update,Send me the project update
Send a message to Rahul to confirm interview timings,Confirm interview timings
Message Priya to submit the daily report,Submit the daily report
Ask John to schedule the client meeting,Schedule the client meeting
Message Karan to draft the new proposal,Draft the new proposal
Ask Rina if they can push the changes to GitHub,Can you push the changes to GitHub?
Send a message to Sanjay to book the conference room,Book the conference room
Tell John to submit the daily report,Submit the daily report
Message Ankit to confirm interview timings,Confirm interview timings
Ask Priya if they can finalize the budget report,Can you finalize the budget report?
Send a message to Alex to update the deployment plan,Update the deployment plan
Ask Rahul to confirm interview timings,Confirm interview timings
Tell Ankit to send a summary of today’s meeting,Send a summary of today’s meeting
Send a message to Sanjay to book the conference room,Book the conference room
Ping Alex and book the conference room,Book the conference room
Request Divya to send me the project update,Send me the project update
Send a message to John to send the invoice to finance,Send the invoice to finance
Request Rahul to push the changes to GitHub,Push the changes to GitHub
Text John to review the presentation slides,Review the presentation slides
Ask Riya to check the bug fixes,Check the bug fixes
Remind Rohit to review the presentation slides,Review the presentation slides
Text Sanjay to book the conference room,Book the conference room
Tell Alex to push the changes to GitHub,Push the changes to GitHub
Remind Karan to finalize the budget report,Finalize the budget report
Request Rina to upload the test results,Upload the test results
Ask Rohit to share the onboarding document,Share the onboarding document
Text Rohit to review the latest pull request,Review the latest pull request
Message Isha to book the conference room,Book the conference room
Remind Divya to schedule the client meeting,Schedule the client meeting
Ask Alex to review the presentation slides,Review the presentation slides
Ask Riya to review the presentation slides,Review the presentation slides
Inform Karan to finalize the budget report,Finalize the budget report
Message Priya to send me the project update,Send me the project update
Tell Isha to schedule the client meeting,Schedule the client meeting
Ask Divya if they can share the new code files,Can you share the new code files?
Ask Rina to share the onboarding document,Share the onboarding document
Message Sneha to send a summary of today’s meeting,Send a summary of today’s meeting
Ask Rahul if they can bring the laptop tomorrow,Can you bring the laptop tomorrow?
Remind Rahul to send the invoice to finance,Send the invoice to finance
Text Rohit to prepare the meeting notes,Prepare the meeting notes
Tell Alex to bring the laptop tomorrow,Bring the laptop tomorrow
Tell Rohit to send me the project update,Send me the project update
Message Priya to finalize the budget report,Finalize the budget report
Tell Priya to send the invoice to finance,Send the invoice to finance
Tell Riya to book the conference room,Book the conference room
Send a message to Divya to push the changes to GitHub,Push the changes to GitHub
Message Neha to share the new code files,Share the new code files
Text Priya to push the changes to GitHub,Push the changes to GitHub
Request Karan to plan the next sprint tasks,Plan the next sprint tasks
Ping Meera and review the presentation slides,Review the presentation slides
Request Priya to review the presentation slides,Review the presentation slides
Request Priya to push the changes to GitHub,Push the changes to GitHub
Ping Meera and update the deployment plan,Update the deployment plan
Ask Alex if they can draft the new proposal,Can you draft the new proposal?
Send a message to Rohit to share the onboarding document,Share the onboarding document
Ask Rahul if they can prepare the meeting notes,Can you prepare the meeting notes?
Request Rina to draft the new proposal,Draft the new proposal
Send a message to Sanjay to check the bug fixes,Check the bug fixes
Request Alex to bring the laptop tomorrow,Bring the laptop tomorrow
Ask Divya to review the latest pull request,Review the latest pull request
Ask Rahul to plan the next sprint tasks,Plan the next sprint tasks
Ping Divya and review the presentation slides,Review the presentation slides
Ask Karan to bring the laptop tomorrow,Bring the laptop tomorrow
Inform Isha to finalize the budget report,Finalize the budget report
Remind John to push the changes to GitHub,Push the changes to GitHub
Ping Neha and confirm interview timings,Confirm interview timings
Ask Meera if they can confirm interview timings,Can you confirm interview timings?
Ask Rohit to bring the laptop tomorrow,Bring the laptop tomorrow
Send a message to Sanjay to push the changes to GitHub,Push the changes to GitHub
Remind Rina to book the conference room,Book the conference room
Message Rahul to check the bug fixes,Check the bug fixes
Message Alex to share the new code files,Share the new code files
Ask Alex if they can send a summary of today’s meeting,Can you send a summary of today’s meeting?
Text Rina to push the changes to GitHub,Push the changes to GitHub
Ask Divya to prepare the meeting notes,Prepare the meeting notes
Ask Alex to finalize the budget report,Finalize the budget report
Text Meera to plan the next sprint tasks,Plan the next sprint tasks
Tell Riya to upload the test results,Upload the test results
Request Riya to send me the project update,Send me the project update
Text Sanjay to plan the next sprint tasks,Plan the next sprint tasks
Tell Meera to upload the test results,Upload the test results
Ask Rina if they can draft the new proposal,Can you draft the new proposal?
Text Rahul to update the deployment plan,Update the deployment plan
Ask Meera if they can confirm interview timings,Can you confirm interview timings?
Send a message to Ankit to check the bug fixes,Check the bug fixes
Remind Neha to prepare the meeting notes,Prepare the meeting notes
Ask Priya if they can finalize the budget report,Can you finalize the budget report?
Ask Karan if they can prepare the meeting notes,Can you prepare the meeting notes?
Tell Riya to bring the laptop tomorrow,Bring the laptop tomorrow
Tell Priya to schedule the client meeting,Schedule the client meeting
Ping Sanjay and check the bug fixes,Check the bug fixes
Tell Karan to share the onboarding document,Share the onboarding document
Tell Isha to check the bug fixes,Check the bug fixes
Send a message to Divya to upload the test results,Upload the test results
Remind Rina to schedule the client meeting,Schedule the client meeting
Text Sanjay to send me the project update,Send me the project update
Request Riya to schedule the client meeting,Schedule the client meeting
Ping Ankit and check the bug fixes,Check the bug fixes
Inform Neha to confirm interview timings,Confirm interview timings
Ask Divya if they can bring the laptop tomorrow,Can you bring the laptop tomorrow?
Message Alex to share the new code files,Share the new code files
Message Sanjay to push the changes to GitHub,Push the changes to GitHub
Message Sanjay to send the invoice to finance,Send the invoice to finance
Request Riya to send a summary of today’s meeting,Send a summary of today’s meeting
Tell Priya to bring the laptop tomorrow,Bring the laptop tomorrow
Message Divya to bring the laptop tomorrow,Bring the laptop tomorrow
Message John to draft the new proposal,Draft the new proposal
Ask Riya to submit the daily report,Submit the daily report
Send a message to Sneha to draft the new proposal,Draft the new proposal
Remind Sneha to finalize the budget report,Finalize the budget report
Message Neha to share the onboarding document,Share the onboarding document
Send a message to Sanjay to share the onboarding document,Share the onboarding document
Ask Rina to book the conference room,Book the conference room
Text John to finalize the budget report,Finalize the budget report
Request Rina to send me the project update,Send me the project update
Send a message to Rahul to plan the next sprint tasks,Plan the next sprint tasks
Message Priya to share the onboarding document,Share the onboarding document
Inform Meera to finalize the budget report,Finalize the budget report
Inform Isha to review the latest pull request,Review the latest pull request
Text Sanjay to push the changes to GitHub,Push the changes to GitHub
Inform Karan to draft the new proposal,Draft the new proposal
Remind Rina to check the bug fixes,Check the bug fixes
Message Rohit to confirm interview timings,Confirm interview timings
Text Riya to book the conference room,Book the conference room
Remind Rohit to schedule the client meeting,Schedule the client meeting
Send a message to Meera to confirm interview timings,Confirm interview timings
Request John to upload the test results,Upload the test results
Tell Ankit to review the latest pull request,Review the latest pull request
Inform Riya to finalize the budget report,Finalize the budget report
Send a message to Alex to send the invoice to finance,Send the invoice to finance
Ask Meera if they can book the conference room,Can you book the conference room?
Ask Riya to update the deployment plan,Update the deployment plan
Inform Meera to book the conference room,Book the conference room
Remind Rahul to push the changes to GitHub,Push the changes to GitHub
Send a message to Rohit to send the invoice to finance,Send the invoice to finance
Request John to confirm interview timings,Confirm interview timings
Remind Meera to share the new code files,Share the new code files
Ask Priya to update the deployment plan,Update the deployment plan
Inform Rohit to upload the test results,Upload the test results
Ping Neha and plan the next sprint tasks,Plan the next sprint tasks
Ping Sanjay and share the onboarding document,Share the onboarding document
Text Priya to schedule the client meeting,Schedule the client meeting
Tell Karan to push the changes to GitHub,Push the changes to GitHub
Request Priya to finalize the budget report,Finalize the budget report
Request Rina to share the new code files,Share the new code files
Ping John and send me the project update,Send me the project update
Ping Karan and review the presentation slides,Review the presentation slides
Text John to check the bug fixes,Check the bug fixes
Ask Rohit if they can confirm interview timings,Can you confirm interview timings?
Ask Divya to submit the daily report,Submit the daily report
Ask Alex if they can plan the next sprint tasks,Can you plan the next sprint tasks?
Ask Riya to share the new code files,Share the new code files
Text Alex to update the deployment plan,Update the deployment plan
Inform Riya to prepare the meeting notes,Prepare the meeting notes
Tell John to prepare the meeting notes,Prepare the meeting notes
Ask Riya to check the bug fixes,Check the bug fixes
Remind John to update the deployment plan,Update the deployment plan
Send a message to Isha to submit the daily report,Submit the daily report
Text Alex to push the changes to GitHub,Push the changes to GitHub
Tell Alex to send me the project update,Send me the project update
Inform Sneha to plan the next sprint tasks,Plan the next sprint tasks
Ask Divya if they can submit the daily report,Can you submit the daily report?
Request Ankit to share the onboarding document,Share the onboarding document
Send a message to Rahul to confirm interview timings,Confirm interview timings
Remind Divya to share the onboarding document,Share the onboarding document
Ask Alex if they can send the invoice to finance,Can you send the invoice to finance?
Message Karan to update the deployment plan,Update the deployment plan
Ping Rina and bring the laptop tomorrow,Bring the laptop tomorrow
Request John to share the onboarding document,Share the onboarding document
Request Rina to prepare the meeting notes,Prepare the meeting notes
Request Divya to review the presentation slides,Review the presentation slides
Ask Sneha to review the latest pull request,Review the latest pull request
Ping Riya and send me the project update,Send me the project update
Tell Karan to draft the new proposal,Draft the new proposal
Ask Rohit if they can review the latest pull request,Can you review the latest pull request?
Send a message to Isha to draft the new proposal,Draft the new proposal
Ping John and bring the laptop tomorrow,Bring the laptop tomorrow
Request Karan to review the presentation slides,Review the presentation slides
Text Priya to check the bug fixes,Check the bug fixes
Send a message to Neha to submit the daily report,Submit the daily report
Remind Sanjay to send me the project update,Send me the project update
Inform Rina to prepare the meeting notes,Prepare the meeting notes
Tell Divya to check the bug fixes,Check the bug fixes
Ask Isha if they can book the conference room,Can you book the conference room?
Tell Sneha to finalize the budget report,Finalize the budget report
Send a message to Rina to review the presentation slides,Review the presentation slides
Tell Rohit to send a summary of today’s meeting,Send a summary of today’s meeting
Remind Divya to send the invoice to finance,Send the invoice to finance
Request Rahul to share the new code files,Share the new code files
Inform Rahul to book the conference room,Book the conference room
Message Rina to send a summary of today’s meeting,Send a summary of today’s meeting
Ask Meera to send the invoice to finance,Send the invoice to finance
Tell Isha to share the onboarding document,Share the onboarding document
Request Priya to send me the project update,Send me the project update
Ask Riya if they can book the conference room,Can you book the conference room?
Ask Ankit if they can review the latest pull request,Can you review the latest pull request?
Remind Divya to check the bug fixes,Check the bug fixes
Remind Rohit to review the latest pull request,Review the latest pull request
Message Sneha to finalize the budget report,Finalize the budget report
Request Sanjay to check the bug fixes,Check the bug fixes
Text Divya to check the bug fixes,Check the bug fixes
Send a message to Ankit to bring the laptop tomorrow,Bring the laptop tomorrow
Ask Divya if they can confirm interview timings,Can you confirm interview timings?
Request Divya to update the deployment plan,Update the deployment plan
Ping Divya and push the changes to GitHub,Push the changes to GitHub
Request Priya to draft the new proposal,Draft the new proposal
Send a message to Rohit to review the latest pull request,Review the latest pull request
Ask Rohit to send a summary of today’s meeting,Send a summary of today’s meeting
Message Rohit to send a summary of today’s meeting,Send a summary of today’s meeting
Ask Karan if they can bring the laptop tomorrow,Can you bring the laptop tomorrow?
Message Karan to send a summary of today’s meeting,Send a summary of today’s meeting
Tell Rina to share the onboarding document,Share the onboarding document
Ask Sanjay if they can send the invoice to finance,Can you send the invoice to finance?
Inform Rohit to schedule the client meeting,Schedule the client meeting
Message Rina to submit the daily report,Submit the daily report
Message Riya to finalize the budget report,Finalize the budget report
Request Meera to book the conference room,Book the conference room
Send a message to Riya to submit the daily report,Submit the daily report
Tell Alex to submit the daily report,Submit the daily report
Message Rina to push the changes to GitHub,Push the changes to GitHub
Message Sneha to submit the daily report,Submit the daily report
Request Meera to bring the laptop tomorrow,Bring the laptop tomorrow
Message Karan to book the conference room,Book the conference room
Send a message to John to confirm interview timings,Confirm interview timings
Tell Karan to check the bug fixes,Check the bug fixes
Ask Ankit to update the deployment plan,Update the deployment plan
Ask Rahul to send the invoice to finance,Send the invoice to finance
Ping Alex and book the conference room,Book the conference room
Message Divya to draft the new proposal,Draft the new proposal
Ask Meera to plan the next sprint tasks,Plan the next sprint tasks
Remind Meera to review the presentation slides,Review the presentation slides
Request Neha to push the changes to GitHub,Push the changes to GitHub
Ask Meera to book the conference room,Book the conference room
Ask Sanjay if they can send a summary of today’s meeting,Can you send a summary of today’s meeting?
Tell Riya to upload the test results,Upload the test results
Text Meera to submit the daily report,Submit the daily report
Message Karan to send me the project update,Send me the project update
Request Sanjay to share the onboarding document,Share the onboarding document
Message Sneha to bring the laptop tomorrow,Bring the laptop tomorrow
Tell Alex to bring the laptop tomorrow,Bring the laptop tomorrow
Ask Riya if they can schedule the client meeting,Can you schedule the client meeting?
Ping Rina and send me the project update,Send me the project update
Ping Karan and share the new code files,Share the new code files
Ask Sanjay to share the onboarding document,Share the onboarding document
Text Isha to share the onboarding document,Share the onboarding document
Ping Rina and book the conference room,Book the conference room
Text Isha to draft the new proposal,Draft the new proposal
Send a message to Ankit to share the new code files,Share the new code files
Text Karan to review the latest pull request,Review the latest pull request
Ask Rina if they can draft the new proposal,Can you draft the new proposal?
Tell Isha to finalize the budget report,Finalize the budget report
Send a message to Karan to share the new code files,Share the new code files
Ask Rahul to review the latest pull request,Review the latest pull request
Ping Neha and submit the daily report,Submit the daily report
Ping Rahul and update the deployment plan,Update the deployment plan
Inform Rahul to send the invoice to finance,Send the invoice to finance
Ask Rina if they can share the new code files,Can you share the new code files?
Ping Rina and schedule the client meeting,Schedule the client meeting
Remind Rina to submit the daily report,Submit the daily report
Inform Neha to update the deployment plan,Update the deployment plan
Send a message to Ankit to book the conference room,Book the conference room
Request Isha to update the deployment plan,Update the deployment plan
Ask Rohit if they can check the bug fixes,Can you check the bug fixes?
Message Rohit to book the conference room,Book the conference room
Request Divya to plan the next sprint tasks,Plan the next sprint tasks
Remind Riya to push the changes to GitHub,Push the changes to GitHub
Tell Isha to share the onboarding document,Share the onboarding document
Ping John and finalize the budget report,Finalize the budget report
Request Alex to finalize the budget report,Finalize the budget report
Tell Rina to send a summary of today’s meeting,Send a summary of today’s meeting
Ping Meera and send me the project update,Send me the project update
Tell Neha to submit the daily report,Submit the daily report
Request Karan to update the deployment plan,Update the deployment plan
Request Rohit to send a summary of today’s meeting,Send a summary of today’s meeting
Message Riya to update the deployment plan,Update the deployment plan
Remind Sneha to push the changes to GitHub,Push the changes to GitHub
Remind Divya to bring the laptop tomorrow,Bring the laptop tomorrow
Text Alex to confirm interview timings,Confirm interview timings
Ask Rohit to send a summary of today’s meeting,Send a summary of today’s meeting
Message Isha to schedule the client meeting,Schedule the client meeting
Request Rahul to bring the laptop tomorrow,Bring the laptop tomorrow
Message Sanjay to draft the new proposal,Draft the new proposal
Inform Rina to send the invoice to finance,Send the invoice to finance
Ask Karan if they can bring the laptop tomorrow,Can you bring the laptop tomorrow?
Tell Rahul to draft the new proposal,Draft the new proposal
Ping John and bring the laptop tomorrow,Bring the laptop tomorrow
Request Sneha to draft the new proposal,Draft the new proposal
Send a message to Karan to send a summary of today’s meeting,Send a summary of today’s meeting
Inform Neha to schedule the client meeting,Schedule the client meeting
Inform Sneha to schedule the client meeting,Schedule the client meeting
Inform Meera to confirm interview timings,Confirm interview timings
Message Rohit to book the conference room,Book the conference room
Inform Rohit to bring the laptop tomorrow,Bring the laptop tomorrow
Ask John to review the presentation slides,Review the presentation slides
Tell Divya to prepare the meeting notes,Prepare the meeting notes
Remind Rahul to bring the laptop tomorrow,Bring the laptop tomorrow
Message Sneha to draft the new proposal,Draft the new proposal
Text Rahul to send me the project update,Send me the project update
Inform Sanjay to submit the daily report,Submit the daily report
Tell Karan to update the deployment plan,Update the deployment plan
Ask Alex if they can submit the daily report,Can you submit the daily report?
Text Priya to push the changes to GitHub,Push the changes to GitHub
Text Neha to draft the new proposal,Draft the new proposal
Text Rina to send the invoice to finance,Send the invoice to finance
Inform Riya to confirm interview timings,Confirm interview timings
Request Sanjay to bring the laptop tomorrow,Bring the laptop tomorrow
Message John to draft the new proposal,Draft the new proposal
Ask Ankit to bring the laptop tomorrow,Bring the laptop tomorrow
Text Rohit to confirm interview timings,Confirm interview timings
Request Alex to prepare the meeting notes,Prepare the meeting notes
Text Alex to send me the project update,Send me the project update
Tell Karan to bring the laptop tomorrow,Bring the laptop tomorrow
Ask Isha to check the bug fixes,Check the bug fixes
Send a message to Rahul to review the presentation slides,Review the presentation slides
Ping Rahul and prepare the meeting notes,Prepare the meeting notes
Message Rina to push the changes to GitHub,Push the changes to GitHub
Request Rina to share the onboarding document,Share the onboarding document
Ping Rina and bring the laptop tomorrow,Bring the laptop tomorrow
Ask John if they can finalize the budget report,Can you finalize the budget report?
Ask Riya if they can finalize the budget report,Can you finalize the budget report?
Request Neha to bring the laptop tomorrow,Bring the laptop tomorrow
Tell Neha to book the conference room,Book the conference room
Remind Sneha to send the invoice to finance,Send the invoice to finance
Text John to draft the new proposal,Draft the new proposal
Inform Priya to send the invoice to finance,Send the invoice to finance
Send a message to Rahul to check the bug fixes,Check the bug fixes
Send a message to Sneha to send a summary of today’s meeting,Send a summary of today’s meeting
Inform Karan to draft the new proposal,Draft the new proposal
Request Rohit to check the bug fixes,Check the bug fixes
Ping Rohit and prepare the meeting notes,Prepare the meeting notes
Tell Rina to submit the daily report,Submit the daily report
Send a message to Divya to update the deployment plan,Update the deployment plan
Text John to share the new code files,Share the new code files
Message Rina to prepare the meeting notes,Prepare the meeting notes
Ask Karan if they can review the latest pull request,Can you review the latest pull request?
Send a message to Riya to send me the project update,Send me the project update
Message Alex to finalize the budget report,Finalize the budget report
Remind Sanjay to schedule the client meeting,Schedule the client meeting
Inform Neha to draft the new proposal,Draft the new proposal
Tell Sneha to send the invoice to finance,Send the invoice to finance
Tell Priya to plan the next sprint tasks,Plan the next sprint tasks
Tell Neha to review the presentation slides,Review the presentation slides
Ask Meera if they can update the deployment plan,Can you update the deployment plan?
Inform Rahul to send me the project update,Send me the project update
Request Ankit to book the conference room,Book the conference room
Ask Priya if they can submit the daily report,Can you submit the daily report?
Request John to draft the new proposal,Draft the new proposal
Ask Karan if they can update the deployment plan,Can you update the deployment plan?
Message Meera to check the bug fixes,Check the bug fixes
Send a message to Riya to review the presentation slides,Review the presentation slides
Ask Meera if they can send the invoice to finance,Can you send the invoice to finance?
Ask Divya if they can confirm interview timings,Can you confirm interview timings?
Message Rahul to update the deployment plan,Update the deployment plan
Message Rahul to submit the daily report,Submit the daily report
Request Rahul to send a summary of today’s meeting,Send a summary of today’s meeting
Ask Isha to share the new code files,Share the new code files
Ping Rohit and check the bug fixes,Check the bug fixes
Ping Rahul and finalize the budget report,Finalize the budget report
Tell Divya to book the conference room,Book the conference room
Ask Ankit to review the latest pull request,Review the latest pull request
Tell Sneha to check the bug fixes,Check the bug fixes
Text Rina to upload the test results,Upload the test results
Text Rina to review the presentation slides,Review the presentation slides
Tell Priya to draft the new proposal,Draft the new proposal
Text Rahul to share the onboarding document,Share the onboarding document
Text Neha to upload the test results,Upload the test results
Remind Sanjay to book the conference room,Book the conference room
Tell Divya to bring the laptop tomorrow,Bring the laptop tomorrow
Tell Meera to confirm interview timings,Confirm interview timings
Ask Alex to bring the laptop tomorrow,Bring the laptop tomorrow
Ask Rohit to book the conference room,Book the conference room
Inform Rina to book the conference room,Book the conference room
Text Sneha to check the bug fixes,Check the bug fixes
Remind Ankit to upload the test results,Upload the test results
Send a message to Meera to bring the laptop tomorrow,Bring the laptop tomorrow
Ping Priya and update the deployment plan,Update the deployment plan
Ping Meera and plan the next sprint tasks,Plan the next sprint tasks
Ask Divya if they can review the latest pull request,Can you review the latest pull request?
Remind Riya to schedule the client meeting,Schedule the client meeting
Ask Rohit if they can finalize the budget report,Can you finalize the budget report?
Remind Sanjay to prepare the meeting notes,Prepare the meeting notes
Ping Rohit and upload the test results,Upload the test results
Ping Sanjay and review the latest pull request,Review the latest pull request
Ask John to check the bug fixes,Check the bug fixes
Text Meera to share the onboarding document,Share the onboarding document
Inform Sanjay to review the presentation slides,Review the presentation slides
Request Sanjay to share the new code files,Share the new code files
Ask Sneha if they can plan the next sprint tasks,Can you plan the next sprint tasks?
Remind Divya to share the onboarding document,Share the onboarding document
Tell Riya to plan the next sprint tasks,Plan the next sprint tasks
Tell Ankit to confirm interview timings,Confirm interview timings
Send a message to Isha to review the latest pull request,Review the latest pull request
Send a message to Priya to send a summary of today’s meeting,Send a summary of today’s meeting
Tell Meera to schedule the client meeting,Schedule the client meeting
Message Riya to review the presentation slides,Review the presentation slides
Tell Rina to send a summary of today’s meeting,Send a summary of today’s meeting
Remind Ankit to schedule the client meeting,Schedule the client meeting
Ask Rohit to push the changes to GitHub,Push the changes to GitHub
Tell Priya to bring the laptop tomorrow,Bring the laptop tomorrow
Ask Karan if they can review the presentation slides,Can you review the presentation slides?
Send a message to Sneha to prepare the meeting notes,Prepare the meeting notes
Ask Divya if they can book the conference room,Can you book the conference room?
Text Sanjay to submit the daily report,Submit the daily report
Request Sanjay to confirm interview timings,Confirm interview timings
Message Isha to prepare the meeting notes,Prepare the meeting notes
Ask Isha if they can share the onboarding document,Can you share the onboarding document?
Message Alex to finalize the budget report,Finalize the budget report
Ask Rina if they can confirm interview timings,Can you confirm interview timings?
Remind Sneha to share the onboarding document,Share the onboarding document
Request Riya to bring the laptop tomorrow,Bring the laptop tomorrow
Text Karan to check the bug fixes,Check the bug fixes
Inform Karan to review the latest pull request,Review the latest pull request
Ask Priya to finalize the budget report,Finalize the budget report
Ask John if they can send me the project update,Can you send me the project update?
Tell Neha to schedule the client meeting,Schedule the client meeting
Message Meera to book the conference room,Book the conference room
Ask Rina if they can push the changes to GitHub,Can you push the changes to GitHub?
Remind John to draft the new proposal,Draft the new proposal
Request Rahul to update the deployment plan,Update the deployment plan
Send a message to Sneha to send me the project update,Send me the project update
Remind Meera to bring the laptop tomorrow,Bring the laptop tomorrow
Remind Meera to review the latest pull request,Review the latest pull request
Request Karan to book the conference room,Book the conference room
Send a message to Divya to book the conference room,Book the conference room
Ask Sneha to share the onboarding document,Share the onboarding document
Tell Sanjay to upload the test results,Upload the test results
Text Sanjay to finalize the budget report,Finalize the budget report
Send a message to Sneha to bring the laptop tomorrow,Bring the laptop tomorrow
Remind Neha to send me the project update,Send me the project update
Ping Rahul and draft the new proposal,Draft the new proposal
Request Rohit to send the invoice to finance,Send the invoice to finance
Ping John and share the onboarding document,Share the onboarding document
Ask Meera to bring the laptop tomorrow,Bring the laptop tomorrow
Inform Sanjay to review the presentation slides,Review the presentation slides
Remind John to submit the daily report,Submit the daily report
Message Rahul to book the conference room,Book the conference room
Remind Karan to share the new code files,Share the new code files
Send a message to Divya to plan the next sprint tasks,Plan the next sprint tasks
Tell Rina to submit the daily report,Submit the daily report
Ask Rahul to confirm interview timings,Confirm interview timings
Text Rahul to confirm interview timings,Confirm interview timings
Tell Riya to confirm interview timings,Confirm interview timings
Ask Neha to share the onboarding document,Share the onboarding document
Ask Rohit if they can finalize the budget report,Can you finalize the budget report?
Ask Rina to send the invoice to finance,Send the invoice to finance
Ask Rina if they can share the new code files,Can you share the new code files?
Ask Sneha to review the presentation slides,Review the presentation slides
Request Sneha to draft the new proposal,Draft the new proposal
Send a message to Isha to share the onboarding document,Share the onboarding document
Request John to push the changes to GitHub,Push the changes to GitHub
Ask Neha to update the deployment plan,Update the deployment plan
Ask Meera to bring the laptop tomorrow,Bring the laptop tomorrow
Ask Sanjay if they can finalize the budget report,Can you finalize the budget report?
Ask Rina to share the onboarding document,Share the onboarding document
Text Ankit to review the latest pull request,Review the latest pull request
Ask Sneha if they can submit the daily report,Can you submit the daily report?
Tell Alex to draft the new proposal,Draft the new proposal
Ask Rohit if they can review the latest pull request,Can you review the latest pull request?
Inform Priya to review the presentation slides,Review the presentation slides
Inform Riya to update the deployment plan,Update the deployment plan
Tell Neha to review the presentation slides,Review the presentation slides
Ask Sanjay to review the latest pull request,Review the latest pull request
Send a message to Priya to push the changes to GitHub,Push the changes to GitHub
Message Meera to share the onboarding document,Share the onboarding document
Ping Divya and book the conference room,Book the conference room
Remind Sanjay to plan the next sprint tasks,Plan the next sprint tasks
Ping Isha and send me the project update,Send me the project update
Ask Neha to plan the next sprint tasks,Plan the next sprint tasks
Send a message to Rahul to review the latest pull request,Review the latest pull request
Ask Rina if they can upload the test results,Can you upload the test results?
Inform John to review the presentation slides,Review the presentation slides
Request Karan to share the new code files,Share the new code files
Text Alex to prepare the meeting notes,Prepare the meeting notes
Text John to push the changes to GitHub,Push the changes to GitHub
Text Sneha to finalize the budget report,Finalize the budget report
Remind Isha to send a summary of today’s meeting,Send a summary of today’s meeting
Ping Rohit and share the new code files,Share the new code files
Send a message to Priya to share the new code files,Share the new code files
Send a message to Rohit to review the latest pull request,Review the latest pull request
Send a message to Isha to confirm interview timings,Confirm interview timings
Message Rina to send a summary of today’s meeting,Send a summary of today’s meeting
Text Rohit to plan the next sprint tasks,Plan the next sprint tasks
Tell Isha to upload the test results,Upload the test results
Tell Riya to submit the daily report,Submit the daily report
Ask Meera to submit the daily report,Submit the daily report
Text Priya to upload the test results,Upload the test results
Request Ankit to update the deployment plan,Update the deployment plan
Remind Alex to send me the project update,Send me the project update
Request Priya to push the changes to GitHub,Push the changes to GitHub
Ping Divya and plan the next sprint tasks,Plan the next sprint tasks
Request Ankit to send me the project update,Send me the project update
Inform Karan to schedule the client meeting,Schedule the client meeting
Message Divya to check the bug fixes,Check the bug fixes
Message Neha to send the invoice to finance,Send the invoice to finance
Ping Rina and finalize the budget report,Finalize the budget report
Ping Isha and draft the new proposal,Draft the new proposal
Tell Sanjay to schedule the client meeting,Schedule the client meeting
Text Isha to update the deployment plan,Update the deployment plan
Ping Meera and plan the next sprint tasks,Plan the next sprint tasks
Ask Sneha if they can book the conference room,Can you book the conference room?
Tell Alex to send me the project update,Send me the project update
Ping Rahul and plan the next sprint tasks,Plan the next sprint tasks
Remind Rina to review the presentation slides,Review the presentation slides
Tell Rina to review the latest pull request,Review the latest pull request
Tell Isha to book the conference room,Book the conference room
Ask Sanjay if they can send the invoice to finance,Can you send the invoice to finance?
Text Rahul to schedule the client meeting,Schedule the client meeting
Inform John to upload the test results,Upload the test results
Send a message to Rohit to update the deployment plan,Update the deployment plan
Message Karan to prepare the meeting notes,Prepare the meeting notes
Ask John to schedule the client meeting,Schedule the client meeting
Inform Isha to send a summary of today’s meeting,Send a summary of today’s meeting
Message Sanjay to share the onboarding document,Share the onboarding document
Text Rahul to share the new code files,Share the new code files
Send a message to Sanjay to share the new code files,Share the new code files
Text Isha to check the bug fixes,Check the bug fixes
Send a message to Sanjay to push the changes to GitHub,Push the changes to GitHub
Request Rohit to plan the next sprint tasks,Plan the next sprint tasks
Text Divya to review the latest pull request,Review the latest pull request
Request Neha to prepare the meeting notes,Prepare the meeting notes
Ask Rina to prepare the meeting notes,Prepare the meeting notes
Inform Rina to share the new code files,Share the new code files
Text Riya to confirm interview timings,Confirm interview timings
Ask John if they can push the changes to GitHub,Can you push the changes to GitHub?
Ping Meera and prepare the meeting notes,Prepare the meeting notes
Send a message to Rohit to confirm interview timings,Confirm interview timings
Text Divya to check the bug fixes,Check the bug fixes
Remind Meera to check the bug fixes,Check the bug fixes
Message Ankit to plan the next sprint tasks,Plan the next sprint tasks
Message Rina to send me the project update,Send me the project update
Message Rohit to draft the new proposal,Draft the new proposal
Tell Sanjay to book the conference room,Book the conference room
Ping Riya and share the onboarding document,Share the onboarding document
Send a message to Rohit to submit the daily report,Submit the daily report
Ask Karan if they can prepare the meeting notes,Can you prepare the meeting notes?
Inform Ankit to finalize the budget report,Finalize the budget report
Text Rahul to share the new code files,Share the new code files
Ask Divya to update the deployment plan,Update the deployment plan
Ping Sanjay and review the presentation slides,Review the presentation slides
Text Rohit to prepare the meeting notes,Prepare the meeting notes
Ask Meera if they can send me the project update,Can you send me the project update?
Tell Isha to push the changes to GitHub,Push the changes to GitHub
Remind Divya to check the bug fixes,Check the bug fixes
Send a message to Sneha to bring the laptop tomorrow,Bring the laptop tomorrow
Ping Divya and share the onboarding document,Share the onboarding document
Ask Neha to send a summary of today’s meeting,Send a summary of today’s meeting
Remind Sanjay to share the onboarding document,Share the onboarding document
Send a message to Riya to update the deployment plan,Update the deployment plan
Text Karan to check the bug fixes,Check the bug fixes
Ask Alex to schedule the client meeting,Schedule the client meeting
Tell Sneha to send a summary of today’s meeting,Send a summary of today’s meeting
Ask Rahul if they can send the invoice to finance,Can you send the invoice to finance?
Remind Sneha to share the new code files,Share the new code files
Text Neha to push the changes to GitHub,Push the changes to GitHub
Ask Rohit to book the conference room,Book the conference room
Tell Rahul to plan the next sprint tasks,Plan the next sprint tasks
Send a message to Isha to share the onboarding document,Share the onboarding document
Request Rohit to plan the next sprint tasks,Plan the next sprint tasks
Message Alex to finalize the budget report,Finalize the budget report
Message Karan to draft the new proposal,Draft the new proposal
Text Rahul to share the new code files,Share the new code files
Tell John to confirm interview timings,Confirm interview timings
Inform Alex to send a summary of today’s meeting,Send a summary of today’s meeting
Text Rahul to book the conference room,Book the conference room
Remind Meera to push the changes to GitHub,Push the changes to GitHub
Tell Rahul to review the presentation slides,Review the presentation slides
Ask John if they can upload the test results,Can you upload the test results?
Message Alex to draft the new proposal,Draft the new proposal
Tell Alex to upload the test results,Upload the test results
Send a message to Rohit to update the deployment plan,Update the deployment plan
Send a message to Isha to share the onboarding document,Share the onboarding document
Remind Rina to draft the new proposal,Draft the new proposal
Ask Alex to prepare the meeting notes,Prepare the meeting notes
Ask Divya if they can check the bug fixes,Can you check the bug fixes?
Ask Divya if they can share the onboarding document,Can you share the onboarding document?
Request Alex to share the onboarding document,Share the onboarding document
Request Sanjay to draft the new proposal,Draft the new proposal
Text Alex to update the deployment plan,Update the deployment plan
Request Priya to share the new code files,Share the new code files
Request Alex to review the presentation slides,Review the presentation slides
Remind Karan to upload the test results,Upload the test results
Text Rina to update the deployment plan,Update the deployment plan
Send a message to Isha to check the bug fixes,Check the bug fixes
Ask Ankit if they can schedule the client meeting,Can you schedule the client meeting?
Ask Riya if they can finalize the budget report,Can you finalize the budget report?
Send a message to Rina to draft the new proposal,Draft the new proposal
Remind Rohit to share the onboarding document,Share the onboarding document
Ask Sneha to push the changes to GitHub,Push the changes to GitHub
Inform Karan to book the conference room,Book the conference room
Text Alex to prepare the meeting notes,Prepare the meeting notes
Ask Priya if they can draft the new proposal,Can you draft the new proposal?
Send a message to John to upload the test results,Upload the test results
Send a message to John to push the changes to GitHub,Push the changes to GitHub
Message Neha to schedule the client meeting,Schedule the client meeting
Remind Neha to draft the new proposal,Draft the new proposal
Message Isha to update the deployment plan,Update the deployment plan
Inform Rohit to send the invoice to finance,Send the invoice to finance
Ask Ankit if they can share the onboarding document,Can you share the onboarding document?
Inform Priya to schedule the client meeting,Schedule the client meeting
Inform Riya to send me the project update,Send me the project update
Tell John to review the latest pull request,Review the latest pull request
Ping Priya and prepare the meeting notes,Prepare the meeting notes
Inform Meera to review the latest pull request,Review the latest pull request
Remind Divya to check the bug fixes,Check the bug fixes
Ping Sneha and review the latest pull request,Review the latest pull request
Ping John and draft the new proposal,Draft the new proposal
Request Ankit to update the deployment plan,Update the deployment plan
Send a message to Meera to upload the test results,Upload the test results
Send a message to Rohit to upload the test results,Upload the test results
Text Rahul to draft the new proposal,Draft the new proposal
Ask Rohit if they can prepare the meeting notes,Can you prepare the meeting notes?
Request Alex to send the invoice to finance,Send the invoice to finance
Ask Rahul to submit the daily report,Submit the daily report
Remind John to book the conference room,Book the conference room
Message Divya to book the conference room,Book the conference room
Ask Isha to draft the new proposal,Draft the new proposal
Ask Rina if they can share the onboarding document,Can you share the onboarding document?
Tell Divya to plan the next sprint tasks,Plan the next sprint tasks
Ask Ankit if they can push the changes to GitHub,Can you push the changes to GitHub?
Inform Riya to bring the laptop tomorrow,Bring the laptop tomorrow
Remind Divya to plan the next sprint tasks,Plan the next sprint tasks
Request Alex to plan the next sprint tasks,Plan the next sprint tasks
Text Karan to check the bug fixes,Check the bug fixes
Tell Sanjay to update the deployment plan,Update the deployment plan
Tell Rohit to draft the new proposal,Draft the new proposal
Message Karan to prepare the meeting notes,Prepare the meeting notes
Remind Neha to plan the next sprint tasks,Plan the next sprint tasks
Tell Riya to bring the laptop tomorrow,Bring the laptop tomorrow
Request Sneha to finalize the budget report,Finalize the budget report
Ping Riya and review the presentation slides,Review the presentation slides
Remind Isha to confirm interview timings,Confirm interview timings
Ask Sneha if they can submit the daily report,Can you submit the daily report?
Ping Alex and plan the next sprint tasks,Plan the next sprint tasks
Ask Sneha if they can bring the laptop tomorrow,Can you bring the laptop tomorrow?
Remind Rohit to finalize the budget report,Finalize the budget report
Ping Rohit and push the changes to GitHub,Push the changes to GitHub
Ask Sneha if they can confirm interview timings,Can you confirm interview timings?
Remind Ankit to review the latest pull request,Review the latest pull request
Ping Rina and book the conference room,Book the conference room
Send a message to Meera to confirm interview timings,Confirm interview timings
Ask Divya to schedule the client meeting,Schedule the client meeting
Ping Ankit and upload the test results,Upload the test results
Ping Alex and plan the next sprint tasks,Plan the next sprint tasks
Ping Sanjay and push the changes to GitHub,Push the changes to GitHub
Tell Priya to schedule the client meeting,Schedule the client meeting
Text John to confirm interview timings,Confirm interview timings
Request Sanjay to push the changes to GitHub,Push the changes to GitHub
Ask Priya if they can send a summary of today’s meeting,Can you send a summary of today’s meeting?
Ask Rahul to draft the new proposal,Draft the new proposal
Request Priya to confirm interview timings,Confirm interview timings
Tell Priya to check the bug fixes,Check the bug fixes
Message Sanjay to check the bug fixes,Check the bug fixes
Tell Rahul to update the deployment plan,Update the deployment plan
Request John to send the invoice to finance,Send the invoice to finance
Tell Rohit to plan the next sprint tasks,Plan the next sprint tasks
Text Isha to submit the daily report,Submit the daily report
Remind Neha to draft the new proposal,Draft the new proposal
Request Karan to update the deployment plan,Update the deployment plan
Remind John to confirm interview timings,Confirm interview timings
Ask Rahul to book the conference room,Book the conference room
Ask Sanjay if they can book the conference room,Can you book the conference room?
Request Divya to send the invoice to finance,Send the invoice to finance
Send a message to Riya to send me the project update,Send me the project update
Text Sanjay to bring the laptop tomorrow,Bring the laptop tomorrow
Text Alex to send a summary of today’s meeting,Send a summary of today’s meeting
Request Neha to send a summary of today’s meeting,Send a summary of today’s meeting
Ask John if they can plan the next sprint tasks,Can you plan the next sprint tasks?
Request Karan to plan the next sprint tasks,Plan the next sprint tasks
Ask Ankit to review the latest pull request,Review the latest pull request
Request Rohit to update the deployment plan,Update the deployment plan
Inform Riya to confirm interview timings,Confirm interview timings
Send a message to Ankit to confirm interview timings,Confirm interview timings
Ask Riya to confirm interview timings,Confirm interview timings
Remind Neha to check the bug fixes,Check the bug fixes
Text John to review the latest pull request,Review the latest pull request
Message Divya to prepare the meeting notes,Prepare the meeting notes
Remind Rohit to plan the next sprint tasks,Plan the next sprint tasks
Ping John and schedule the client meeting,Schedule the client meeting
Tell Sneha to plan the next sprint tasks,Plan the next sprint tasks
Inform Divya to bring the laptop tomorrow,Bring the laptop tomorrow
Inform Isha to book the conference room,Book the conference room
Ask Rohit to send a summary of today’s meeting,Send a summary of today’s meeting
Ask Sanjay to confirm interview timings,Confirm interview timings
Message Ankit to share the new code files,Share the new code files
Ask Sneha if they can send the invoice to finance,Can you send the invoice to finance?
Ping Rohit and plan the next sprint tasks,Plan the next sprint tasks
Ping Riya and check the bug fixes,Check the bug fixes
Inform Sneha to submit the daily report,Submit the daily report
Ask Riya to push the changes to GitHub,Push the changes to GitHub
Ping Ankit and draft the new proposal,Draft the new proposal
Message Ankit to send the invoice to finance,Send the invoice to finance
Ask John if they can finalize the budget report,Can you finalize the budget report?
Ask Priya to confirm interview timings,Confirm interview timings
Send a message to Divya to bring the laptop tomorrow,Bring the laptop tomorrow
Text Sneha to submit the daily report,Submit the daily report
Text Priya to send a summary of today’s meeting,Send a summary of today’s meeting
Ask Ankit if they can finalize the budget report,Can you finalize the budget report?
Remind Isha to send me the project update,Send me the project update
Inform Priya to review the presentation slides,Review the presentation slides
Ping Neha and book the conference room,Book the conference room
Send a message to Rina to send the invoice to finance,Send the invoice to finance
Ask Priya if they can plan the next sprint tasks,Can you plan the next sprint tasks?
Remind Ankit to review the latest pull request,Review the latest pull request
Remind Rahul to upload the test results,Upload the test results
Remind Neha to review the latest pull request,Review the latest pull request
Send a message to Riya to bring the laptop tomorrow,Bring the laptop tomorrow
Tell Riya to share the new code files,Share the new code files
Tell John to review the latest pull request,Review the latest pull request
Ask Sneha if they can schedule the client meeting,Can you schedule the client meeting?
Text Sanjay to review the presentation slides,Review the presentation slides
Request Sanjay to confirm interview timings,Confirm interview timings
Inform Rina to plan the next sprint tasks,Plan the next sprint tasks
Remind Neha to send me the project update,Send me the project update
Send a message to Sneha to schedule the client meeting,Schedule the client meeting
Send a message to Rohit to send me the project update,Send me the project update
Send a message to Sanjay to confirm interview timings,Confirm interview timings
Tell Rina to schedule the client meeting,Schedule the client meeting
Ping Rahul and upload the test results,Upload the test results
Ask Ankit if they can update the deployment plan,Can you update the deployment plan?
Text Rohit to share the onboarding document,Share the onboarding document
Remind Divya to submit the daily report,Submit the daily report
Send a message to Sneha to book the conference room,Book the conference room
Tell Rahul to finalize the budget report,Finalize the budget report
Ask Rohit to plan the next sprint tasks,Plan the next sprint tasks
Message Karan to send the invoice to finance,Send the invoice to finance
Inform Sneha to submit the daily report,Submit the daily report
Remind John to send a summary of today’s meeting,Send a summary of today’s meeting
Tell Karan to share the onboarding document,Share the onboarding document
Text Riya to send the invoice to finance,Send the invoice to finance
Inform Rohit to check the bug fixes,Check the bug fixes
Send a message to Divya to push the changes to GitHub,Push the changes to GitHub
Text Isha to confirm interview timings,Confirm interview timings
Remind Priya to upload the test results,Upload the test results
Tell Riya to review the latest pull request,Review the latest pull request
Remind Ankit to submit the daily report,Submit the daily report
Ask Divya to plan the next sprint tasks,Plan the next sprint tasks
Remind Ankit to plan the next sprint tasks,Plan the next sprint tasks
Ask Ankit to book the conference room,Book the conference room
Send a message to John to upload the test results,Upload the test results
Text Isha to check the bug fixes,Check the bug fixes
Request Rohit to send a summary of today’s meeting,Send a summary of today’s meeting
Send a message to Meera to send the invoice to finance,Send the invoice to finance
Message Priya to share the new code files,Share the new code files
Request Alex to share the new code files,Share the new code files
Remind John to push the changes to GitHub,Push the changes to GitHub
Text Neha to share the new code files,Share the new code files
Remind Alex to book the conference room,Book the conference room
Ask Sanjay if they can review the latest pull request,Can you review the latest pull request?
Inform Rohit to submit the daily report,Submit the daily report
Ask Riya to draft the new proposal,Draft the new proposal
Ping Meera and bring the laptop tomorrow,Bring the laptop tomorrow
Message Divya to share the onboarding document,Share the onboarding document
Ask Riya if they can update the deployment plan,Can you update the deployment plan?
Inform Divya to submit the daily report,Submit the daily report
Inform Rohit to update the deployment plan,Update the deployment plan
Message Neha to share the onboarding document,Share the onboarding document
Send a message to Isha to send me the project update,Send me the project update
Ask Meera if they can push the changes to GitHub,Can you push the changes to GitHub?
Message Alex to send me the project update,Send me the project update
Ask Sneha if they can submit the daily report,Can you submit the daily report?
Message Ankit to review the presentation slides,Review the presentation slides
Send a message to Rohit to push the changes to GitHub,Push the changes to GitHub
Text Ankit to schedule the client meeting,Schedule the client meeting
Ask Rahul if they can prepare the meeting notes,Can you prepare the meeting notes?
Inform John to send a summary of today’s meeting,Send a summary of today’s meeting
Text Rahul to plan the next sprint tasks,Plan the next sprint tasks
Message Rohit to update the deployment plan,Update the deployment plan
Inform Sneha to upload the test results,Upload the test results
Message Sneha to draft the new proposal,Draft the new proposal
Send a message to Rohit to push the changes to GitHub,Push the changes to GitHub
Send a message to Neha to update the deployment plan,Update the deployment plan
Remind Isha to push the changes to GitHub,Push the changes to GitHub
Ask Divya if they can schedule the client meeting,Can you schedule the client meeting?
Request Priya to send a summary of today’s meeting,Send a summary of today’s meeting
Inform Alex to submit the daily report,Submit the daily report
Inform Neha to send me the project update,Send me the project update
Ask Rina to prepare the meeting notes,Prepare the meeting notes
Message Isha to share the onboarding document,Share the onboarding document
Request Sanjay to plan the next sprint tasks,Plan the next sprint tasks
Send a message to Neha to check the bug fixes,Check the bug fixes
Ask Priya if they can upload the test results,Can you upload the test results?
Ask Sneha to send the invoice to finance,Send the invoice to finance
Ping Neha and check the bug fixes,Check the bug fixes
Text Rohit to upload the test results,Upload the test results
Ping Rahul and schedule the client meeting,Schedule the client meeting
Message Riya to share the new code files,Share the new code files
Message Priya to submit the daily report,Submit the daily report
Request Sneha to submit the daily report,Submit the daily report
Message Riya to prepare the meeting notes,Prepare the meeting notes
Request Ankit to check the bug fixes,Check the bug fixes
Request John to bring the laptop tomorrow,Bring the laptop tomorrow
Ask Alex to draft the new proposal,Draft the new proposal
Send a message to Rahul to send a summary of today’s meeting,Send a summary of today’s meeting
Remind Isha to upload the test results,Upload the test results
Request Riya to book the conference room,Book the conference room
Message Rahul to send the invoice to finance,Send the invoice to finance
Ask Rina to draft the new proposal,Draft the new proposal
Text Rahul to prepare the meeting notes,Prepare the meeting notes
Ping Alex and send me the project update,Send me the project update
Request Ankit to upload the test results,Upload the test results
Inform Karan to schedule the client meeting,Schedule the client meeting
Ping John and submit the daily report,Submit the daily report
Request John to draft the new proposal,Draft the new proposal
Send a message to John to prepare the meeting notes,Prepare the meeting notes
Request Ankit to upload the test results,Upload the test results
Send a message to Meera to share the onboarding document,Share the onboarding document
Ping Sanjay and schedule the client meeting,Schedule the client meeting
Send a message to Rahul to submit the daily report,Submit the daily report
Request Isha to update the deployment plan,Update the deployment plan
Tell Divya to send a summary of today’s meeting,Send a summary of today’s meeting
Inform Isha to confirm interview timings,Confirm interview timings
Request Meera to review the presentation slides,Review the presentation slides
Message Priya to push the changes to GitHub,Push the changes to GitHub
Send a message to Riya to finalize the budget report,Finalize the budget report
Text Meera to confirm interview timings,Confirm interview timings
Send a message to Karan to send the invoice to finance,Send the invoice to finance
Send a message to Priya to upload the test results,Upload the test results
Remind Divya to draft the new proposal,Draft the new proposal
Ping Riya and update the deployment plan,Update the deployment plan
Ask Sneha if they can update the deployment plan,Can you update the deployment plan?
Ask Ankit to review the latest pull request,Review the latest pull request
Ping Divya and finalize the budget report,Finalize the budget report
Tell Alex to schedule the client meeting,Schedule the client meeting
Tell Sanjay to bring the laptop tomorrow,Bring the laptop tomorrow
Text Sanjay to submit the daily report,Submit the daily report
Tell Rina to send a summary of today’s meeting,Send a summary of today’s meeting
Remind Alex to update the deployment plan,Update the deployment plan
Text Karan to bring the laptop tomorrow,Bring the laptop tomorrow
Ask Divya if they can finalize the budget report,Can you finalize the budget report?
Ask Alex to draft the new proposal,Draft the new proposal
Ping Meera and prepare the meeting notes,Prepare the meeting notes
Request Rahul to send the invoice to finance,Send the invoice to finance
Ping Sanjay and send me the project update,Send me the project update
Text Rohit to finalize the budget report,Finalize the budget report
Text Sanjay to check the bug fixes,Check the bug fixes
Send a message to Priya to send the invoice to finance,Send the invoice to finance
Message Priya to send the invoice to finance,Send the invoice to finance
Text Rina to prepare the meeting notes,Prepare the meeting notes
Request John to send me the project update,Send me the project update
Tell John to review the presentation slides,Review the presentation slides
Remind Riya to push the changes to GitHub,Push the changes to GitHub
Inform Riya to send me the project update,Send me the project update
Ask Priya if they can push the changes to GitHub,Can you push the changes to GitHub?
Ask Neha if they can submit the daily report,Can you submit the daily report?
Message Rohit to review the presentation slides,Review the presentation slides
Ask Rina if they can send the invoice to finance,Can you send the invoice to finance?
Ping Rina and draft the new proposal,Draft the new proposal
Send a message to Riya to share the onboarding document,Share the onboarding document
Message Sneha to share the onboarding document,Share the onboarding document
Ask Rohit if they can schedule the client meeting,Can you schedule the client meeting?
Tell Rina to send a summary of today’s meeting,Send a summary of today’s meeting
Request Neha to push the changes to GitHub,Push the changes to GitHub
Request Rahul to prepare the meeting notes,Prepare the meeting notes
Ping Rina and send a summary of today’s meeting,Send a summary of today’s meeting
Ask Riya to send the invoice to finance,Send the invoice to finance
Ping Divya and update the deployment plan,Update the deployment plan
Tell Sneha to bring the laptop tomorrow,Bring the laptop tomorrow
Tell John to review the presentation slides,Review the presentation slides
Ask Rahul if they can schedule the client meeting,Can you schedule the client meeting?
Send a message to Divya to finalize the budget report,Finalize the budget report
Send a message to Alex to schedule the client meeting,Schedule the client meeting
Inform Karan to send a summary of today’s meeting,Send a summary of today’s meeting
Inform Divya to plan the next sprint tasks,Plan the next sprint tasks
Message Sanjay to share the new code files,Share the new code files
Message Divya to send me the project update,Send me the project update
Tell Priya to update the deployment plan,Update the deployment plan
Tell John to send the invoice to finance,Send the invoice to finance
Message Sneha to bring the laptop tomorrow,Bring the laptop tomorrow
Message Divya to submit the daily report,Submit the daily report
Send a message to John to review the presentation slides,Review the presentation slides
Ask Sanjay if they can update the deployment plan,Can you update the deployment plan?
Ask Meera if they can plan the next sprint tasks,Can you plan the next sprint tasks?
Inform Rahul to share the onboarding document,Share the onboarding document
Message Priya to bring the laptop tomorrow,Bring the laptop tomorrow
Ask John to push the changes to GitHub,Push the changes to GitHub
Inform Ankit to confirm interview timings,Confirm interview timings
Ask Neha to update the deployment plan,Update the deployment plan
Remind Karan to update the deployment plan,Update the deployment plan
